solid OpenSCAD_Model
  facet normal -0.956939 -0.290288 0
    outer loop
      vertex 0.608963 4.93853 1
      vertex 0.599999 4.96808 12
      vertex 0.599999 4.96808 1
    endloop
  endfacet
  facet normal -0.956939 -0.290288 0
    outer loop
      vertex 0.599999 4.96808 12
      vertex 0.608963 4.93853 1
      vertex 0.608963 4.93853 12
    endloop
  endfacet
  facet normal -0.95694 -0.290284 0
    outer loop
      vertex 0.590317 5 1
      vertex 0.153717 6.43928 12
      vertex 0.153717 6.43928 1
    endloop
  endfacet
  facet normal -0.95694 -0.290284 0
    outer loop
      vertex 0.153717 6.43928 12
      vertex 0.590317 5 1
      vertex 0.590317 5 12
    endloop
  endfacet
  facet normal -0.290315 0.956931 0
    outer loop
      vertex 6.43928 96.8463 1
      vertex 4.93853 96.391 12
      vertex 6.43928 96.8463 12
    endloop
  endfacet
  facet normal -0.290315 0.956931 0
    outer loop
      vertex 4.93853 96.391 12
      vertex 6.43928 96.8463 1
      vertex 4.93853 96.391 1
    endloop
  endfacet
  facet normal -0.995185 -0.0980168 0
    outer loop
      vertex 0.153717 6.43928 1
      vertex 0 8 12
      vertex 0 8 1
    endloop
  endfacet
  facet normal -0.995185 -0.0980168 0
    outer loop
      vertex 0 8 12
      vertex 0.153717 6.43928 1
      vertex 0.153717 6.43928 12
    endloop
  endfacet
  facet normal 0 1 -0
    outer loop
      vertex 54 97 1
      vertex 8 97 12
      vertex 54 97 12
    endloop
  endfacet
  facet normal 0 1 0
    outer loop
      vertex 8 97 12
      vertex 54 97 1
      vertex 8 97 1
    endloop
  endfacet
  facet normal 1 -0 0
    outer loop
      vertex 66 8 12
      vertex 66 85 1
      vertex 66 85 12
    endloop
  endfacet
  facet normal 1 0 0
    outer loop
      vertex 66 85 1
      vertex 66 8 12
      vertex 66 8 1
    endloop
  endfacet
  facet normal -1 0 0
    outer loop
      vertex 0 8 1
      vertex 0 89 12
      vertex 0 89 1
    endloop
  endfacet
  facet normal -1 -0 0
    outer loop
      vertex 0 89 12
      vertex 0 8 1
      vertex 0 8 12
    endloop
  endfacet
  facet normal 0.997857 0.065428 0
    outer loop
      vertex 66 85 12
      vertex 65.8973 86.5663 1
      vertex 65.8973 86.5663 12
    endloop
  endfacet
  facet normal 0.997857 0.065428 0
    outer loop
      vertex 65.8973 86.5663 1
      vertex 66 85 12
      vertex 66 85 1
    endloop
  endfacet
  facet normal -0.881921 -0.471397 0
    outer loop
      vertex 1.34824 3.55544 1
      vertex 0.608963 4.93853 12
      vertex 0.608963 4.93853 1
    endloop
  endfacet
  facet normal -0.881921 -0.471397 0
    outer loop
      vertex 0.608963 4.93853 12
      vertex 1.34824 3.55544 1
      vertex 1.34824 3.55544 12
    endloop
  endfacet
  facet normal 0.946943 0.321402 0
    outer loop
      vertex 65.5911 88.1058 12
      vertex 65.0866 89.5922 1
      vertex 65.0866 89.5922 12
    endloop
  endfacet
  facet normal 0.946943 0.321402 0
    outer loop
      vertex 65.0866 89.5922 1
      vertex 65.5911 88.1058 12
      vertex 65.5911 88.1058 1
    endloop
  endfacet
  facet normal 0.442314 0.89686 -0
    outer loop
      vertex 60 95.3923 1
      vertex 58.5922 96.0866 12
      vertex 60 95.3923 12
    endloop
  endfacet
  facet normal 0.442314 0.89686 0
    outer loop
      vertex 58.5922 96.0866 12
      vertex 60 95.3923 1
      vertex 58.5922 96.0866 1
    endloop
  endfacet
  facet normal 0.980788 0.195075 0
    outer loop
      vertex 65.8973 86.5663 12
      vertex 65.5911 88.1058 1
      vertex 65.5911 88.1058 12
    endloop
  endfacet
  facet normal 0.980788 0.195075 0
    outer loop
      vertex 65.5911 88.1058 1
      vertex 65.8973 86.5663 12
      vertex 65.8973 86.5663 1
    endloop
  endfacet
  facet normal 0.0980187 -0.995185 0
    outer loop
      vertex 58 0 1
      vertex 59.5607 0.153718 12
      vertex 58 0 12
    endloop
  endfacet
  facet normal 0.0980187 -0.995185 0
    outer loop
      vertex 59.5607 0.153718 12
      vertex 58 0 1
      vertex 59.5607 0.153718 1
    endloop
  endfacet
  facet normal -0.471396 -0.881922 0
    outer loop
      vertex 3.55544 1.34824 1
      vertex 4.93853 0.608964 12
      vertex 3.55544 1.34824 12
    endloop
  endfacet
  facet normal -0.471396 -0.881922 -0
    outer loop
      vertex 4.93853 0.608964 12
      vertex 3.55544 1.34824 1
      vertex 4.93853 0.608964 1
    endloop
  endfacet
  facet normal 0.751874 0.659307 0
    outer loop
      vertex 63.5202 92.3051 12
      vertex 62.4853 93.4853 1
      vertex 62.4853 93.4853 12
    endloop
  endfacet
  facet normal 0.751874 0.659307 0
    outer loop
      vertex 62.4853 93.4853 1
      vertex 63.5202 92.3051 12
      vertex 63.5202 92.3051 1
    endloop
  endfacet
  facet normal -0.881923 0.471394 0
    outer loop
      vertex 0.608963 92.0615 1
      vertex 1.34824 93.4446 12
      vertex 1.34824 93.4446 1
    endloop
  endfacet
  facet normal -0.881923 0.471394 0
    outer loop
      vertex 1.34824 93.4446 12
      vertex 0.608963 92.0615 1
      vertex 0.608963 92.0615 12
    endloop
  endfacet
  facet normal 0.881942 -0.471359 0
    outer loop
      vertex 64.6518 3.55544 12
      vertex 65.391 4.93853 1
      vertex 65.391 4.93853 12
    endloop
  endfacet
  facet normal 0.881942 -0.471359 0
    outer loop
      vertex 65.391 4.93853 1
      vertex 64.6518 3.55544 12
      vertex 64.6518 3.55544 1
    endloop
  endfacet
  facet normal -0.773008 -0.634397 0
    outer loop
      vertex 2.34315 2.34315 1
      vertex 1.34824 3.55544 12
      vertex 1.34824 3.55544 1
    endloop
  endfacet
  facet normal -0.773008 -0.634397 0
    outer loop
      vertex 1.34824 3.55544 12
      vertex 2.34315 2.34315 1
      vertex 2.34315 2.34315 12
    endloop
  endfacet
  facet normal 0.195075 0.980788 -0
    outer loop
      vertex 57.1058 96.5911 1
      vertex 55.5663 96.8973 12
      vertex 57.1058 96.5911 12
    endloop
  endfacet
  facet normal 0.195075 0.980788 0
    outer loop
      vertex 55.5663 96.8973 12
      vertex 57.1058 96.5911 1
      vertex 55.5663 96.8973 1
    endloop
  endfacet
  facet normal -0.471359 0.881942 0
    outer loop
      vertex 4.93853 96.391 1
      vertex 3.55544 95.6518 12
      vertex 4.93853 96.391 12
    endloop
  endfacet
  facet normal -0.471359 0.881942 0
    outer loop
      vertex 3.55544 95.6518 12
      vertex 4.93853 96.391 1
      vertex 3.55544 95.6518 1
    endloop
  endfacet
  facet normal 0.995186 -0.0980061 0
    outer loop
      vertex 65.8463 6.43928 12
      vertex 66 8 1
      vertex 66 8 12
    endloop
  endfacet
  facet normal 0.995186 -0.0980061 0
    outer loop
      vertex 66 8 1
      vertex 65.8463 6.43928 12
      vertex 65.8463 6.43928 1
    endloop
  endfacet
  facet normal 0 -1 0
    outer loop
      vertex 10 0 1
      vertex 56 0 12
      vertex 10 0 12
    endloop
  endfacet
  facet normal 0 -1 -0
    outer loop
      vertex 56 0 12
      vertex 10 0 1
      vertex 56 0 1
    endloop
  endfacet
  facet normal -0.0980061 0.995186 0
    outer loop
      vertex 8 97 1
      vertex 6.43928 96.8463 12
      vertex 8 97 12
    endloop
  endfacet
  facet normal -0.0980061 0.995186 0
    outer loop
      vertex 6.43928 96.8463 12
      vertex 8 97 1
      vertex 6.43928 96.8463 1
    endloop
  endfacet
  facet normal 0.634394 -0.77301 0
    outer loop
      vertex 62.4446 1.34824 1
      vertex 63.6569 2.34315 12
      vertex 62.4446 1.34824 12
    endloop
  endfacet
  facet normal 0.634394 -0.77301 0
    outer loop
      vertex 63.6569 2.34315 12
      vertex 62.4446 1.34824 1
      vertex 63.6569 2.34315 1
    endloop
  endfacet
  facet normal -0.634397 -0.773008 0
    outer loop
      vertex 2.34315 2.34315 1
      vertex 3.55544 1.34824 12
      vertex 2.34315 2.34315 12
    endloop
  endfacet
  facet normal -0.634397 -0.773008 -0
    outer loop
      vertex 3.55544 1.34824 12
      vertex 2.34315 2.34315 1
      vertex 3.55544 1.34824 1
    endloop
  endfacet
  facet normal -0.995185 0.0980181 0
    outer loop
      vertex 0 89 1
      vertex 0.153717 90.5607 12
      vertex 0.153717 90.5607 1
    endloop
  endfacet
  facet normal -0.995185 0.0980181 0
    outer loop
      vertex 0.153717 90.5607 12
      vertex 0 89 1
      vertex 0 89 12
    endloop
  endfacet
  facet normal -0.290284 -0.956941 0
    outer loop
      vertex 4.93853 0.608964 1
      vertex 6.43928 0.153718 12
      vertex 4.93853 0.608964 12
    endloop
  endfacet
  facet normal -0.290284 -0.956941 -0
    outer loop
      vertex 6.43928 0.153718 12
      vertex 4.93853 0.608964 1
      vertex 6.43928 0.153718 1
    endloop
  endfacet
  facet normal 0.321402 0.946943 -0
    outer loop
      vertex 58.5922 96.0866 1
      vertex 57.1058 96.5911 12
      vertex 58.5922 96.0866 12
    endloop
  endfacet
  facet normal 0.321402 0.946943 0
    outer loop
      vertex 57.1058 96.5911 12
      vertex 58.5922 96.0866 1
      vertex 57.1058 96.5911 1
    endloop
  endfacet
  facet normal -0.77301 0.634394 0
    outer loop
      vertex 1.34824 93.4446 1
      vertex 2.34315 94.6569 12
      vertex 2.34315 94.6569 1
    endloop
  endfacet
  facet normal -0.77301 0.634394 0
    outer loop
      vertex 2.34315 94.6569 12
      vertex 1.34824 93.4446 1
      vertex 1.34824 93.4446 12
    endloop
  endfacet
  facet normal 0.831452 0.555597 0
    outer loop
      vertex 64.3923 91 12
      vertex 63.5202 92.3051 1
      vertex 63.5202 92.3051 12
    endloop
  endfacet
  facet normal 0.831452 0.555597 0
    outer loop
      vertex 63.5202 92.3051 1
      vertex 64.3923 91 12
      vertex 64.3923 91 1
    endloop
  endfacet
  facet normal 0.065428 0.997857 -0
    outer loop
      vertex 55.5663 96.8973 1
      vertex 54 97 12
      vertex 55.5663 96.8973 12
    endloop
  endfacet
  facet normal 0.065428 0.997857 0
    outer loop
      vertex 54 97 12
      vertex 55.5663 96.8973 1
      vertex 54 97 1
    endloop
  endfacet
  facet normal 0.956615 -0.291355 0
    outer loop
      vertex 65.391 4.93853 12
      vertex 65.4 4.96808 1
      vertex 65.4 4.96808 12
    endloop
  endfacet
  facet normal 0.956615 -0.291355 0
    outer loop
      vertex 65.4 4.96808 1
      vertex 65.391 4.93853 12
      vertex 65.391 4.93853 1
    endloop
  endfacet
  facet normal 0.95694 -0.290284 0
    outer loop
      vertex 65.4097 5 12
      vertex 65.8463 6.43928 1
      vertex 65.8463 6.43928 12
    endloop
  endfacet
  facet normal 0.95694 -0.290284 0
    outer loop
      vertex 65.8463 6.43928 1
      vertex 65.4097 5 12
      vertex 65.4097 5 1
    endloop
  endfacet
  facet normal -0.0980175 -0.995185 0
    outer loop
      vertex 6.43928 0.153718 1
      vertex 8 0 12
      vertex 6.43928 0.153718 12
    endloop
  endfacet
  facet normal -0.0980175 -0.995185 -0
    outer loop
      vertex 8 0 12
      vertex 6.43928 0.153718 1
      vertex 8 0 1
    endloop
  endfacet
  facet normal 0.555597 0.831452 -0
    outer loop
      vertex 61.3051 94.5202 1
      vertex 60 95.3923 12
      vertex 61.3051 94.5202 12
    endloop
  endfacet
  facet normal 0.555597 0.831452 0
    outer loop
      vertex 60 95.3923 12
      vertex 61.3051 94.5202 1
      vertex 60 95.3923 1
    endloop
  endfacet
  facet normal 0.471394 -0.881923 0
    outer loop
      vertex 61.0615 0.608964 1
      vertex 62.4446 1.34824 12
      vertex 61.0615 0.608964 12
    endloop
  endfacet
  facet normal 0.471394 -0.881923 0
    outer loop
      vertex 62.4446 1.34824 12
      vertex 61.0615 0.608964 1
      vertex 62.4446 1.34824 1
    endloop
  endfacet
  facet normal 0.89686 0.442314 0
    outer loop
      vertex 65.0866 89.5922 12
      vertex 64.3923 91 1
      vertex 64.3923 91 12
    endloop
  endfacet
  facet normal 0.89686 0.442314 0
    outer loop
      vertex 64.3923 91 1
      vertex 65.0866 89.5922 12
      vertex 65.0866 89.5922 1
    endloop
  endfacet
  facet normal 0.290275 -0.956943 0
    outer loop
      vertex 59.5607 0.153718 1
      vertex 61.0615 0.608964 12
      vertex 59.5607 0.153718 12
    endloop
  endfacet
  facet normal 0.290275 -0.956943 0
    outer loop
      vertex 61.0615 0.608964 12
      vertex 59.5607 0.153718 1
      vertex 61.0615 0.608964 1
    endloop
  endfacet
  facet normal -0.956943 0.290275 0
    outer loop
      vertex 0.153717 90.5607 1
      vertex 0.608963 92.0615 12
      vertex 0.608963 92.0615 1
    endloop
  endfacet
  facet normal -0.956943 0.290275 0
    outer loop
      vertex 0.608963 92.0615 12
      vertex 0.153717 90.5607 1
      vertex 0.153717 90.5607 12
    endloop
  endfacet
  facet normal 0 0 1
    outer loop
      vertex 0.608963 4.93853 12
      vertex 0.599999 5 12
      vertex 0.599999 4.96808 12
    endloop
  endfacet
  facet normal 0 0 1
    outer loop
      vertex 58 2.3 12
      vertex 56 0.6 12
      vertex 58 0.6 12
    endloop
  endfacet
  facet normal 0 0 1
    outer loop
      vertex 56 0.6 12
      vertex 10 0.6 12
      vertex 56 0 12
    endloop
  endfacet
  facet normal 0 0 1
    outer loop
      vertex 58 2.3 12
      vertex 10 0.6 12
      vertex 56 0.6 12
    endloop
  endfacet
  facet normal -0 0 1
    outer loop
      vertex 8 2.3 12
      vertex 10 0.6 12
      vertex 58 2.3 12
    endloop
  endfacet
  facet normal 0 0 1
    outer loop
      vertex 8 2.3 12
      vertex 8 0.6 12
      vertex 10 0.6 12
    endloop
  endfacet
  facet normal 0 0 1
    outer loop
      vertex 6.88798 2.40952 12
      vertex 8 0.6 12
      vertex 8 2.3 12
    endloop
  endfacet
  facet normal 0 0 1
    outer loop
      vertex 6.43928 0.153718 12
      vertex 8 0.6 12
      vertex 6.88798 2.40952 12
    endloop
  endfacet
  facet normal 0 0 1
    outer loop
      vertex 8 0.6 12
      vertex 6.43928 0.153718 12
      vertex 8 0 12
    endloop
  endfacet
  facet normal 0 0 1
    outer loop
      vertex 5.8187 2.73389 12
      vertex 6.43928 0.153718 12
      vertex 6.88798 2.40952 12
    endloop
  endfacet
  facet normal 0 0 1
    outer loop
      vertex 5.8187 2.73389 12
      vertex 4.93853 0.608964 12
      vertex 6.43928 0.153718 12
    endloop
  endfacet
  facet normal 0 0 1
    outer loop
      vertex 4.83325 3.26062 12
      vertex 4.93853 0.608964 12
      vertex 5.8187 2.73389 12
    endloop
  endfacet
  facet normal 0 0 1
    outer loop
      vertex 3.55544 1.34824 12
      vertex 4.83325 3.26062 12
      vertex 3.96949 3.96949 12
    endloop
  endfacet
  facet normal 0 0 1
    outer loop
      vertex 4.83325 3.26062 12
      vertex 3.55544 1.34824 12
      vertex 4.93853 0.608964 12
    endloop
  endfacet
  facet normal 0 0 1
    outer loop
      vertex 2.34315 2.34315 12
      vertex 3.96949 3.96949 12
      vertex 3.26062 4.83325 12
    endloop
  endfacet
  facet normal 0 0 1
    outer loop
      vertex 1.34824 3.55544 12
      vertex 3.26062 4.83325 12
      vertex 2.73389 5.8187 12
    endloop
  endfacet
  facet normal 0 0 1
    outer loop
      vertex 0.599999 5 12
      vertex 2.73389 5.8187 12
      vertex 2.40952 6.88799 12
    endloop
  endfacet
  facet normal 0 0 1
    outer loop
      vertex 3.96949 3.96949 12
      vertex 2.34315 2.34315 12
      vertex 3.55544 1.34824 12
    endloop
  endfacet
  facet normal 0 0 1
    outer loop
      vertex 0.153717 6.43928 12
      vertex 2.40952 6.88799 12
      vertex 2.3 8 12
    endloop
  endfacet
  facet normal 0 0 1
    outer loop
      vertex 2.3 89 12
      vertex 0 89 12
      vertex 2.3 8 12
    endloop
  endfacet
  facet normal 0 0 1
    outer loop
      vertex 0 8 12
      vertex 2.3 8 12
      vertex 0 89 12
    endloop
  endfacet
  facet normal 0 0 1
    outer loop
      vertex 0 89 12
      vertex 1.34824 93.4446 12
      vertex 0.608963 92.0615 12
    endloop
  endfacet
  facet normal 0 -0 1
    outer loop
      vertex 0.153717 6.43928 12
      vertex 2.3 8 12
      vertex 0 8 12
    endloop
  endfacet
  facet normal 0 0 1
    outer loop
      vertex 2.73389 5.8187 12
      vertex 0.608963 4.93853 12
      vertex 1.34824 3.55544 12
    endloop
  endfacet
  facet normal 0 0 1
    outer loop
      vertex 2.73389 5.8187 12
      vertex 0.599999 5 12
      vertex 0.608963 4.93853 12
    endloop
  endfacet
  facet normal 0 0 1
    outer loop
      vertex 0 89 12
      vertex 0.608963 92.0615 12
      vertex 0.153717 90.5607 12
    endloop
  endfacet
  facet normal 0 0 1
    outer loop
      vertex 3.26062 4.83325 12
      vertex 1.34824 3.55544 12
      vertex 2.34315 2.34315 12
    endloop
  endfacet
  facet normal 0 0 1
    outer loop
      vertex 2.40952 6.88799 12
      vertex 0.153717 6.43928 12
      vertex 0.599999 5 12
    endloop
  endfacet
  facet normal 0 0 1
    outer loop
      vertex 0.599999 5 12
      vertex 0.153717 6.43928 12
      vertex 0.590317 5 12
    endloop
  endfacet
  facet normal 0 0 1
    outer loop
      vertex 65.8973 86.5663 12
      vertex 63.617 86.2661 12
      vertex 63.7 85 12
    endloop
  endfacet
  facet normal 0 0 1
    outer loop
      vertex 62.4004 89.85 12
      vertex 64.3923 91 12
      vertex 63.5202 92.3051 12
    endloop
  endfacet
  facet normal 0 0 1
    outer loop
      vertex 65.0866 89.5922 12
      vertex 63.3695 87.5105 12
      vertex 63.617 86.2661 12
    endloop
  endfacet
  facet normal 0 0 1
    outer loop
      vertex 65.0866 89.5922 12
      vertex 62.9616 88.712 12
      vertex 63.3695 87.5105 12
    endloop
  endfacet
  facet normal 0 0 1
    outer loop
      vertex 61.6955 90.905 12
      vertex 63.5202 92.3051 12
      vertex 62.4853 93.4853 12
    endloop
  endfacet
  facet normal 0 0 1
    outer loop
      vertex 64.3923 91 12
      vertex 62.4004 89.85 12
      vertex 62.9616 88.712 12
    endloop
  endfacet
  facet normal 0 0 1
    outer loop
      vertex 63.5202 92.3051 12
      vertex 61.6955 90.905 12
      vertex 62.4004 89.85 12
    endloop
  endfacet
  facet normal 0 0 1
    outer loop
      vertex 60.8589 91.8589 12
      vertex 62.4853 93.4853 12
      vertex 61.3051 94.5202 12
    endloop
  endfacet
  facet normal 0 0 1
    outer loop
      vertex 62.4853 93.4853 12
      vertex 60.8589 91.8589 12
      vertex 61.6955 90.905 12
    endloop
  endfacet
  facet normal 0 0 1
    outer loop
      vertex 59.905 92.6955 12
      vertex 61.3051 94.5202 12
      vertex 60 95.3923 12
    endloop
  endfacet
  facet normal 0 0 1
    outer loop
      vertex 61.3051 94.5202 12
      vertex 59.905 92.6955 12
      vertex 60.8589 91.8589 12
    endloop
  endfacet
  facet normal 0 0 1
    outer loop
      vertex 60 95.3923 12
      vertex 58.85 93.4004 12
      vertex 59.905 92.6955 12
    endloop
  endfacet
  facet normal 0 0 1
    outer loop
      vertex 58.5922 96.0866 12
      vertex 58.85 93.4004 12
      vertex 60 95.3923 12
    endloop
  endfacet
  facet normal 0 0 1
    outer loop
      vertex 58.5922 96.0866 12
      vertex 57.712 93.9616 12
      vertex 58.85 93.4004 12
    endloop
  endfacet
  facet normal 0 0 1
    outer loop
      vertex 57.1058 96.5911 12
      vertex 57.712 93.9616 12
      vertex 58.5922 96.0866 12
    endloop
  endfacet
  facet normal 0 0 1
    outer loop
      vertex 57.1058 96.5911 12
      vertex 56.5105 94.3695 12
      vertex 57.712 93.9616 12
    endloop
  endfacet
  facet normal 0 0 1
    outer loop
      vertex 55.5663 96.8973 12
      vertex 56.5105 94.3695 12
      vertex 57.1058 96.5911 12
    endloop
  endfacet
  facet normal 0 0 1
    outer loop
      vertex 55.5663 96.8973 12
      vertex 55.2661 94.617 12
      vertex 56.5105 94.3695 12
    endloop
  endfacet
  facet normal 0 0 1
    outer loop
      vertex 54 97 12
      vertex 55.2661 94.617 12
      vertex 55.5663 96.8973 12
    endloop
  endfacet
  facet normal 0 0 1
    outer loop
      vertex 54 97 12
      vertex 54 94.7 12
      vertex 55.2661 94.617 12
    endloop
  endfacet
  facet normal -0 0 1
    outer loop
      vertex 8 97 12
      vertex 54 94.7 12
      vertex 54 97 12
    endloop
  endfacet
  facet normal 0 0 1
    outer loop
      vertex 8 97 12
      vertex 8 94.7 12
      vertex 54 94.7 12
    endloop
  endfacet
  facet normal 0 0 1
    outer loop
      vertex 8 97 12
      vertex 6.88798 94.5905 12
      vertex 8 94.7 12
    endloop
  endfacet
  facet normal -0 0 1
    outer loop
      vertex 6.43928 96.8463 12
      vertex 6.88798 94.5905 12
      vertex 8 97 12
    endloop
  endfacet
  facet normal 0 0 1
    outer loop
      vertex 6.43928 96.8463 12
      vertex 5.8187 94.2661 12
      vertex 6.88798 94.5905 12
    endloop
  endfacet
  facet normal -0 0 1
    outer loop
      vertex 4.93853 96.391 12
      vertex 5.8187 94.2661 12
      vertex 6.43928 96.8463 12
    endloop
  endfacet
  facet normal 0 0 1
    outer loop
      vertex 4.93853 96.391 12
      vertex 4.83325 93.7394 12
      vertex 5.8187 94.2661 12
    endloop
  endfacet
  facet normal -0 0 1
    outer loop
      vertex 3.55544 95.6518 12
      vertex 4.83325 93.7394 12
      vertex 4.93853 96.391 12
    endloop
  endfacet
  facet normal 0 0 1
    outer loop
      vertex 4.83325 93.7394 12
      vertex 3.55544 95.6518 12
      vertex 3.96949 93.0305 12
    endloop
  endfacet
  facet normal -0 0 1
    outer loop
      vertex 2.34315 94.6569 12
      vertex 3.96949 93.0305 12
      vertex 3.55544 95.6518 12
    endloop
  endfacet
  facet normal 0 0 1
    outer loop
      vertex 3.96949 93.0305 12
      vertex 2.34315 94.6569 12
      vertex 3.26062 92.1667 12
    endloop
  endfacet
  facet normal -0 0 1
    outer loop
      vertex 1.34824 93.4446 12
      vertex 3.26062 92.1667 12
      vertex 2.34315 94.6569 12
    endloop
  endfacet
  facet normal 0 0 1
    outer loop
      vertex 3.26062 92.1667 12
      vertex 1.34824 93.4446 12
      vertex 2.73389 91.1813 12
    endloop
  endfacet
  facet normal 0 0 1
    outer loop
      vertex 2.73389 91.1813 12
      vertex 1.34824 93.4446 12
      vertex 2.40952 90.112 12
    endloop
  endfacet
  facet normal 0 0 1
    outer loop
      vertex 2.40952 90.112 12
      vertex 0 89 12
      vertex 2.3 89 12
    endloop
  endfacet
  facet normal 0 0 1
    outer loop
      vertex 0 89 12
      vertex 2.40952 90.112 12
      vertex 1.34824 93.4446 12
    endloop
  endfacet
  facet normal 0 0 1
    outer loop
      vertex 63.7 85 12
      vertex 66 85 12
      vertex 65.8973 86.5663 12
    endloop
  endfacet
  facet normal 0 0 1
    outer loop
      vertex 66 85 12
      vertex 63.7 85 12
      vertex 66 8 12
    endloop
  endfacet
  facet normal 0 0 1
    outer loop
      vertex 63.617 86.2661 12
      vertex 65.8973 86.5663 12
      vertex 65.5911 88.1058 12
    endloop
  endfacet
  facet normal 0 0 1
    outer loop
      vertex 63.7 8 12
      vertex 66 8 12
      vertex 63.7 85 12
    endloop
  endfacet
  facet normal -0 0 1
    outer loop
      vertex 63.5905 6.88799 12
      vertex 65.8463 6.43928 12
      vertex 63.7 8 12
    endloop
  endfacet
  facet normal 0 0 1
    outer loop
      vertex 65.4 5 12
      vertex 65.391 4.93853 12
      vertex 65.4 4.96808 12
    endloop
  endfacet
  facet normal 0 -0 1
    outer loop
      vertex 65.4 5 12
      vertex 65.8463 6.43928 12
      vertex 63.5905 6.88799 12
    endloop
  endfacet
  facet normal 0 0 1
    outer loop
      vertex 63.617 86.2661 12
      vertex 65.5911 88.1058 12
      vertex 65.0866 89.5922 12
    endloop
  endfacet
  facet normal 0 0 1
    outer loop
      vertex 66 8 12
      vertex 63.7 8 12
      vertex 65.8463 6.43928 12
    endloop
  endfacet
  facet normal 0 0 1
    outer loop
      vertex 62.9616 88.712 12
      vertex 65.0866 89.5922 12
      vertex 64.3923 91 12
    endloop
  endfacet
  facet normal 0 0 1
    outer loop
      vertex 65.8463 6.43928 12
      vertex 65.4 5 12
      vertex 65.4097 5 12
    endloop
  endfacet
  facet normal -0 0 1
    outer loop
      vertex 63.2661 5.8187 12
      vertex 65.4 5 12
      vertex 63.5905 6.88799 12
    endloop
  endfacet
  facet normal 0 0 1
    outer loop
      vertex 65.4 5 12
      vertex 63.2661 5.8187 12
      vertex 65.391 4.93853 12
    endloop
  endfacet
  facet normal 0 0 1
    outer loop
      vertex 65.391 4.93853 12
      vertex 63.2661 5.8187 12
      vertex 64.6518 3.55544 12
    endloop
  endfacet
  facet normal -0 0 1
    outer loop
      vertex 62.7394 4.83325 12
      vertex 64.6518 3.55544 12
      vertex 63.2661 5.8187 12
    endloop
  endfacet
  facet normal 0 0 1
    outer loop
      vertex 64.6518 3.55544 12
      vertex 62.7394 4.83325 12
      vertex 63.6569 2.34315 12
    endloop
  endfacet
  facet normal -0 0 1
    outer loop
      vertex 62.0305 3.96949 12
      vertex 63.6569 2.34315 12
      vertex 62.7394 4.83325 12
    endloop
  endfacet
  facet normal 0 0 1
    outer loop
      vertex 63.6569 2.34315 12
      vertex 62.0305 3.96949 12
      vertex 62.4446 1.34824 12
    endloop
  endfacet
  facet normal -0 0 1
    outer loop
      vertex 61.1667 3.26062 12
      vertex 62.4446 1.34824 12
      vertex 62.0305 3.96949 12
    endloop
  endfacet
  facet normal 0 0 1
    outer loop
      vertex 61.1667 3.26062 12
      vertex 61.0615 0.608964 12
      vertex 62.4446 1.34824 12
    endloop
  endfacet
  facet normal -0 0 1
    outer loop
      vertex 60.1813 2.73389 12
      vertex 61.0615 0.608964 12
      vertex 61.1667 3.26062 12
    endloop
  endfacet
  facet normal 0 0 1
    outer loop
      vertex 60.1813 2.73389 12
      vertex 59.5607 0.153718 12
      vertex 61.0615 0.608964 12
    endloop
  endfacet
  facet normal -0 0 1
    outer loop
      vertex 59.112 2.40952 12
      vertex 59.5607 0.153718 12
      vertex 60.1813 2.73389 12
    endloop
  endfacet
  facet normal 0 0 1
    outer loop
      vertex 58 0.6 12
      vertex 59.112 2.40952 12
      vertex 58 2.3 12
    endloop
  endfacet
  facet normal 0 0 1
    outer loop
      vertex 59.112 2.40952 12
      vertex 58 0.6 12
      vertex 59.5607 0.153718 12
    endloop
  endfacet
  facet normal 0 0 1
    outer loop
      vertex 59.5607 0.153718 12
      vertex 58 0.6 12
      vertex 58 0 12
    endloop
  endfacet
  facet normal 0 0 1
    outer loop
      vertex 56 0 12
      vertex 10 0.6 12
      vertex 10 0 12
    endloop
  endfacet
  facet normal -0.634393 0.773011 0
    outer loop
      vertex 3.55544 95.6518 1
      vertex 2.34315 94.6569 12
      vertex 3.55544 95.6518 12
    endloop
  endfacet
  facet normal -0.634393 0.773011 0
    outer loop
      vertex 2.34315 94.6569 12
      vertex 3.55544 95.6518 1
      vertex 2.34315 94.6569 1
    endloop
  endfacet
  facet normal 0.773011 -0.634393 0
    outer loop
      vertex 63.6569 2.34315 12
      vertex 64.6518 3.55544 1
      vertex 64.6518 3.55544 12
    endloop
  endfacet
  facet normal 0.773011 -0.634393 0
    outer loop
      vertex 64.6518 3.55544 1
      vertex 63.6569 2.34315 12
      vertex 63.6569 2.34315 1
    endloop
  endfacet
  facet normal 0 0 -1
    outer loop
      vertex 8 0 1
      vertex 6.63437 0.153719 1
      vertex 8 0.0192156 1
    endloop
  endfacet
  facet normal 0 0 -1
    outer loop
      vertex 6.43928 0.153718 1
      vertex 6.63437 0.153719 1
      vertex 8 0 1
    endloop
  endfacet
  facet normal 0 0 -1
    outer loop
      vertex 6.43928 0.153718 1
      vertex 6.25904 0.228376 1
      vertex 6.63437 0.153719 1
    endloop
  endfacet
  facet normal 0 0 -1
    outer loop
      vertex 4.93853 0.608964 1
      vertex 6.25904 0.228376 1
      vertex 6.43928 0.153718 1
    endloop
  endfacet
  facet normal 0 0 -1
    outer loop
      vertex 6.25904 0.228376 1
      vertex 4.93853 0.608964 1
      vertex 4.94589 0.626717 1
    endloop
  endfacet
  facet normal 0 0 -1
    outer loop
      vertex 4.93853 0.608964 1
      vertex 3.73568 1.27359 1
      vertex 4.94589 0.626717 1
    endloop
  endfacet
  facet normal 0 0 -1
    outer loop
      vertex 3.55544 1.34824 1
      vertex 3.73568 1.27359 1
      vertex 4.93853 0.608964 1
    endloop
  endfacet
  facet normal 0 0 -1
    outer loop
      vertex 3.55544 1.34824 1
      vertex 3.41749 1.48619 1
      vertex 3.73568 1.27359 1
    endloop
  endfacet
  facet normal 0 0 -1
    outer loop
      vertex 2.34315 2.34315 1
      vertex 3.41749 1.48619 1
      vertex 3.55544 1.34824 1
    endloop
  endfacet
  facet normal 0 0 -1
    outer loop
      vertex 3.41749 1.48619 1
      vertex 2.34315 2.34315 1
      vertex 2.35673 2.35673 1
    endloop
  endfacet
  facet normal 0 0 -1
    outer loop
      vertex 2.34315 2.34315 1
      vertex 1.48619 3.41749 1
      vertex 2.35673 2.35673 1
    endloop
  endfacet
  facet normal 0 0 -1
    outer loop
      vertex 1.34824 3.55544 1
      vertex 1.48619 3.41749 1
      vertex 2.34315 2.34315 1
    endloop
  endfacet
  facet normal 0 0 -1
    outer loop
      vertex 1.34824 3.55544 1
      vertex 1.27359 3.73568 1
      vertex 1.48619 3.41749 1
    endloop
  endfacet
  facet normal 0 0 -1
    outer loop
      vertex 0.608963 4.93853 1
      vertex 1.27359 3.73568 1
      vertex 1.34824 3.55544 1
    endloop
  endfacet
  facet normal 0 0 -1
    outer loop
      vertex 1.27359 3.73568 1
      vertex 0.608963 4.93853 1
      vertex 0.626716 4.94589 1
    endloop
  endfacet
  facet normal 0 0 -1
    outer loop
      vertex 0.599999 4.96808 1
      vertex 0.626716 4.94589 1
      vertex 0.608963 4.93853 1
    endloop
  endfacet
  facet normal 0 0 -1
    outer loop
      vertex 0.599999 5 1
      vertex 0.626716 4.94589 1
      vertex 0.599999 4.96808 1
    endloop
  endfacet
  facet normal 0 0 -1
    outer loop
      vertex 0.599999 5 1
      vertex 0.228375 6.25904 1
      vertex 0.626716 4.94589 1
    endloop
  endfacet
  facet normal 0 0 -1
    outer loop
      vertex 0.590317 5 1
      vertex 0.228375 6.25904 1
      vertex 0.599999 5 1
    endloop
  endfacet
  facet normal 0 0 -1
    outer loop
      vertex 0.153717 6.43928 1
      vertex 0.228375 6.25904 1
      vertex 0.590317 5 1
    endloop
  endfacet
  facet normal 0 0 -1
    outer loop
      vertex 0.153717 6.43928 1
      vertex 0.153718 6.63437 1
      vertex 0.228375 6.25904 1
    endloop
  endfacet
  facet normal 0 0 -1
    outer loop
      vertex 0 8 1
      vertex 0.153718 6.63437 1
      vertex 0.153717 6.43928 1
    endloop
  endfacet
  facet normal 0 0 -1
    outer loop
      vertex 0.0192156 8 1
      vertex 0 8 1
      vertex 0.0192156 89 1
    endloop
  endfacet
  facet normal 0 0 -1
    outer loop
      vertex 0.153718 6.63437 1
      vertex 0 8 1
      vertex 0.0192156 8 1
    endloop
  endfacet
  facet normal 0 0 -1
    outer loop
      vertex 65.3733 4.94589 1
      vertex 65.4 4.96808 1
      vertex 65.391 4.93853 1
    endloop
  endfacet
  facet normal 0 0 -1
    outer loop
      vertex 66 8 1
      vertex 65.9808 8 1
      vertex 66 85 1
    endloop
  endfacet
  facet normal 0 0 -1
    outer loop
      vertex 65.8463 6.63437 1
      vertex 66 8 1
      vertex 65.8463 6.43928 1
    endloop
  endfacet
  facet normal -0 0 -1
    outer loop
      vertex 66 8 1
      vertex 65.8463 6.63437 1
      vertex 65.9808 8 1
    endloop
  endfacet
  facet normal -0 0 -1
    outer loop
      vertex 65.8463 6.43928 1
      vertex 65.7716 6.25904 1
      vertex 65.8463 6.63437 1
    endloop
  endfacet
  facet normal 0 0 -1
    outer loop
      vertex 65.4097 5 1
      vertex 65.7716 6.25904 1
      vertex 65.8463 6.43928 1
    endloop
  endfacet
  facet normal 0 0 -1
    outer loop
      vertex 65.4 5 1
      vertex 65.7716 6.25904 1
      vertex 65.4097 5 1
    endloop
  endfacet
  facet normal -0 0 -1
    outer loop
      vertex 65.4 5 1
      vertex 65.3733 4.94589 1
      vertex 65.7716 6.25904 1
    endloop
  endfacet
  facet normal -0 0 -1
    outer loop
      vertex 65.4 4.96808 1
      vertex 65.3733 4.94589 1
      vertex 65.4 5 1
    endloop
  endfacet
  facet normal -0 0 -1
    outer loop
      vertex 65.391 4.93853 1
      vertex 64.7264 3.73568 1
      vertex 65.3733 4.94589 1
    endloop
  endfacet
  facet normal 0 0 -1
    outer loop
      vertex 64.6518 3.55544 1
      vertex 64.7264 3.73568 1
      vertex 65.391 4.93853 1
    endloop
  endfacet
  facet normal -0 0 -1
    outer loop
      vertex 64.6518 3.55544 1
      vertex 64.5138 3.41749 1
      vertex 64.7264 3.73568 1
    endloop
  endfacet
  facet normal 0 0 -1
    outer loop
      vertex 63.6569 2.34315 1
      vertex 64.5138 3.41749 1
      vertex 64.6518 3.55544 1
    endloop
  endfacet
  facet normal 0 0 -1
    outer loop
      vertex 63.6569 2.34315 1
      vertex 63.6433 2.35673 1
      vertex 64.5138 3.41749 1
    endloop
  endfacet
  facet normal -0 0 -1
    outer loop
      vertex 63.6569 2.34315 1
      vertex 62.5825 1.48619 1
      vertex 63.6433 2.35673 1
    endloop
  endfacet
  facet normal 0 0 -1
    outer loop
      vertex 62.4446 1.34824 1
      vertex 62.5825 1.48619 1
      vertex 63.6569 2.34315 1
    endloop
  endfacet
  facet normal -0 0 -1
    outer loop
      vertex 62.4446 1.34824 1
      vertex 62.2643 1.27359 1
      vertex 62.5825 1.48619 1
    endloop
  endfacet
  facet normal 0 0 -1
    outer loop
      vertex 61.0615 0.608964 1
      vertex 62.2643 1.27359 1
      vertex 62.4446 1.34824 1
    endloop
  endfacet
  facet normal 0 0 -1
    outer loop
      vertex 61.0615 0.608964 1
      vertex 61.0541 0.626717 1
      vertex 62.2643 1.27359 1
    endloop
  endfacet
  facet normal -0 0 -1
    outer loop
      vertex 61.0615 0.608964 1
      vertex 59.741 0.228376 1
      vertex 61.0541 0.626717 1
    endloop
  endfacet
  facet normal 0 0 -1
    outer loop
      vertex 59.5607 0.153718 1
      vertex 59.741 0.228376 1
      vertex 61.0615 0.608964 1
    endloop
  endfacet
  facet normal 0 0 -1
    outer loop
      vertex 59.5607 0.153718 1
      vertex 59.3656 0.153719 1
      vertex 59.741 0.228376 1
    endloop
  endfacet
  facet normal 0 0 -1
    outer loop
      vertex 58 0 1
      vertex 59.3656 0.153719 1
      vertex 59.5607 0.153718 1
    endloop
  endfacet
  facet normal 0 0 -1
    outer loop
      vertex 59.3656 0.153719 1
      vertex 58 0 1
      vertex 58 0.0192156 1
    endloop
  endfacet
  facet normal 0 0 -1
    outer loop
      vertex 65.9808 85 1
      vertex 66 85 1
      vertex 65.9808 8 1
    endloop
  endfacet
  facet normal 0 0 -1
    outer loop
      vertex 65.8867 86.4358 1
      vertex 66 85 1
      vertex 65.9808 85 1
    endloop
  endfacet
  facet normal 0 0 -1
    outer loop
      vertex 66 85 1
      vertex 65.8867 86.4358 1
      vertex 65.8973 86.5663 1
    endloop
  endfacet
  facet normal 0 0 -1
    outer loop
      vertex 65.812 86.8111 1
      vertex 65.8973 86.5663 1
      vertex 65.8867 86.4358 1
    endloop
  endfacet
  facet normal 0 0 -1
    outer loop
      vertex 65.812 86.8111 1
      vertex 65.5911 88.1058 1
      vertex 65.8973 86.5663 1
    endloop
  endfacet
  facet normal 0 0 -1
    outer loop
      vertex 65.5313 88.2223 1
      vertex 65.5911 88.1058 1
      vertex 65.812 86.8111 1
    endloop
  endfacet
  facet normal 0 0 -1
    outer loop
      vertex 65.5313 88.2223 1
      vertex 65.0866 89.5922 1
      vertex 65.5911 88.1058 1
    endloop
  endfacet
  facet normal 0 0 -1
    outer loop
      vertex 65.0688 89.5848 1
      vertex 65.0866 89.5922 1
      vertex 65.5313 88.2223 1
    endloop
  endfacet
  facet normal 0 0 -1
    outer loop
      vertex 64.4324 90.8753 1
      vertex 65.0866 89.5922 1
      vertex 65.0688 89.5848 1
    endloop
  endfacet
  facet normal 0 0 -1
    outer loop
      vertex 64.4324 90.8753 1
      vertex 64.3923 91 1
      vertex 65.0866 89.5922 1
    endloop
  endfacet
  facet normal 0 0 -1
    outer loop
      vertex 64.2198 91.1935 1
      vertex 64.3923 91 1
      vertex 64.4324 90.8753 1
    endloop
  endfacet
  facet normal 0 0 -1
    outer loop
      vertex 64.2198 91.1935 1
      vertex 63.5202 92.3051 1
      vertex 64.3923 91 1
    endloop
  endfacet
  facet normal 0 0 -1
    outer loop
      vertex 63.4204 92.3899 1
      vertex 63.5202 92.3051 1
      vertex 64.2198 91.1935 1
    endloop
  endfacet
  facet normal 0 0 -1
    outer loop
      vertex 63.4204 92.3899 1
      vertex 62.4853 93.4853 1
      vertex 63.5202 92.3051 1
    endloop
  endfacet
  facet normal 0 0 -1
    outer loop
      vertex 62.4717 93.4717 1
      vertex 62.4853 93.4853 1
      vertex 63.4204 92.3899 1
    endloop
  endfacet
  facet normal 0 0 -1
    outer loop
      vertex 61.3899 94.4204 1
      vertex 62.4853 93.4853 1
      vertex 62.4717 93.4717 1
    endloop
  endfacet
  facet normal 0 0 -1
    outer loop
      vertex 61.3899 94.4204 1
      vertex 61.3051 94.5202 1
      vertex 62.4853 93.4853 1
    endloop
  endfacet
  facet normal 0 0 -1
    outer loop
      vertex 60.1935 95.2198 1
      vertex 61.3051 94.5202 1
      vertex 61.3899 94.4204 1
    endloop
  endfacet
  facet normal 0 0 -1
    outer loop
      vertex 60.1935 95.2198 1
      vertex 60 95.3923 1
      vertex 61.3051 94.5202 1
    endloop
  endfacet
  facet normal 0 0 -1
    outer loop
      vertex 59.8753 95.4324 1
      vertex 60 95.3923 1
      vertex 60.1935 95.2198 1
    endloop
  endfacet
  facet normal 0 0 -1
    outer loop
      vertex 59.8753 95.4324 1
      vertex 58.5922 96.0866 1
      vertex 60 95.3923 1
    endloop
  endfacet
  facet normal 0 0 -1
    outer loop
      vertex 58.5848 96.0688 1
      vertex 58.5922 96.0866 1
      vertex 59.8753 95.4324 1
    endloop
  endfacet
  facet normal 0 0 -1
    outer loop
      vertex 57.2223 96.5313 1
      vertex 58.5922 96.0866 1
      vertex 58.5848 96.0688 1
    endloop
  endfacet
  facet normal 0 0 -1
    outer loop
      vertex 57.2223 96.5313 1
      vertex 57.1058 96.5911 1
      vertex 58.5922 96.0866 1
    endloop
  endfacet
  facet normal 0 0 -1
    outer loop
      vertex 55.8111 96.812 1
      vertex 57.1058 96.5911 1
      vertex 57.2223 96.5313 1
    endloop
  endfacet
  facet normal 0 0 -1
    outer loop
      vertex 55.8111 96.812 1
      vertex 55.5663 96.8973 1
      vertex 57.1058 96.5911 1
    endloop
  endfacet
  facet normal 0 0 -1
    outer loop
      vertex 55.4358 96.8867 1
      vertex 55.5663 96.8973 1
      vertex 55.8111 96.812 1
    endloop
  endfacet
  facet normal 0 0 -1
    outer loop
      vertex 54 97 1
      vertex 55.4358 96.8867 1
      vertex 54 96.9808 1
    endloop
  endfacet
  facet normal 0 0 -1
    outer loop
      vertex 55.4358 96.8867 1
      vertex 54 97 1
      vertex 55.5663 96.8973 1
    endloop
  endfacet
  facet normal 0 0 -1
    outer loop
      vertex 8 96.9808 1
      vertex 54 97 1
      vertex 54 96.9808 1
    endloop
  endfacet
  facet normal 0 0 -1
    outer loop
      vertex 8 96.9808 1
      vertex 8 97 1
      vertex 54 97 1
    endloop
  endfacet
  facet normal 0 0 -1
    outer loop
      vertex 6.63437 96.8463 1
      vertex 8 97 1
      vertex 8 96.9808 1
    endloop
  endfacet
  facet normal 0 0 -1
    outer loop
      vertex 6.63437 96.8463 1
      vertex 6.43928 96.8463 1
      vertex 8 97 1
    endloop
  endfacet
  facet normal 0 0 -1
    outer loop
      vertex 6.25904 96.7716 1
      vertex 6.43928 96.8463 1
      vertex 6.63437 96.8463 1
    endloop
  endfacet
  facet normal 0 0 -1
    outer loop
      vertex 4.93853 96.391 1
      vertex 6.25904 96.7716 1
      vertex 4.94589 96.3733 1
    endloop
  endfacet
  facet normal -0 0 -1
    outer loop
      vertex 6.25904 96.7716 1
      vertex 4.93853 96.391 1
      vertex 6.43928 96.8463 1
    endloop
  endfacet
  facet normal 0 0 -1
    outer loop
      vertex 3.73568 95.7264 1
      vertex 4.93853 96.391 1
      vertex 4.94589 96.3733 1
    endloop
  endfacet
  facet normal -0 0 -1
    outer loop
      vertex 3.73568 95.7264 1
      vertex 3.55544 95.6518 1
      vertex 4.93853 96.391 1
    endloop
  endfacet
  facet normal 0 0 -1
    outer loop
      vertex 3.41749 95.5138 1
      vertex 3.55544 95.6518 1
      vertex 3.73568 95.7264 1
    endloop
  endfacet
  facet normal 0 0 -1
    outer loop
      vertex 2.34315 94.6569 1
      vertex 3.41749 95.5138 1
      vertex 2.35673 94.6433 1
    endloop
  endfacet
  facet normal -0 0 -1
    outer loop
      vertex 3.41749 95.5138 1
      vertex 2.34315 94.6569 1
      vertex 3.55544 95.6518 1
    endloop
  endfacet
  facet normal 0 0 -1
    outer loop
      vertex 1.48619 93.5825 1
      vertex 2.34315 94.6569 1
      vertex 2.35673 94.6433 1
    endloop
  endfacet
  facet normal -0 0 -1
    outer loop
      vertex 1.48619 93.5825 1
      vertex 1.34824 93.4446 1
      vertex 2.34315 94.6569 1
    endloop
  endfacet
  facet normal 0 0 -1
    outer loop
      vertex 1.27359 93.2643 1
      vertex 1.34824 93.4446 1
      vertex 1.48619 93.5825 1
    endloop
  endfacet
  facet normal 0 0 -1
    outer loop
      vertex 0.608963 92.0615 1
      vertex 1.27359 93.2643 1
      vertex 0.626716 92.0541 1
    endloop
  endfacet
  facet normal -0 0 -1
    outer loop
      vertex 1.27359 93.2643 1
      vertex 0.608963 92.0615 1
      vertex 1.34824 93.4446 1
    endloop
  endfacet
  facet normal 0 0 -1
    outer loop
      vertex 0.228375 90.741 1
      vertex 0.608963 92.0615 1
      vertex 0.626716 92.0541 1
    endloop
  endfacet
  facet normal -0 0 -1
    outer loop
      vertex 0.228375 90.741 1
      vertex 0.153717 90.5607 1
      vertex 0.608963 92.0615 1
    endloop
  endfacet
  facet normal 0 0 -1
    outer loop
      vertex 0.153718 90.3656 1
      vertex 0.153717 90.5607 1
      vertex 0.228375 90.741 1
    endloop
  endfacet
  facet normal 0 0 -1
    outer loop
      vertex 0 89 1
      vertex 0.153718 90.3656 1
      vertex 0.0192156 89 1
    endloop
  endfacet
  facet normal -0 0 -1
    outer loop
      vertex 0.153718 90.3656 1
      vertex 0 89 1
      vertex 0.153717 90.5607 1
    endloop
  endfacet
  facet normal 0 0 -1
    outer loop
      vertex 0 89 1
      vertex 0.0192156 89 1
      vertex 0 8 1
    endloop
  endfacet
  facet normal 0 0 -1
    outer loop
      vertex 10 0 1
      vertex 56 0.0192156 1
      vertex 56 0 1
    endloop
  endfacet
  facet normal -0 0 -1
    outer loop
      vertex 56 0.0192156 1
      vertex 10 0 1
      vertex 10 0.0192156 1
    endloop
  endfacet
  facet normal 0.659307 0.751874 -0
    outer loop
      vertex 62.4853 93.4853 1
      vertex 61.3051 94.5202 12
      vertex 62.4853 93.4853 12
    endloop
  endfacet
  facet normal 0.659307 0.751874 0
    outer loop
      vertex 61.3051 94.5202 12
      vertex 62.4853 93.4853 1
      vertex 61.3051 94.5202 1
    endloop
  endfacet
  facet normal 0 0.923893 -0.38265
    outer loop
      vertex 54 96.8315 0.434431
      vertex 8 96.9808 0.79491
      vertex 54 96.9808 0.79491
    endloop
  endfacet
  facet normal 0 0.923893 -0.38265
    outer loop
      vertex 8 96.9808 0.79491
      vertex 54 96.8315 0.434431
      vertex 8 96.8315 0.434431
    endloop
  endfacet
  facet normal 0.139293 0.700204 -0.700222
    outer loop
      vertex 57.0596 96.1385 0.158531
      vertex 56.847 96.4567 0.434431
      vertex 57.1652 96.3934 0.434431
    endloop
  endfacet
  facet normal 0.875095 0.297051 -0.38206
    outer loop
      vertex 65.5313 88.2223 0.79491
      vertex 64.9308 89.5277 0.434431
      vertex 65.0688 89.5848 0.79491
    endloop
  endfacet
  facet normal 0.875156 0.297135 -0.381854
    outer loop
      vertex 64.9308 89.5277 0.434431
      vertex 65.5313 88.2223 0.79491
      vertex 65.3934 88.1652 0.434431
    endloop
  endfacet
  facet normal 0.0980197 -0.995184 0
    outer loop
      vertex 58 0.0192156 0.79491
      vertex 59.3656 0.153719 1
      vertex 58 0.0192156 1
    endloop
  endfacet
  facet normal 0.0980197 -0.995184 0
    outer loop
      vertex 59.3656 0.153719 1
      vertex 58 0.0192156 0.79491
      vertex 59.3656 0.153719 0.79491
    endloop
  endfacet
  facet normal -0.71466 -0.586503 -0.38115
    outer loop
      vertex 2.02105 3 0.434431
      vertex 2.46231 2.46232 0.434431
      vertex 1.98608 3 0.5
    endloop
  endfacet
  facet normal -0.714672 -0.586508 -0.381119
    outer loop
      vertex 1.98608 3 0.5
      vertex 1.48619 3.41749 0.79491
      vertex 1.57257 3.50387 0.5
    endloop
  endfacet
  facet normal -0.714668 -0.586514 -0.381117
    outer loop
      vertex 2.35673 2.35673 0.79491
      vertex 1.98608 3 0.5
      vertex 2.46231 2.46232 0.434431
    endloop
  endfacet
  facet normal -0.714672 -0.586514 -0.381112
    outer loop
      vertex 1.98608 3 0.5
      vertex 2.35673 2.35673 0.79491
      vertex 1.48619 3.41749 0.79491
    endloop
  endfacet
  facet normal 0.381559 0.0759169 -0.921222
    outer loop
      vertex 65.4615 86.4358 0.158531
      vertex 65.101 86.4358 0.00921631
      vertex 65.4192 86.6484 0.158531
    endloop
  endfacet
  facet normal 0.908634 0.180735 -0.376457
    outer loop
      vertex 65.812 86.8111 0.79491
      vertex 65.4566 87.847 0.434431
      vertex 65.5313 88.2223 0.79491
    endloop
  endfacet
  facet normal 0.908686 0.18081 -0.376294
    outer loop
      vertex 65.4566 87.847 0.434431
      vertex 65.812 86.8111 0.79491
      vertex 65.7374 86.4358 0.434431
    endloop
  endfacet
  facet normal 0.514703 -0.770359 -0.376334
    outer loop
      vertex 62.2643 1.27359 0.79491
      vertex 62.2072 1.41154 0.434431
      vertex 62.5825 1.48619 0.79491
    endloop
  endfacet
  facet normal -0.0906193 0.920092 -0.381076
    outer loop
      vertex 8 96.8315 0.434431
      vertex 6.63437 96.8463 0.79491
      vertex 8 96.9808 0.79491
    endloop
  endfacet
  facet normal -0.0906193 0.920092 -0.381076
    outer loop
      vertex 6.63437 96.8463 0.79491
      vertex 8 96.8315 0.434431
      vertex 6.63437 96.697 0.434431
    endloop
  endfacet
  facet normal 0.396685 0.593687 -0.700126
    outer loop
      vertex 60.909 94.2402 0.158531
      vertex 60.0879 95.1142 0.434431
      vertex 61.2843 94.3148 0.434431
    endloop
  endfacet
  facet normal 0.396685 0.593687 -0.700126
    outer loop
      vertex 60.0879 95.1142 0.434431
      vertex 60.909 94.2402 0.158531
      vertex 59.7126 95.0396 0.158531
    endloop
  endfacet
  facet normal 0.555544 0.831487 -0
    outer loop
      vertex 60.1935 95.2198 0.79491
      vertex 59.8753 95.4324 1
      vertex 60.1935 95.2198 1
    endloop
  endfacet
  facet normal 0.555544 0.831487 0
    outer loop
      vertex 59.8753 95.4324 1
      vertex 60.1935 95.2198 0.79491
      vertex 59.8753 95.4324 0.79491
    endloop
  endfacet
  facet normal 0.586491 -0.714671 -0.381147
    outer loop
      vertex 63.5377 2.46232 0.434431
      vertex 62.5825 1.48619 0.79491
      vertex 62.4769 1.59178 0.434431
    endloop
  endfacet
  facet normal 0.586491 -0.714671 -0.381147
    outer loop
      vertex 62.5825 1.48619 0.79491
      vertex 63.5377 2.46232 0.434431
      vertex 63.6433 2.35673 0.79491
    endloop
  endfacet
  facet normal -0.243763 0.297041 -0.923226
    outer loop
      vertex 2.9123 94.0877 0.00921631
      vertex 3.71816 95.2131 0.158531
      vertex 3.97306 94.9582 0.00921631
    endloop
  endfacet
  facet normal -0.243763 0.297041 -0.923226
    outer loop
      vertex 3.71816 95.2131 0.158531
      vertex 2.9123 94.0877 0.00921631
      vertex 2.6574 94.3426 0.158531
    endloop
  endfacet
  facet normal -0.449665 -0.54792 -0.705397
    outer loop
      vertex 3.52307 1.59178 0.434431
      vertex 2.6574 2.65741 0.158531
      vertex 3.71816 1.78687 0.158531
    endloop
  endfacet
  facet normal -0.449665 -0.54792 -0.705397
    outer loop
      vertex 2.6574 2.65741 0.158531
      vertex 3.52307 1.59178 0.434431
      vertex 2.46231 2.46232 0.434431
    endloop
  endfacet
  facet normal 0.381458 0.0760873 -0.921249
    outer loop
      vertex 64.8203 87.847 0.00921631
      vertex 64.8054 87.9217 0.00921631
      vertex 65.1385 88.0596 0.158531
    endloop
  endfacet
  facet normal -0.205785 0.678279 -0.705401
    outer loop
      vertex 5.10861 95.9804 0.158531
      vertex 6.31618 96.6337 0.434431
      vertex 6.42176 96.3788 0.158531
    endloop
  endfacet
  facet normal -0.205785 0.678279 -0.705401
    outer loop
      vertex 6.31618 96.6337 0.434431
      vertex 5.10861 95.9804 0.158531
      vertex 5.00303 96.2353 0.434431
    endloop
  endfacet
  facet normal 0.770182 0.514883 -0.376451
    outer loop
      vertex 63.4951 92.0146 0.434431
      vertex 63.3148 92.2843 0.434431
      vertex 63.4204 92.3899 0.79491
    endloop
  endfacet
  facet normal 0.707107 0 -0.707107
    outer loop
      vertex 65.8315 8 0.434431
      vertex 65.5556 85 0.158531
      vertex 65.8315 85 0.434431
    endloop
  endfacet
  facet normal 0.707107 0 -0.707107
    outer loop
      vertex 65.5556 85 0.158531
      vertex 65.8315 8 0.434431
      vertex 65.5556 8 0.158531
    endloop
  endfacet
  facet normal -0.381578 0.075901 -0.921215
    outer loop
      vertex 0.939412 90.3656 0.00921631
      vertex 0.578933 90.3656 0.158531
      vertex 0.621222 90.5782 0.158531
    endloop
  endfacet
  facet normal -0.290286 -0.95694 0
    outer loop
      vertex 4.94589 0.626717 0.79491
      vertex 6.25904 0.228376 1
      vertex 4.94589 0.626717 1
    endloop
  endfacet
  facet normal -0.290286 -0.95694 -0
    outer loop
      vertex 6.25904 0.228376 1
      vertex 4.94589 0.626717 0.79491
      vertex 6.25904 0.228376 0.79491
    endloop
  endfacet
  facet normal 0.831479 -0.555556 0
    outer loop
      vertex 64.5138 3.41749 1
      vertex 64.7264 3.73568 0.79491
      vertex 64.7264 3.73568 1
    endloop
  endfacet
  facet normal 0.831479 -0.555556 0
    outer loop
      vertex 64.7264 3.73568 0.79491
      vertex 64.5138 3.41749 1
      vertex 64.5138 3.41749 0.79491
    endloop
  endfacet
  facet normal -0.382681 0 -0.92388
    outer loop
      vertex 0.44443 8 0.158531
      vertex 0.80491 89 0.00921631
      vertex 0.80491 8 0.00921631
    endloop
  endfacet
  facet normal -0.382681 0 -0.92388
    outer loop
      vertex 0.80491 89 0.00921631
      vertex 0.44443 8 0.158531
      vertex 0.44443 89 0.158531
    endloop
  endfacet
  facet normal 0.922204 0.0604398 -0.38195
    outer loop
      vertex 65.9808 85 0.79491
      vertex 65.7374 86.4358 0.434431
      vertex 65.8867 86.4358 0.79491
    endloop
  endfacet
  facet normal 0.922204 0.0604398 -0.38195
    outer loop
      vertex 65.7374 86.4358 0.434431
      vertex 65.9808 85 0.79491
      vertex 65.8315 85 0.434431
    endloop
  endfacet
  facet normal 0.18113 -0.338868 -0.923234
    outer loop
      vertex 60.7534 1.3526 0.00921631
      vertex 62.1016 1.66643 0.158531
      vertex 60.8914 1.01956 0.158531
    endloop
  endfacet
  facet normal 0.18113 -0.338868 -0.923234
    outer loop
      vertex 62.1016 1.66643 0.158531
      vertex 60.7534 1.3526 0.00921631
      vertex 61.9636 1.99947 0.00921631
    endloop
  endfacet
  facet normal -0.338911 0.181138 -0.923216
    outer loop
      vertex 1.3526 91.7534 0.00921631
      vertex 1.66643 93.1016 0.158531
      vertex 1.99947 92.9637 0.00921631
    endloop
  endfacet
  facet normal -0.338868 0.18113 -0.923234
    outer loop
      vertex 1.66643 93.1016 0.158531
      vertex 1.3526 91.7534 0.00921631
      vertex 1.01956 91.8914 0.158531
    endloop
  endfacet
  facet normal -0.290258 0.956948 0
    outer loop
      vertex 6.25904 96.7716 0.79491
      vertex 4.94589 96.3733 1
      vertex 6.25904 96.7716 1
    endloop
  endfacet
  facet normal -0.290258 0.956948 0
    outer loop
      vertex 4.94589 96.3733 1
      vertex 6.25904 96.7716 0.79491
      vertex 4.94589 96.3733 0.79491
    endloop
  endfacet
  facet normal -1 0 0
    outer loop
      vertex 0.0192156 8 0.79491
      vertex 0.0192156 89 1
      vertex 0.0192156 89 0.79491
    endloop
  endfacet
  facet normal -1 -0 0
    outer loop
      vertex 0.0192156 89 1
      vertex 0.0192156 8 0.79491
      vertex 0.0192156 8 1
    endloop
  endfacet
  facet normal 0.22753 0.67029 -0.706358
    outer loop
      vertex 58.4221 95.676 0.158531
      vertex 57.1652 96.3934 0.434431
      vertex 58.5277 95.9309 0.434431
    endloop
  endfacet
  facet normal 0.22753 0.67029 -0.706358
    outer loop
      vertex 57.1652 96.3934 0.434431
      vertex 58.4221 95.676 0.158531
      vertex 57.0596 96.1385 0.158531
    endloop
  endfacet
  facet normal -0.705398 0.0694773 -0.705398
    outer loop
      vertex 0.44443 89 0.158531
      vertex 0.303033 90.3656 0.434431
      vertex 0.578933 90.3656 0.158531
    endloop
  endfacet
  facet normal -0.705398 0.0694773 -0.705398
    outer loop
      vertex 0.303033 90.3656 0.434431
      vertex 0.44443 89 0.158531
      vertex 0.16853 89 0.434431
    endloop
  endfacet
  facet normal -0.920078 0.0906219 -0.381108
    outer loop
      vertex 0.16853 89 0.434431
      vertex 0.153718 90.3656 0.79491
      vertex 0.303033 90.3656 0.434431
    endloop
  endfacet
  facet normal -0.920079 0.0906216 -0.381107
    outer loop
      vertex 0.153718 90.3656 0.79491
      vertex 0.16853 89 0.434431
      vertex 0.0192156 89 0.79491
    endloop
  endfacet
  facet normal -0.268426 0.884749 -0.381006
    outer loop
      vertex 5.00303 96.2353 0.434431
      vertex 6.25904 96.7716 0.79491
      vertex 6.31618 96.6337 0.434431
    endloop
  endfacet
  facet normal -0.26834 0.884686 -0.381214
    outer loop
      vertex 6.25904 96.7716 0.79491
      vertex 5.00303 96.2353 0.434431
      vertex 4.94589 96.3733 0.79491
    endloop
  endfacet
  facet normal 0 1 -0
    outer loop
      vertex 54 96.9808 0.79491
      vertex 8 96.9808 1
      vertex 54 96.9808 1
    endloop
  endfacet
  facet normal 0 1 0
    outer loop
      vertex 8 96.9808 1
      vertex 54 96.9808 0.79491
      vertex 8 96.9808 0.79491
    endloop
  endfacet
  facet normal -0.773023 0.634378 0
    outer loop
      vertex 1.48619 93.5825 0.79491
      vertex 2.35673 94.6433 1
      vertex 2.35673 94.6433 0.79491
    endloop
  endfacet
  facet normal -0.773023 0.634378 0
    outer loop
      vertex 2.35673 94.6433 1
      vertex 1.48619 93.5825 0.79491
      vertex 1.48619 93.5825 1
    endloop
  endfacet
  facet normal 0.297078 0.875176 -0.381853
    outer loop
      vertex 58.5277 95.9309 0.434431
      vertex 57.2223 96.5313 0.79491
      vertex 58.5848 96.0688 0.79491
    endloop
  endfacet
  facet normal 0.297078 0.875176 -0.381853
    outer loop
      vertex 57.2223 96.5313 0.79491
      vertex 58.5277 95.9309 0.434431
      vertex 57.1652 96.3934 0.434431
    endloop
  endfacet
  facet normal -0.0758975 -0.381578 -0.921215
    outer loop
      vertex 6.63437 0.578934 0.158531
      vertex 6.42176 0.621223 0.158531
      vertex 6.63437 0.939413 0.00921631
    endloop
  endfacet
  facet normal 0.694814 0.609327 -0.38204
    outer loop
      vertex 63.4204 92.3899 0.79491
      vertex 62.3661 93.3661 0.434431
      vertex 62.4717 93.4717 0.79491
    endloop
  endfacet
  facet normal 0.694814 0.609327 -0.38204
    outer loop
      vertex 62.3661 93.3661 0.434431
      vertex 63.4204 92.3899 0.79491
      vertex 63.3148 92.2843 0.434431
    endloop
  endfacet
  facet normal -0.678296 -0.205759 -0.705392
    outer loop
      vertex 0.366325 6.31618 0.434431
      vertex 1.01956 5.10861 0.158531
      vertex 0.764666 5.00303 0.434431
    endloop
  endfacet
  facet normal -0.678293 -0.205757 -0.705396
    outer loop
      vertex 1.01956 5.10861 0.158531
      vertex 0.366325 6.31618 0.434431
      vertex 0.621222 6.42176 0.158531
    endloop
  endfacet
  facet normal -0.881919 0.471402 0
    outer loop
      vertex 0.626716 92.0541 0.79491
      vertex 1.27359 93.2643 1
      vertex 1.27359 93.2643 0.79491
    endloop
  endfacet
  facet normal -0.881919 0.471402 0
    outer loop
      vertex 1.27359 93.2643 1
      vertex 0.626716 92.0541 0.79491
      vertex 0.626716 92.0541 1
    endloop
  endfacet
  facet normal 0.382663 0 -0.923888
    outer loop
      vertex 65.1951 8 0.00921631
      vertex 65.5556 85 0.158531
      vertex 65.5556 8 0.158531
    endloop
  endfacet
  facet normal 0.382663 0 -0.923888
    outer loop
      vertex 65.5556 85 0.158531
      vertex 65.1951 8 0.00921631
      vertex 65.1951 85 0.00921631
    endloop
  endfacet
  facet normal -0.139282 -0.700217 -0.700212
    outer loop
      vertex 6.63437 0.303034 0.434431
      vertex 6.31618 0.366326 0.434431
      vertex 6.42176 0.621223 0.158531
    endloop
  endfacet
  facet normal 0.123221 0.363001 -0.923605
    outer loop
      vertex 58.2842 95.3429 0.00921631
      vertex 57.0596 96.1385 0.158531
      vertex 58.4221 95.676 0.158531
    endloop
  endfacet
  facet normal 0.123221 0.363001 -0.923605
    outer loop
      vertex 57.0596 96.1385 0.158531
      vertex 58.2842 95.3429 0.00921631
      vertex 56.9217 95.8054 0.00921631
    endloop
  endfacet
  facet normal 0.216158 0.323471 -0.921218
    outer loop
      vertex 60.8343 93.8648 0.00921631
      vertex 60.771 93.9071 0.00921631
      vertex 61.0892 94.1197 0.158531
    endloop
  endfacet
  facet normal -0.181139 -0.338887 -0.923225
    outer loop
      vertex 3.8984 1.66643 0.158531
      vertex 5.24656 1.3526 0.00921631
      vertex 5.10861 1.01956 0.158531
    endloop
  endfacet
  facet normal -0.181139 -0.338887 -0.923225
    outer loop
      vertex 5.24656 1.3526 0.00921631
      vertex 3.8984 1.66643 0.158531
      vertex 4.03635 1.99947 0.00921631
    endloop
  endfacet
  facet normal -0.396735 0.593562 -0.700204
    outer loop
      vertex 3.8984 95.3336 0.158531
      vertex 3.52307 95.4082 0.434431
      vertex 3.79282 95.5885 0.434431
    endloop
  endfacet
  facet normal -0.634392 -0.773012 0
    outer loop
      vertex 2.35673 2.35673 0.79491
      vertex 3.41749 1.48619 1
      vertex 2.35673 2.35673 1
    endloop
  endfacet
  facet normal -0.634392 -0.773012 -0
    outer loop
      vertex 3.41749 1.48619 1
      vertex 2.35673 2.35673 0.79491
      vertex 3.41749 1.48619 0.79491
    endloop
  endfacet
  facet normal -0.514823 0.770236 -0.376421
    outer loop
      vertex 3.52307 95.4082 0.434431
      vertex 3.41749 95.5138 0.79491
      vertex 3.79282 95.5885 0.434431
    endloop
  endfacet
  facet normal -0.59354 0.396703 -0.700241
    outer loop
      vertex 1.66643 93.1016 0.158531
      vertex 1.59177 93.4769 0.434431
      vertex 1.78687 93.2818 0.158531
    endloop
  endfacet
  facet normal 0.90866 -0.180846 -0.376341
    outer loop
      vertex 65.7716 6.25904 0.79491
      vertex 65.697 6.63437 0.434431
      vertex 65.8463 6.63437 0.79491
    endloop
  endfacet
  facet normal -0.334102 0.625129 -0.7054
    outer loop
      vertex 3.79282 95.5885 0.434431
      vertex 5.10861 95.9804 0.158531
      vertex 3.8984 95.3336 0.158531
    endloop
  endfacet
  facet normal -0.334102 0.625129 -0.7054
    outer loop
      vertex 5.10861 95.9804 0.158531
      vertex 3.79282 95.5885 0.434431
      vertex 5.00303 96.2353 0.434431
    endloop
  endfacet
  facet normal 0.195053 -0.980793 0
    outer loop
      vertex 59.3656 0.153719 0.79491
      vertex 59.741 0.228376 1
      vertex 59.3656 0.153719 1
    endloop
  endfacet
  facet normal 0.195053 -0.980793 0
    outer loop
      vertex 59.741 0.228376 1
      vertex 59.3656 0.153719 0.79491
      vertex 59.741 0.228376 0.79491
    endloop
  endfacet
  facet normal 0.195087 0.980786 -0
    outer loop
      vertex 57.2223 96.5313 0.79491
      vertex 55.8111 96.812 1
      vertex 57.2223 96.5313 1
    endloop
  endfacet
  facet normal 0.195087 0.980786 0
    outer loop
      vertex 55.8111 96.812 1
      vertex 57.2223 96.5313 0.79491
      vertex 55.8111 96.812 0.79491
    endloop
  endfacet
  facet normal -0.0694763 -0.705398 -0.705398
    outer loop
      vertex 6.63437 0.578934 0.158531
      vertex 8 0.16853 0.434431
      vertex 6.63437 0.303034 0.434431
    endloop
  endfacet
  facet normal -0.0694763 -0.705398 -0.705398
    outer loop
      vertex 8 0.16853 0.434431
      vertex 6.63437 0.578934 0.158531
      vertex 8 0.44443 0.158531
    endloop
  endfacet
  facet normal 0 -0.707107 -0.707107
    outer loop
      vertex 10 0.44443 0.158531
      vertex 56 0.16853 0.434431
      vertex 10 0.16853 0.434431
    endloop
  endfacet
  facet normal 0 -0.707107 -0.707107
    outer loop
      vertex 56 0.16853 0.434431
      vertex 10 0.44443 0.158531
      vertex 56 0.44443 0.158531
    endloop
  endfacet
  facet normal 0.18071 -0.908669 -0.376382
    outer loop
      vertex 59.3656 0.153719 0.79491
      vertex 59.3656 0.303034 0.434431
      vertex 59.741 0.228376 0.79491
    endloop
  endfacet
  facet normal 0 -1 0
    outer loop
      vertex 10 0.0192156 0.79491
      vertex 56 0.0192156 1
      vertex 10 0.0192156 1
    endloop
  endfacet
  facet normal 0 -1 -0
    outer loop
      vertex 56 0.0192156 1
      vertex 10 0.0192156 0.79491
      vertex 56 0.0192156 0.79491
    endloop
  endfacet
  facet normal -0.0376615 0.382392 -0.923233
    outer loop
      vertex 6.63437 96.4211 0.158531
      vertex 8 96.1951 0.00921631
      vertex 6.63437 96.0606 0.00921631
    endloop
  endfacet
  facet normal -0.0376615 0.382392 -0.923233
    outer loop
      vertex 8 96.1951 0.00921631
      vertex 6.63437 96.4211 0.158531
      vertex 8 96.5556 0.158531
    endloop
  endfacet
  facet normal 0.343819 0.169552 -0.923602
    outer loop
      vertex 64.3429 89.2842 0.00921631
      vertex 64.0396 90.7126 0.158531
      vertex 64.676 89.4221 0.158531
    endloop
  endfacet
  facet normal 0.343819 0.169552 -0.923602
    outer loop
      vertex 64.0396 90.7126 0.158531
      vertex 64.3429 89.2842 0.00921631
      vertex 63.7065 90.5747 0.00921631
    endloop
  endfacet
  facet normal 0.216131 -0.323507 -0.921212
    outer loop
      vertex 62.2818 1.78687 0.158531
      vertex 61.9636 1.99947 0.00921631
      vertex 62.0269 2.04176 0.00921631
    endloop
  endfacet
  facet normal 0.323469 0.216133 -0.921224
    outer loop
      vertex 63.7065 90.5747 0.00921631
      vertex 63.2402 91.909 0.158531
      vertex 64.0396 90.7126 0.158531
    endloop
  endfacet
  facet normal 0.32342 0.216118 -0.921245
    outer loop
      vertex 63.2402 91.909 0.158531
      vertex 63.7065 90.5747 0.00921631
      vertex 62.9071 91.771 0.00921631
    endloop
  endfacet
  facet normal -0.216179 0.323451 -0.92122
    outer loop
      vertex 3.97306 94.9582 0.00921631
      vertex 3.71816 95.2131 0.158531
      vertex 4.03635 95.0005 0.00921631
    endloop
  endfacet
  facet normal -0.0980151 0.995185 0
    outer loop
      vertex 8 96.9808 0.79491
      vertex 6.63437 96.8463 1
      vertex 8 96.9808 1
    endloop
  endfacet
  facet normal -0.0980151 0.995185 0
    outer loop
      vertex 6.63437 96.8463 1
      vertex 8 96.9808 0.79491
      vertex 6.63437 96.8463 0.79491
    endloop
  endfacet
  facet normal -0.396656 -0.593601 -0.700215
    outer loop
      vertex 3.8984 1.66643 0.158531
      vertex 3.52307 1.59178 0.434431
      vertex 3.71816 1.78687 0.158531
    endloop
  endfacet
  facet normal -0.268378 -0.88472 -0.38111
    outer loop
      vertex 5.00303 0.764667 0.434431
      vertex 6.25904 0.228376 0.79491
      vertex 4.94589 0.626717 0.79491
    endloop
  endfacet
  facet normal -0.268378 -0.88472 -0.38111
    outer loop
      vertex 6.25904 0.228376 0.79491
      vertex 5.00303 0.764667 0.434431
      vertex 6.31618 0.366326 0.434431
    endloop
  endfacet
  facet normal -0.586511 -0.714669 -0.38112
    outer loop
      vertex 2.46231 2.46232 0.434431
      vertex 3.41749 1.48619 0.79491
      vertex 2.35673 2.35673 0.79491
    endloop
  endfacet
  facet normal -0.586511 -0.714669 -0.38112
    outer loop
      vertex 3.41749 1.48619 0.79491
      vertex 2.46231 2.46232 0.434431
      vertex 3.52307 1.59178 0.434431
    endloop
  endfacet
  facet normal 0.382543 0.0250712 -0.923598
    outer loop
      vertex 65.1951 85 0.00921631
      vertex 65.4615 86.4358 0.158531
      vertex 65.5556 85 0.158531
    endloop
  endfacet
  facet normal 0.382543 0.0250712 -0.923598
    outer loop
      vertex 65.4615 86.4358 0.158531
      vertex 65.1951 85 0.00921631
      vertex 65.101 86.4358 0.00921631
    endloop
  endfacet
  facet normal 0 -0.92388 -0.382681
    outer loop
      vertex 10 0.16853 0.434431
      vertex 56 0.0192156 0.79491
      vertex 10 0.0192156 0.79491
    endloop
  endfacet
  facet normal 0 -0.92388 -0.382681
    outer loop
      vertex 56 0.0192156 0.79491
      vertex 10 0.16853 0.434431
      vertex 56 0.16853 0.434431
    endloop
  endfacet
  facet normal -0.555556 0.831479 0
    outer loop
      vertex 3.73568 95.7264 0.79491
      vertex 3.41749 95.5138 1
      vertex 3.73568 95.7264 1
    endloop
  endfacet
  facet normal -0.555556 0.831479 0
    outer loop
      vertex 3.41749 95.5138 1
      vertex 3.73568 95.7264 0.79491
      vertex 3.41749 95.5138 0.79491
    endloop
  endfacet
  facet normal -0.920079 -0.09062 -0.381107
    outer loop
      vertex 0.303033 6.63437 0.434431
      vertex 0.0192156 8 0.79491
      vertex 0.16853 8 0.434431
    endloop
  endfacet
  facet normal -0.920079 -0.0906195 -0.381108
    outer loop
      vertex 0.0192156 8 0.79491
      vertex 0.303033 6.63437 0.434431
      vertex 0.153718 6.63437 0.79491
    endloop
  endfacet
  facet normal -0.111544 -0.367713 -0.923225
    outer loop
      vertex 6.42176 0.621223 0.158531
      vertex 5.24656 1.3526 0.00921631
      vertex 6.55971 0.954264 0.00921631
    endloop
  endfacet
  facet normal -0.111544 -0.367714 -0.923225
    outer loop
      vertex 5.24656 1.3526 0.00921631
      vertex 6.42176 0.621223 0.158531
      vertex 5.10861 1.01956 0.158531
    endloop
  endfacet
  facet normal 0.908701 -0.180775 -0.376275
    outer loop
      vertex 65.7716 6.25904 0.79491
      vertex 65.6337 6.31618 0.434431
      vertex 65.697 6.63437 0.434431
    endloop
  endfacet
  facet normal -0.586491 0.714677 -0.381136
    outer loop
      vertex 2.46231 94.5377 0.434431
      vertex 3.41749 95.5138 0.79491
      vertex 3.52307 95.4082 0.434431
    endloop
  endfacet
  facet normal -0.586491 0.714677 -0.381136
    outer loop
      vertex 3.41749 95.5138 0.79491
      vertex 2.46231 94.5377 0.434431
      vertex 2.35673 94.6433 0.79491
    endloop
  endfacet
  facet normal -0.435764 0.815347 -0.381208
    outer loop
      vertex 3.79282 95.5885 0.434431
      vertex 4.94589 96.3733 0.79491
      vertex 5.00303 96.2353 0.434431
    endloop
  endfacet
  facet normal -0.435855 0.81539 -0.381012
    outer loop
      vertex 4.94589 96.3733 0.79491
      vertex 3.79282 95.5885 0.434431
      vertex 3.73568 95.7264 0.79491
    endloop
  endfacet
  facet normal -0.180775 0.908701 -0.376275
    outer loop
      vertex 6.31618 96.6337 0.434431
      vertex 6.25904 96.7716 0.79491
      vertex 6.63437 96.697 0.434431
    endloop
  endfacet
  facet normal -0.180846 0.90866 -0.376341
    outer loop
      vertex 6.63437 96.697 0.434431
      vertex 6.25904 96.7716 0.79491
      vertex 6.63437 96.8463 0.79491
    endloop
  endfacet
  facet normal 0.0250712 0.382543 -0.923598
    outer loop
      vertex 54 96.1951 0.00921631
      vertex 55.4358 96.4615 0.158531
      vertex 55.4358 96.101 0.00921631
    endloop
  endfacet
  facet normal 0.0250712 0.382543 -0.923598
    outer loop
      vertex 55.4358 96.4615 0.158531
      vertex 54 96.1951 0.00921631
      vertex 54 96.5556 0.158531
    endloop
  endfacet
  facet normal 0.0653981 0.997859 -0
    outer loop
      vertex 55.4358 96.8867 0.79491
      vertex 54 96.9808 1
      vertex 55.4358 96.8867 1
    endloop
  endfacet
  facet normal 0.0653981 0.997859 0
    outer loop
      vertex 54 96.9808 1
      vertex 55.4358 96.8867 0.79491
      vertex 54 96.9808 0.79491
    endloop
  endfacet
  facet normal 0.997859 0.0653981 0
    outer loop
      vertex 65.9808 85 1
      vertex 65.8867 86.4358 0.79491
      vertex 65.8867 86.4358 1
    endloop
  endfacet
  facet normal 0.997859 0.0653981 0
    outer loop
      vertex 65.8867 86.4358 0.79491
      vertex 65.9808 85 1
      vertex 65.9808 85 0.79491
    endloop
  endfacet
  facet normal 0.700214 0.139328 -0.700206
    outer loop
      vertex 65.4192 86.6484 0.158531
      vertex 65.4566 87.847 0.434431
      vertex 65.7374 86.4358 0.434431
    endloop
  endfacet
  facet normal 0.700324 0.139301 -0.700101
    outer loop
      vertex 65.4566 87.847 0.434431
      vertex 65.4192 86.6484 0.158531
      vertex 65.1385 88.0596 0.158531
    endloop
  endfacet
  facet normal -0.995185 -0.0980168 0
    outer loop
      vertex 0.153718 6.63437 0.79491
      vertex 0.0192156 8 1
      vertex 0.0192156 8 0.79491
    endloop
  endfacet
  facet normal -0.995185 -0.0980168 0
    outer loop
      vertex 0.0192156 8 1
      vertex 0.153718 6.63437 0.79491
      vertex 0.153718 6.63437 1
    endloop
  endfacet
  facet normal -0.555556 -0.831479 0
    outer loop
      vertex 3.41749 1.48619 0.79491
      vertex 3.73568 1.27359 1
      vertex 3.41749 1.48619 1
    endloop
  endfacet
  facet normal -0.555556 -0.831479 -0
    outer loop
      vertex 3.73568 1.27359 1
      vertex 3.41749 1.48619 0.79491
      vertex 3.73568 1.27359 0.79491
    endloop
  endfacet
  facet normal 0.0759169 0.381559 -0.921222
    outer loop
      vertex 55.4358 96.101 0.00921631
      vertex 55.4358 96.4615 0.158531
      vertex 55.6484 96.4192 0.158531
    endloop
  endfacet
  facet normal 0.18086 0.908657 -0.37634
    outer loop
      vertex 55.4358 96.7374 0.434431
      vertex 55.4358 96.8867 0.79491
      vertex 55.8111 96.812 0.79491
    endloop
  endfacet
  facet normal -0.995185 0.098019 0
    outer loop
      vertex 0.0192156 89 0.79491
      vertex 0.153718 90.3656 1
      vertex 0.153718 90.3656 0.79491
    endloop
  endfacet
  facet normal -0.995185 0.098019 0
    outer loop
      vertex 0.153718 90.3656 1
      vertex 0.0192156 89 0.79491
      vertex 0.0192156 89 1
    endloop
  endfacet
  facet normal -0.180744 -0.908663 -0.376382
    outer loop
      vertex 6.63437 0.303034 0.434431
      vertex 6.25904 0.228376 0.79491
      vertex 6.31618 0.366326 0.434431
    endloop
  endfacet
  facet normal 0.62664 -0.330899 -0.70557
    outer loop
      vertex 65.2337 5 0.434431
      vertex 64.9804 5.10861 0.158531
      vertex 65.2353 5.00303 0.434431
    endloop
  endfacet
  facet normal 0.625213 -0.333877 -0.705432
    outer loop
      vertex 64.9804 5.10861 0.158531
      vertex 65.2337 5 0.434431
      vertex 64.9224 5 0.158531
    endloop
  endfacet
  facet normal -0.831479 -0.555556 0
    outer loop
      vertex 1.48619 3.41749 0.79491
      vertex 1.27359 3.73568 1
      vertex 1.27359 3.73568 0.79491
    endloop
  endfacet
  facet normal -0.831479 -0.555556 0
    outer loop
      vertex 1.27359 3.73568 1
      vertex 1.48619 3.41749 0.79491
      vertex 1.48619 3.41749 1
    endloop
  endfacet
  facet normal 0.700211 0.139318 -0.700211
    outer loop
      vertex 65.4615 86.4358 0.158531
      vertex 65.4192 86.6484 0.158531
      vertex 65.7374 86.4358 0.434431
    endloop
  endfacet
  facet normal 0.706349 0.0462929 -0.706349
    outer loop
      vertex 65.5556 85 0.158531
      vertex 65.7374 86.4358 0.434431
      vertex 65.8315 85 0.434431
    endloop
  endfacet
  facet normal 0.706349 0.0462929 -0.706349
    outer loop
      vertex 65.7374 86.4358 0.434431
      vertex 65.5556 85 0.158531
      vertex 65.4615 86.4358 0.158531
    endloop
  endfacet
  facet normal 0.38157 0.0758976 -0.921219
    outer loop
      vertex 64.8203 87.847 0.00921631
      vertex 65.4192 86.6484 0.158531
      vertex 65.101 86.4358 0.00921631
    endloop
  endfacet
  facet normal 0.38157 0.0758976 -0.921219
    outer loop
      vertex 65.4192 86.6484 0.158531
      vertex 64.8203 87.847 0.00921631
      vertex 65.1385 88.0596 0.158531
    endloop
  endfacet
  facet normal 0.363001 0.123221 -0.923605
    outer loop
      vertex 64.3429 89.2842 0.00921631
      vertex 65.1385 88.0596 0.158531
      vertex 64.8054 87.9217 0.00921631
    endloop
  endfacet
  facet normal 0.363001 0.123221 -0.923605
    outer loop
      vertex 65.1385 88.0596 0.158531
      vertex 64.3429 89.2842 0.00921631
      vertex 64.676 89.4221 0.158531
    endloop
  endfacet
  facet normal 0.466713 0.532191 -0.706365
    outer loop
      vertex 62.171 93.171 0.158531
      vertex 61.2843 94.3148 0.434431
      vertex 62.3661 93.3661 0.434431
    endloop
  endfacet
  facet normal 0.466713 0.532191 -0.706365
    outer loop
      vertex 61.2843 94.3148 0.434431
      vertex 62.171 93.171 0.158531
      vertex 61.0892 94.1197 0.158531
    endloop
  endfacet
  facet normal 0.896874 0.442286 0
    outer loop
      vertex 65.0688 89.5848 1
      vertex 64.4324 90.8753 0.79491
      vertex 64.4324 90.8753 1
    endloop
  endfacet
  facet normal 0.896874 0.442286 0
    outer loop
      vertex 64.4324 90.8753 0.79491
      vertex 65.0688 89.5848 1
      vertex 65.0688 89.5848 0.79491
    endloop
  endfacet
  facet normal -0.367725 0.111552 -0.92322
    outer loop
      vertex 0.621222 90.5782 0.158531
      vertex 1.3526 91.7534 0.00921631
      vertex 0.954263 90.4403 0.00921631
    endloop
  endfacet
  facet normal -0.367703 0.111537 -0.92323
    outer loop
      vertex 1.3526 91.7534 0.00921631
      vertex 0.621222 90.5782 0.158531
      vertex 1.01956 91.8914 0.158531
    endloop
  endfacet
  facet normal -0.11152 0.367668 -0.923246
    outer loop
      vertex 5.24656 95.6474 0.00921631
      vertex 6.42176 96.3788 0.158531
      vertex 6.55971 96.0457 0.00921631
    endloop
  endfacet
  facet normal -0.11157 0.367741 -0.923211
    outer loop
      vertex 6.42176 96.3788 0.158531
      vertex 5.24656 95.6474 0.00921631
      vertex 5.10861 95.9804 0.158531
    endloop
  endfacet
  facet normal -0.195196 0.980764 0
    outer loop
      vertex 6.63437 96.8463 0.79491
      vertex 6.25904 96.7716 1
      vertex 6.63437 96.8463 1
    endloop
  endfacet
  facet normal -0.195196 0.980764 0
    outer loop
      vertex 6.25904 96.7716 1
      vertex 6.63437 96.8463 0.79491
      vertex 6.25904 96.7716 0.79491
    endloop
  endfacet
  facet normal 0.923893 0 -0.38265
    outer loop
      vertex 65.9808 8 0.79491
      vertex 65.8315 85 0.434431
      vertex 65.9808 85 0.79491
    endloop
  endfacet
  facet normal 0.923893 0 -0.38265
    outer loop
      vertex 65.8315 85 0.434431
      vertex 65.9808 8 0.79491
      vertex 65.8315 8 0.434431
    endloop
  endfacet
  facet normal -0.216152 -0.323487 -0.921214
    outer loop
      vertex 4.03635 1.99947 0.00921631
      vertex 3.71816 1.78687 0.158531
      vertex 3.97306 2.04176 0.00921631
    endloop
  endfacet
  facet normal 0.195211 0.980761 -0
    outer loop
      vertex 55.8111 96.812 0.79491
      vertex 55.4358 96.8867 1
      vertex 55.8111 96.812 1
    endloop
  endfacet
  facet normal 0.195211 0.980761 0
    outer loop
      vertex 55.4358 96.8867 1
      vertex 55.8111 96.812 0.79491
      vertex 55.4358 96.8867 0.79491
    endloop
  endfacet
  facet normal -0.205757 -0.678293 -0.705396
    outer loop
      vertex 6.31618 0.366326 0.434431
      vertex 5.10861 1.01956 0.158531
      vertex 6.42176 0.621223 0.158531
    endloop
  endfacet
  facet normal -0.20576 -0.678297 -0.705391
    outer loop
      vertex 5.10861 1.01956 0.158531
      vertex 6.31618 0.366326 0.434431
      vertex 5.00303 0.764667 0.434431
    endloop
  endfacet
  facet normal -0.139276 -0.700215 -0.700215
    outer loop
      vertex 6.63437 0.303034 0.434431
      vertex 6.42176 0.621223 0.158531
      vertex 6.63437 0.578934 0.158531
    endloop
  endfacet
  facet normal -0.396644 -0.593623 -0.700204
    outer loop
      vertex 3.79282 1.41154 0.434431
      vertex 3.52307 1.59178 0.434431
      vertex 3.8984 1.66643 0.158531
    endloop
  endfacet
  facet normal 0.252777 0.288241 -0.923591
    outer loop
      vertex 61.9161 92.9161 0.00921631
      vertex 61.0892 94.1197 0.158531
      vertex 62.171 93.171 0.158531
    endloop
  endfacet
  facet normal 0.252777 0.288241 -0.923591
    outer loop
      vertex 61.0892 94.1197 0.158531
      vertex 61.9161 92.9161 0.00921631
      vertex 60.8343 93.8648 0.00921631
    endloop
  endfacet
  facet normal 0.908657 0.18086 -0.37634
    outer loop
      vertex 65.8867 86.4358 0.79491
      vertex 65.7374 86.4358 0.434431
      vertex 65.812 86.8111 0.79491
    endloop
  endfacet
  facet normal -0.908664 -0.180743 -0.37638
    outer loop
      vertex 0.228375 6.25904 0.79491
      vertex 0.153718 6.63437 0.79491
      vertex 0.303033 6.63437 0.434431
    endloop
  endfacet
  facet normal -0.705398 -0.0694757 -0.705398
    outer loop
      vertex 0.578933 6.63437 0.158531
      vertex 0.16853 8 0.434431
      vertex 0.44443 8 0.158531
    endloop
  endfacet
  facet normal -0.705398 -0.0694757 -0.705398
    outer loop
      vertex 0.16853 8 0.434431
      vertex 0.578933 6.63437 0.158531
      vertex 0.303033 6.63437 0.434431
    endloop
  endfacet
  facet normal -0.195088 -0.980786 0
    outer loop
      vertex 6.25904 0.228376 0.79491
      vertex 6.63437 0.153719 1
      vertex 6.25904 0.228376 1
    endloop
  endfacet
  facet normal -0.195088 -0.980786 -0
    outer loop
      vertex 6.63437 0.153719 1
      vertex 6.25904 0.228376 0.79491
      vertex 6.63437 0.153719 0.79491
    endloop
  endfacet
  facet normal -0.700217 -0.139282 -0.700212
    outer loop
      vertex 0.366325 6.31618 0.434431
      vertex 0.303033 6.63437 0.434431
      vertex 0.621222 6.42176 0.158531
    endloop
  endfacet
  facet normal -0.908663 -0.180744 -0.376382
    outer loop
      vertex 0.366325 6.31618 0.434431
      vertex 0.228375 6.25904 0.79491
      vertex 0.303033 6.63437 0.434431
    endloop
  endfacet
  facet normal -0.815375 0.435833 -0.381068
    outer loop
      vertex 1.41154 93.2072 0.434431
      vertex 0.626716 92.0541 0.79491
      vertex 1.27359 93.2643 0.79491
    endloop
  endfacet
  facet normal -0.815375 0.435833 -0.381068
    outer loop
      vertex 0.626716 92.0541 0.79491
      vertex 1.41154 93.2072 0.434431
      vertex 0.764666 91.997 0.434431
    endloop
  endfacet
  facet normal -0.634374 0.773026 0
    outer loop
      vertex 3.41749 95.5138 0.79491
      vertex 2.35673 94.6433 1
      vertex 3.41749 95.5138 1
    endloop
  endfacet
  facet normal -0.634374 0.773026 0
    outer loop
      vertex 2.35673 94.6433 1
      vertex 3.41749 95.5138 0.79491
      vertex 2.35673 94.6433 0.79491
    endloop
  endfacet
  facet normal -0.139311 0.700212 -0.700212
    outer loop
      vertex 6.63437 96.4211 0.158531
      vertex 6.42176 96.3788 0.158531
      vertex 6.63437 96.697 0.434431
    endloop
  endfacet
  facet normal 0 0.707107 -0.707107
    outer loop
      vertex 54 96.5556 0.158531
      vertex 8 96.8315 0.434431
      vertex 54 96.8315 0.434431
    endloop
  endfacet
  facet normal 0 0.707107 -0.707107
    outer loop
      vertex 8 96.8315 0.434431
      vertex 54 96.5556 0.158531
      vertex 8 96.5556 0.158531
    endloop
  endfacet
  facet normal -0.382411 -0.0376639 -0.923225
    outer loop
      vertex 0.578933 6.63437 0.158531
      vertex 0.80491 8 0.00921631
      vertex 0.939412 6.63437 0.00921631
    endloop
  endfacet
  facet normal -0.38241 -0.0376641 -0.923225
    outer loop
      vertex 0.80491 8 0.00921631
      vertex 0.578933 6.63437 0.158531
      vertex 0.44443 8 0.158531
    endloop
  endfacet
  facet normal 0 0.382663 -0.923888
    outer loop
      vertex 8 96.1951 0.00921631
      vertex 54 96.5556 0.158531
      vertex 54 96.1951 0.00921631
    endloop
  endfacet
  facet normal 0 0.382663 -0.923888
    outer loop
      vertex 54 96.5556 0.158531
      vertex 8 96.1951 0.00921631
      vertex 8 96.5556 0.158531
    endloop
  endfacet
  facet normal 0.609327 0.694814 -0.38204
    outer loop
      vertex 62.3661 93.3661 0.434431
      vertex 61.3899 94.4204 0.79491
      vertex 62.4717 93.4717 0.79491
    endloop
  endfacet
  facet normal 0.609327 0.694814 -0.38204
    outer loop
      vertex 61.3899 94.4204 0.79491
      vertex 62.3661 93.3661 0.434431
      vertex 61.2843 94.3148 0.434431
    endloop
  endfacet
  facet normal 0.396781 0.593521 -0.700212
    outer loop
      vertex 60.0879 95.1142 0.434431
      vertex 59.7126 95.0396 0.158531
      vertex 59.8182 95.2945 0.434431
    endloop
  endfacet
  facet normal -0.95694 -0.290286 0
    outer loop
      vertex 0.626716 4.94589 0.79491
      vertex 0.228375 6.25904 1
      vertex 0.228375 6.25904 0.79491
    endloop
  endfacet
  facet normal -0.95694 -0.290286 0
    outer loop
      vertex 0.228375 6.25904 1
      vertex 0.626716 4.94589 0.79491
      vertex 0.626716 4.94589 1
    endloop
  endfacet
  facet normal 1 -0 0
    outer loop
      vertex 65.9808 8 1
      vertex 65.9808 85 0.79491
      vertex 65.9808 85 1
    endloop
  endfacet
  facet normal 1 0 0
    outer loop
      vertex 65.9808 85 0.79491
      vertex 65.9808 8 1
      vertex 65.9808 8 0.79491
    endloop
  endfacet
  facet normal 0.634976 0.313084 -0.706247
    outer loop
      vertex 64.676 89.4221 0.158531
      vertex 64.2945 90.8182 0.434431
      vertex 64.9308 89.5277 0.434431
    endloop
  endfacet
  facet normal 0.634854 0.313073 -0.706361
    outer loop
      vertex 64.2945 90.8182 0.434431
      vertex 64.676 89.4221 0.158531
      vertex 64.0396 90.7126 0.158531
    endloop
  endfacet
  facet normal 0.828914 0.408772 -0.381848
    outer loop
      vertex 65.0688 89.5848 0.79491
      vertex 64.2945 90.8182 0.434431
      vertex 64.4324 90.8753 0.79491
    endloop
  endfacet
  facet normal 0.828866 0.408684 -0.382045
    outer loop
      vertex 64.2945 90.8182 0.434431
      vertex 65.0688 89.5848 0.79491
      vertex 64.9308 89.5277 0.434431
    endloop
  endfacet
  facet normal 0.678279 -0.205785 -0.705401
    outer loop
      vertex 64.9804 5.10861 0.158531
      vertex 65.6337 6.31618 0.434431
      vertex 65.2353 5.00303 0.434431
    endloop
  endfacet
  facet normal 0.678279 -0.205785 -0.705401
    outer loop
      vertex 65.6337 6.31618 0.434431
      vertex 64.9804 5.10861 0.158531
      vertex 65.3788 6.42176 0.158531
    endloop
  endfacet
  facet normal 0.216118 0.32342 -0.921245
    outer loop
      vertex 59.5747 94.7065 0.00921631
      vertex 60.909 94.2402 0.158531
      vertex 60.771 93.9071 0.00921631
    endloop
  endfacet
  facet normal 0.216133 0.323469 -0.921224
    outer loop
      vertex 60.909 94.2402 0.158531
      vertex 59.5747 94.7065 0.00921631
      vertex 59.7126 95.0396 0.158531
    endloop
  endfacet
  facet normal -0.216213 0.323405 -0.921228
    outer loop
      vertex 4.03635 95.0005 0.00921631
      vertex 3.71816 95.2131 0.158531
      vertex 3.8984 95.3336 0.158531
    endloop
  endfacet
  facet normal -0.382411 0.0376648 -0.923225
    outer loop
      vertex 0.80491 89 0.00921631
      vertex 0.578933 90.3656 0.158531
      vertex 0.939412 90.3656 0.00921631
    endloop
  endfacet
  facet normal -0.38241 0.0376649 -0.923225
    outer loop
      vertex 0.578933 90.3656 0.158531
      vertex 0.80491 89 0.00921631
      vertex 0.44443 89 0.158531
    endloop
  endfacet
  facet normal 0.593435 0.396831 -0.700257
    outer loop
      vertex 63.2402 91.909 0.158531
      vertex 63.1197 92.0892 0.158531
      vertex 63.3148 92.2843 0.434431
    endloop
  endfacet
  facet normal 0.408772 0.828914 -0.381848
    outer loop
      vertex 59.8182 95.2945 0.434431
      vertex 58.5848 96.0688 0.79491
      vertex 59.8753 95.4324 0.79491
    endloop
  endfacet
  facet normal 0.408772 0.828914 -0.381848
    outer loop
      vertex 58.5848 96.0688 0.79491
      vertex 59.8182 95.2945 0.434431
      vertex 58.5277 95.9309 0.434431
    endloop
  endfacet
  facet normal 0.290296 -0.956937 0
    outer loop
      vertex 59.741 0.228376 0.79491
      vertex 61.0541 0.626717 1
      vertex 59.741 0.228376 1
    endloop
  endfacet
  facet normal 0.290296 -0.956937 0
    outer loop
      vertex 61.0541 0.626717 1
      vertex 59.741 0.228376 0.79491
      vertex 61.0541 0.626717 0.79491
    endloop
  endfacet
  facet normal -0.139298 0.700208 -0.700218
    outer loop
      vertex 6.42176 96.3788 0.158531
      vertex 6.31618 96.6337 0.434431
      vertex 6.63437 96.697 0.434431
    endloop
  endfacet
  facet normal -0.0759134 0.381559 -0.921222
    outer loop
      vertex 6.63437 96.0606 0.00921631
      vertex 6.42176 96.3788 0.158531
      vertex 6.63437 96.4211 0.158531
    endloop
  endfacet
  facet normal 0.169552 0.343819 -0.923602
    outer loop
      vertex 58.2842 95.3429 0.00921631
      vertex 59.7126 95.0396 0.158531
      vertex 59.5747 94.7065 0.00921631
    endloop
  endfacet
  facet normal 0.169552 0.343819 -0.923602
    outer loop
      vertex 59.7126 95.0396 0.158531
      vertex 58.2842 95.3429 0.00921631
      vertex 58.4221 95.676 0.158531
    endloop
  endfacet
  facet normal -0.381576 -0.0759012 -0.921216
    outer loop
      vertex 0.954263 6.55971 0.00921631
      vertex 0.621222 6.42176 0.158531
      vertex 0.939412 6.63437 0.00921631
    endloop
  endfacet
  facet normal -0.707107 0 -0.707107
    outer loop
      vertex 0.44443 8 0.158531
      vertex 0.16853 89 0.434431
      vertex 0.44443 89 0.158531
    endloop
  endfacet
  facet normal -0.707107 -0 -0.707107
    outer loop
      vertex 0.16853 89 0.434431
      vertex 0.44443 8 0.158531
      vertex 0.16853 8 0.434431
    endloop
  endfacet
  facet normal -0.980793 0.195053 0
    outer loop
      vertex 0.153718 90.3656 0.79491
      vertex 0.228375 90.741 1
      vertex 0.228375 90.741 0.79491
    endloop
  endfacet
  facet normal -0.980793 0.195053 0
    outer loop
      vertex 0.228375 90.741 1
      vertex 0.153718 90.3656 0.79491
      vertex 0.153718 90.3656 1
    endloop
  endfacet
  facet normal -0.700213 0.139277 -0.700217
    outer loop
      vertex 0.621222 90.5782 0.158531
      vertex 0.303033 90.3656 0.434431
      vertex 0.366325 90.6838 0.434431
    endloop
  endfacet
  facet normal -0.92388 0 -0.382681
    outer loop
      vertex 0.16853 8 0.434431
      vertex 0.0192156 89 0.79491
      vertex 0.16853 89 0.434431
    endloop
  endfacet
  facet normal -0.92388 -0 -0.382681
    outer loop
      vertex 0.0192156 89 0.79491
      vertex 0.16853 8 0.434431
      vertex 0.0192156 8 0.79491
    endloop
  endfacet
  facet normal -0.884727 0.26839 -0.381085
    outer loop
      vertex 0.764666 91.997 0.434431
      vertex 0.228375 90.741 0.79491
      vertex 0.626716 92.0541 0.79491
    endloop
  endfacet
  facet normal -0.884707 0.268364 -0.381148
    outer loop
      vertex 0.228375 90.741 0.79491
      vertex 0.764666 91.997 0.434431
      vertex 0.366325 90.6838 0.434431
    endloop
  endfacet
  facet normal -0.625114 0.334133 -0.705399
    outer loop
      vertex 1.01956 91.8914 0.158531
      vertex 1.41154 93.2072 0.434431
      vertex 1.66643 93.1016 0.158531
    endloop
  endfacet
  facet normal -0.625109 0.334132 -0.705404
    outer loop
      vertex 1.41154 93.2072 0.434431
      vertex 1.01956 91.8914 0.158531
      vertex 0.764666 91.997 0.434431
    endloop
  endfacet
  facet normal -0.980786 -0.195088 0
    outer loop
      vertex 0.228375 6.25904 0.79491
      vertex 0.153718 6.63437 1
      vertex 0.153718 6.63437 0.79491
    endloop
  endfacet
  facet normal -0.980786 -0.195088 0
    outer loop
      vertex 0.153718 6.63437 1
      vertex 0.228375 6.25904 0.79491
      vertex 0.228375 6.25904 1
    endloop
  endfacet
  facet normal -0.625105 -0.334164 -0.705392
    outer loop
      vertex 0.766284 5 0.434431
      vertex 1.01956 5.10861 0.158531
      vertex 1.07762 5 0.158531
    endloop
  endfacet
  facet normal -0.625244 -0.333876 -0.705406
    outer loop
      vertex 1.01956 5.10861 0.158531
      vertex 0.766284 5 0.434431
      vertex 0.764666 5.00303 0.434431
    endloop
  endfacet
  facet normal -0.0376644 -0.38241 -0.923225
    outer loop
      vertex 6.63437 0.578934 0.158531
      vertex 8 0.80491 0.00921631
      vertex 8 0.44443 0.158531
    endloop
  endfacet
  facet normal -0.0376642 -0.382411 -0.923225
    outer loop
      vertex 8 0.80491 0.00921631
      vertex 6.63437 0.578934 0.158531
      vertex 6.63437 0.939413 0.00921631
    endloop
  endfacet
  facet normal 0 -0.382681 -0.92388
    outer loop
      vertex 10 0.44443 0.158531
      vertex 56 0.80491 0.00921631
      vertex 56 0.44443 0.158531
    endloop
  endfacet
  facet normal -0 -0.382681 -0.92388
    outer loop
      vertex 56 0.80491 0.00921631
      vertex 10 0.44443 0.158531
      vertex 10 0.80491 0.00921631
    endloop
  endfacet
  facet normal -0.0759012 -0.381576 -0.921216
    outer loop
      vertex 6.63437 0.939413 0.00921631
      vertex 6.42176 0.621223 0.158531
      vertex 6.55971 0.954264 0.00921631
    endloop
  endfacet
  facet normal -0.216156 -0.323481 -0.921215
    outer loop
      vertex 3.8984 1.66643 0.158531
      vertex 3.71816 1.78687 0.158531
      vertex 4.03635 1.99947 0.00921631
    endloop
  endfacet
  facet normal -0.180743 -0.908664 -0.37638
    outer loop
      vertex 6.63437 0.153719 0.79491
      vertex 6.25904 0.228376 0.79491
      vertex 6.63437 0.303034 0.434431
    endloop
  endfacet
  facet normal -0.0906202 -0.920079 -0.381108
    outer loop
      vertex 6.63437 0.303034 0.434431
      vertex 8 0.0192156 0.79491
      vertex 6.63437 0.153719 0.79491
    endloop
  endfacet
  facet normal -0.0906207 -0.920079 -0.381107
    outer loop
      vertex 8 0.0192156 0.79491
      vertex 6.63437 0.303034 0.434431
      vertex 8 0.16853 0.434431
    endloop
  endfacet
  facet normal -0.770313 -0.514729 -0.376393
    outer loop
      vertex 1.48619 3.41749 0.79491
      vertex 1.42511 3.72455 0.5
      vertex 1.57257 3.50387 0.5
    endloop
  endfacet
  facet normal -0.956937 0.290296 0
    outer loop
      vertex 0.228375 90.741 0.79491
      vertex 0.626716 92.0541 1
      vertex 0.626716 92.0541 0.79491
    endloop
  endfacet
  facet normal -0.956937 0.290296 0
    outer loop
      vertex 0.626716 92.0541 1
      vertex 0.228375 90.741 0.79491
      vertex 0.228375 90.741 1
    endloop
  endfacet
  facet normal -0.831487 0.555544 0
    outer loop
      vertex 1.27359 93.2643 0.79491
      vertex 1.48619 93.5825 1
      vertex 1.48619 93.5825 0.79491
    endloop
  endfacet
  facet normal -0.831487 0.555544 0
    outer loop
      vertex 1.48619 93.5825 1
      vertex 1.27359 93.2643 0.79491
      vertex 1.27359 93.2643 1
    endloop
  endfacet
  facet normal -0.381578 -0.0758975 -0.921215
    outer loop
      vertex 0.621222 6.42176 0.158531
      vertex 0.578933 6.63437 0.158531
      vertex 0.939412 6.63437 0.00921631
    endloop
  endfacet
  facet normal -0.700215 -0.139276 -0.700215
    outer loop
      vertex 0.621222 6.42176 0.158531
      vertex 0.303033 6.63437 0.434431
      vertex 0.578933 6.63437 0.158531
    endloop
  endfacet
  facet normal -0.593591 0.396674 -0.700214
    outer loop
      vertex 1.66643 93.1016 0.158531
      vertex 1.41154 93.2072 0.434431
      vertex 1.59177 93.4769 0.434431
    endloop
  endfacet
  facet normal -0.514724 0.770367 -0.376291
    outer loop
      vertex 3.79282 95.5885 0.434431
      vertex 3.41749 95.5138 0.79491
      vertex 3.73568 95.7264 0.79491
    endloop
  endfacet
  facet normal -0.88192 -0.471399 0
    outer loop
      vertex 1.27359 3.73568 0.79491
      vertex 0.626716 4.94589 1
      vertex 0.626716 4.94589 0.79491
    endloop
  endfacet
  facet normal -0.88192 -0.471399 0
    outer loop
      vertex 0.626716 4.94589 1
      vertex 1.27359 3.73568 0.79491
      vertex 1.27359 3.73568 1
    endloop
  endfacet
  facet normal 0.313073 0.634854 -0.706361
    outer loop
      vertex 58.4221 95.676 0.158531
      vertex 59.8182 95.2945 0.434431
      vertex 59.7126 95.0396 0.158531
    endloop
  endfacet
  facet normal 0.313073 0.634854 -0.706361
    outer loop
      vertex 59.8182 95.2945 0.434431
      vertex 58.4221 95.676 0.158531
      vertex 58.5277 95.9309 0.434431
    endloop
  endfacet
  facet normal 0.0462929 0.706349 -0.706349
    outer loop
      vertex 54 96.5556 0.158531
      vertex 55.4358 96.7374 0.434431
      vertex 55.4358 96.4615 0.158531
    endloop
  endfacet
  facet normal 0.0462929 0.706349 -0.706349
    outer loop
      vertex 55.4358 96.7374 0.434431
      vertex 54 96.5556 0.158531
      vertex 54 96.8315 0.434431
    endloop
  endfacet
  facet normal 0.700267 0.139085 -0.700201
    outer loop
      vertex 65.4566 87.847 0.434431
      vertex 65.1385 88.0596 0.158531
      vertex 65.3934 88.1652 0.434431
    endloop
  endfacet
  facet normal 0.288241 0.252777 -0.923591
    outer loop
      vertex 61.9161 92.9161 0.00921631
      vertex 63.1197 92.0892 0.158531
      vertex 62.8648 91.8343 0.00921631
    endloop
  endfacet
  facet normal 0.288241 0.252777 -0.923591
    outer loop
      vertex 63.1197 92.0892 0.158531
      vertex 61.9161 92.9161 0.00921631
      vertex 62.171 93.171 0.158531
    endloop
  endfacet
  facet normal 0.514723 0.77039 -0.376243
    outer loop
      vertex 60.1935 95.2198 0.79491
      vertex 59.8182 95.2945 0.434431
      vertex 59.8753 95.4324 0.79491
    endloop
  endfacet
  facet normal 0.367741 -0.11157 -0.923211
    outer loop
      vertex 64.6474 5.24656 0.00921631
      vertex 65.3788 6.42176 0.158531
      vertex 64.9804 5.10861 0.158531
    endloop
  endfacet
  facet normal 0.367668 -0.11152 -0.923246
    outer loop
      vertex 65.3788 6.42176 0.158531
      vertex 64.6474 5.24656 0.00921631
      vertex 65.0457 6.55971 0.00921631
    endloop
  endfacet
  facet normal 0.323367 0.216236 -0.921236
    outer loop
      vertex 63.2402 91.909 0.158531
      vertex 62.9071 91.771 0.00921631
      vertex 63.1197 92.0892 0.158531
    endloop
  endfacet
  facet normal -0.678288 0.205748 -0.705403
    outer loop
      vertex 0.366325 90.6838 0.434431
      vertex 1.01956 91.8914 0.158531
      vertex 0.621222 90.5782 0.158531
    endloop
  endfacet
  facet normal -0.678291 0.20575 -0.705399
    outer loop
      vertex 1.01956 91.8914 0.158531
      vertex 0.366325 90.6838 0.434431
      vertex 0.764666 91.997 0.434431
    endloop
  endfacet
  facet normal 0.396831 0.593435 -0.700257
    outer loop
      vertex 61.0892 94.1197 0.158531
      vertex 60.909 94.2402 0.158531
      vertex 61.2843 94.3148 0.434431
    endloop
  endfacet
  facet normal 0.216236 0.323367 -0.921236
    outer loop
      vertex 61.0892 94.1197 0.158531
      vertex 60.771 93.9071 0.00921631
      vertex 60.909 94.2402 0.158531
    endloop
  endfacet
  facet normal -0.323486 0.216208 -0.921201
    outer loop
      vertex 1.99947 92.9637 0.00921631
      vertex 1.66643 93.1016 0.158531
      vertex 1.78687 93.2818 0.158531
    endloop
  endfacet
  facet normal -0.396778 0.593488 -0.700242
    outer loop
      vertex 3.71816 95.2131 0.158531
      vertex 3.52307 95.4082 0.434431
      vertex 3.8984 95.3336 0.158531
    endloop
  endfacet
  facet normal 0.514883 0.770182 -0.376451
    outer loop
      vertex 60.0879 95.1142 0.434431
      vertex 59.8182 95.2945 0.434431
      vertex 60.1935 95.2198 0.79491
    endloop
  endfacet
  facet normal 0.5147 0.770312 -0.376436
    outer loop
      vertex 61.2843 94.3148 0.434431
      vertex 60.1935 95.2198 0.79491
      vertex 61.3899 94.4204 0.79491
    endloop
  endfacet
  facet normal 0.5147 0.770312 -0.376436
    outer loop
      vertex 60.1935 95.2198 0.79491
      vertex 61.2843 94.3148 0.434431
      vertex 60.0879 95.1142 0.434431
    endloop
  endfacet
  facet normal -0.181123 0.338842 -0.923245
    outer loop
      vertex 3.8984 95.3336 0.158531
      vertex 5.24656 95.6474 0.00921631
      vertex 4.03635 95.0005 0.00921631
    endloop
  endfacet
  facet normal -0.181138 0.338922 -0.923212
    outer loop
      vertex 5.24656 95.6474 0.00921631
      vertex 3.8984 95.3336 0.158531
      vertex 5.10861 95.9804 0.158531
    endloop
  endfacet
  facet normal 0.323471 0.216158 -0.921218
    outer loop
      vertex 62.9071 91.771 0.00921631
      vertex 62.8648 91.8343 0.00921631
      vertex 63.1197 92.0892 0.158531
    endloop
  endfacet
  facet normal 0.0760873 0.381458 -0.921249
    outer loop
      vertex 56.9217 95.8054 0.00921631
      vertex 56.847 95.8203 0.00921631
      vertex 57.0596 96.1385 0.158531
    endloop
  endfacet
  facet normal -0.449647 0.547924 -0.705406
    outer loop
      vertex 2.6574 94.3426 0.158531
      vertex 3.52307 95.4082 0.434431
      vertex 3.71816 95.2131 0.158531
    endloop
  endfacet
  facet normal -0.449647 0.547924 -0.705406
    outer loop
      vertex 3.52307 95.4082 0.434431
      vertex 2.6574 94.3426 0.158531
      vertex 2.46231 94.5377 0.434431
    endloop
  endfacet
  facet normal 0.0758976 0.38157 -0.921219
    outer loop
      vertex 56.847 95.8203 0.00921631
      vertex 55.6484 96.4192 0.158531
      vertex 57.0596 96.1385 0.158531
    endloop
  endfacet
  facet normal 0.0758976 0.38157 -0.921219
    outer loop
      vertex 55.6484 96.4192 0.158531
      vertex 56.847 95.8203 0.00921631
      vertex 55.4358 96.101 0.00921631
    endloop
  endfacet
  facet normal -0.714677 0.586496 -0.38113
    outer loop
      vertex 2.46231 94.5377 0.434431
      vertex 1.48619 93.5825 0.79491
      vertex 2.35673 94.6433 0.79491
    endloop
  endfacet
  facet normal -0.714677 0.586496 -0.38113
    outer loop
      vertex 1.48619 93.5825 0.79491
      vertex 2.46231 94.5377 0.434431
      vertex 1.59177 93.4769 0.434431
    endloop
  endfacet
  facet normal 0.381435 -0.0761234 -0.921256
    outer loop
      vertex 65.3788 6.42176 0.158531
      vertex 65.0457 6.55971 0.00921631
      vertex 65.0606 6.63437 0.00921631
    endloop
  endfacet
  facet normal -0.0761234 0.381435 -0.921256
    outer loop
      vertex 6.55971 96.0457 0.00921631
      vertex 6.42176 96.3788 0.158531
      vertex 6.63437 96.0606 0.00921631
    endloop
  endfacet
  facet normal 0.442286 0.896874 -0
    outer loop
      vertex 59.8753 95.4324 0.79491
      vertex 58.5848 96.0688 1
      vertex 59.8753 95.4324 1
    endloop
  endfacet
  facet normal 0.442286 0.896874 0
    outer loop
      vertex 58.5848 96.0688 1
      vertex 59.8753 95.4324 0.79491
      vertex 58.5848 96.0688 0.79491
    endloop
  endfacet
  facet normal -0.243774 -0.297041 -0.923223
    outer loop
      vertex 3.71816 1.78687 0.158531
      vertex 2.9123 2.9123 0.00921631
      vertex 3.97306 2.04176 0.00921631
    endloop
  endfacet
  facet normal -0.243774 -0.297041 -0.923223
    outer loop
      vertex 2.9123 2.9123 0.00921631
      vertex 3.71816 1.78687 0.158531
      vertex 2.6574 2.65741 0.158531
    endloop
  endfacet
  facet normal 0.381559 -0.0759134 -0.921222
    outer loop
      vertex 65.3788 6.42176 0.158531
      vertex 65.0606 6.63437 0.00921631
      vertex 65.4211 6.63437 0.158531
    endloop
  endfacet
  facet normal -0.435822 -0.815362 -0.38111
    outer loop
      vertex 3.79282 1.41154 0.434431
      vertex 4.94589 0.626717 0.79491
      vertex 3.73568 1.27359 0.79491
    endloop
  endfacet
  facet normal -0.435822 -0.815362 -0.38111
    outer loop
      vertex 4.94589 0.626717 0.79491
      vertex 3.79282 1.41154 0.434431
      vertex 5.00303 0.764667 0.434431
    endloop
  endfacet
  facet normal 0.980786 0.195087 0
    outer loop
      vertex 65.812 86.8111 1
      vertex 65.5313 88.2223 0.79491
      vertex 65.5313 88.2223 1
    endloop
  endfacet
  facet normal 0.980786 0.195087 0
    outer loop
      vertex 65.5313 88.2223 0.79491
      vertex 65.812 86.8111 1
      vertex 65.812 86.8111 0.79491
    endloop
  endfacet
  facet normal -0.334136 -0.625122 -0.705391
    outer loop
      vertex 3.79282 1.41154 0.434431
      vertex 5.10861 1.01956 0.158531
      vertex 5.00303 0.764667 0.434431
    endloop
  endfacet
  facet normal -0.334136 -0.625125 -0.705387
    outer loop
      vertex 5.10861 1.01956 0.158531
      vertex 3.79282 1.41154 0.434431
      vertex 3.8984 1.66643 0.158531
    endloop
  endfacet
  facet normal -0.547918 0.449641 -0.705414
    outer loop
      vertex 1.59177 93.4769 0.434431
      vertex 2.6574 94.3426 0.158531
      vertex 1.78687 93.2818 0.158531
    endloop
  endfacet
  facet normal -0.547923 0.44965 -0.705404
    outer loop
      vertex 2.6574 94.3426 0.158531
      vertex 1.59177 93.4769 0.434431
      vertex 2.46231 94.5377 0.434431
    endloop
  endfacet
  facet normal -0.547925 -0.44966 -0.705396
    outer loop
      vertex 2.46231 2.46232 0.434431
      vertex 2.37625 3 0.158531
      vertex 2.6574 2.65741 0.158531
    endloop
  endfacet
  facet normal -0.547917 -0.449662 -0.705401
    outer loop
      vertex 2.37625 3 0.158531
      vertex 2.46231 2.46232 0.434431
      vertex 2.02105 3 0.434431
    endloop
  endfacet
  facet normal 0.139282 -0.700214 -0.700214
    outer loop
      vertex 59.3656 0.303034 0.434431
      vertex 59.3656 0.578934 0.158531
      vertex 59.5782 0.621223 0.158531
    endloop
  endfacet
  facet normal -0.884715 -0.268376 -0.381122
    outer loop
      vertex 0.737339 5 0.5
      vertex 0.366325 6.31618 0.434431
      vertex 0.764666 5.00303 0.434431
    endloop
  endfacet
  facet normal -0.884806 -0.268044 -0.381144
    outer loop
      vertex 0.737339 5 0.5
      vertex 0.764666 5.00303 0.434431
      vertex 0.757358 5 0.453527
    endloop
  endfacet
  facet normal -0.88472 -0.268377 -0.38111
    outer loop
      vertex 0.366325 6.31618 0.434431
      vertex 0.737339 5 0.5
      vertex 0.228375 6.25904 0.79491
    endloop
  endfacet
  facet normal -0.884781 -0.268195 -0.381096
    outer loop
      vertex 0.626716 4.94589 0.79491
      vertex 0.737339 5 0.5
      vertex 0.739573 4.99263 0.5
    endloop
  endfacet
  facet normal -0.884721 -0.268378 -0.381107
    outer loop
      vertex 0.737339 5 0.5
      vertex 0.626716 4.94589 0.79491
      vertex 0.228375 6.25904 0.79491
    endloop
  endfacet
  facet normal -0.770356 -0.51468 -0.376372
    outer loop
      vertex 1.42511 3.72455 0.5
      vertex 1.27359 3.73568 0.79491
      vertex 1.38644 3.78243 0.5
    endloop
  endfacet
  facet normal -0.770342 -0.514707 -0.376364
    outer loop
      vertex 1.27359 3.73568 0.79491
      vertex 1.42511 3.72455 0.5
      vertex 1.48619 3.41749 0.79491
    endloop
  endfacet
  facet normal -0.770291 0.514755 -0.376403
    outer loop
      vertex 1.59177 93.4769 0.434431
      vertex 1.41154 93.2072 0.434431
      vertex 1.48619 93.5825 0.79491
    endloop
  endfacet
  facet normal 0.216179 -0.323443 -0.921223
    outer loop
      vertex 62.1016 1.66643 0.158531
      vertex 61.9636 1.99947 0.00921631
      vertex 62.2818 1.78687 0.158531
    endloop
  endfacet
  facet normal 0.0604398 0.922204 -0.38195
    outer loop
      vertex 55.4358 96.7374 0.434431
      vertex 54 96.9808 0.79491
      vertex 55.4358 96.8867 0.79491
    endloop
  endfacet
  facet normal 0.0604398 0.922204 -0.38195
    outer loop
      vertex 54 96.9808 0.79491
      vertex 55.4358 96.7374 0.434431
      vertex 54 96.8315 0.434431
    endloop
  endfacet
  facet normal 0.139318 0.700211 -0.700211
    outer loop
      vertex 55.4358 96.4615 0.158531
      vertex 55.4358 96.7374 0.434431
      vertex 55.6484 96.4192 0.158531
    endloop
  endfacet
  facet normal -0.471398 -0.881921 0
    outer loop
      vertex 3.73568 1.27359 0.79491
      vertex 4.94589 0.626717 1
      vertex 3.73568 1.27359 1
    endloop
  endfacet
  facet normal -0.471398 -0.881921 -0
    outer loop
      vertex 4.94589 0.626717 1
      vertex 3.73568 1.27359 0.79491
      vertex 4.94589 0.626717 0.79491
    endloop
  endfacet
  facet normal 0.908771 0.180498 -0.376238
    outer loop
      vertex 65.4566 87.847 0.434431
      vertex 65.3934 88.1652 0.434431
      vertex 65.5313 88.2223 0.79491
    endloop
  endfacet
  facet normal 0.67029 0.22753 -0.706358
    outer loop
      vertex 64.676 89.4221 0.158531
      vertex 65.3934 88.1652 0.434431
      vertex 65.1385 88.0596 0.158531
    endloop
  endfacet
  facet normal 0.670389 0.227612 -0.706238
    outer loop
      vertex 65.3934 88.1652 0.434431
      vertex 64.676 89.4221 0.158531
      vertex 64.9308 89.5277 0.434431
    endloop
  endfacet
  facet normal 0.593603 0.396628 -0.70023
    outer loop
      vertex 64.0396 90.7126 0.158531
      vertex 63.4951 92.0146 0.434431
      vertex 64.2945 90.8182 0.434431
    endloop
  endfacet
  facet normal 0.593603 0.396628 -0.70023
    outer loop
      vertex 63.4951 92.0146 0.434431
      vertex 64.0396 90.7126 0.158531
      vertex 63.2402 91.909 0.158531
    endloop
  endfacet
  facet normal 0.831487 0.555544 0
    outer loop
      vertex 64.4324 90.8753 1
      vertex 64.2198 91.1935 0.79491
      vertex 64.2198 91.1935 1
    endloop
  endfacet
  facet normal 0.831487 0.555544 0
    outer loop
      vertex 64.2198 91.1935 0.79491
      vertex 64.4324 90.8753 1
      vertex 64.4324 90.8753 0.79491
    endloop
  endfacet
  facet normal 0.946931 0.321435 0
    outer loop
      vertex 65.5313 88.2223 1
      vertex 65.0688 89.5848 0.79491
      vertex 65.0688 89.5848 1
    endloop
  endfacet
  facet normal 0.946931 0.321435 0
    outer loop
      vertex 65.0688 89.5848 0.79491
      vertex 65.5313 88.2223 1
      vertex 65.5313 88.2223 0.79491
    endloop
  endfacet
  facet normal 0.980761 0.195211 0
    outer loop
      vertex 65.8867 86.4358 1
      vertex 65.812 86.8111 0.79491
      vertex 65.812 86.8111 1
    endloop
  endfacet
  facet normal 0.980761 0.195211 0
    outer loop
      vertex 65.812 86.8111 0.79491
      vertex 65.8867 86.4358 1
      vertex 65.8867 86.4358 0.79491
    endloop
  endfacet
  facet normal 0.321435 0.946931 -0
    outer loop
      vertex 58.5848 96.0688 0.79491
      vertex 57.2223 96.5313 1
      vertex 58.5848 96.0688 1
    endloop
  endfacet
  facet normal 0.321435 0.946931 0
    outer loop
      vertex 57.2223 96.5313 1
      vertex 58.5848 96.0688 0.79491
      vertex 57.2223 96.5313 0.79491
    endloop
  endfacet
  facet normal 0.382392 -0.0376615 -0.923233
    outer loop
      vertex 65.4211 6.63437 0.158531
      vertex 65.1951 8 0.00921631
      vertex 65.5556 8 0.158531
    endloop
  endfacet
  facet normal 0.382392 -0.0376615 -0.923233
    outer loop
      vertex 65.1951 8 0.00921631
      vertex 65.4211 6.63437 0.158531
      vertex 65.0606 6.63437 0.00921631
    endloop
  endfacet
  facet normal 0.751844 0.659341 0
    outer loop
      vertex 63.4204 92.3899 1
      vertex 62.4717 93.4717 0.79491
      vertex 62.4717 93.4717 1
    endloop
  endfacet
  facet normal 0.751844 0.659341 0
    outer loop
      vertex 62.4717 93.4717 0.79491
      vertex 63.4204 92.3899 1
      vertex 63.4204 92.3899 0.79491
    endloop
  endfacet
  facet normal 0.659341 0.751844 -0
    outer loop
      vertex 62.4717 93.4717 0.79491
      vertex 61.3899 94.4204 1
      vertex 62.4717 93.4717 1
    endloop
  endfacet
  facet normal 0.659341 0.751844 0
    outer loop
      vertex 61.3899 94.4204 1
      vertex 62.4717 93.4717 0.79491
      vertex 61.3899 94.4204 0.79491
    endloop
  endfacet
  facet normal 0.700208 -0.139298 -0.700218
    outer loop
      vertex 65.6337 6.31618 0.434431
      vertex 65.3788 6.42176 0.158531
      vertex 65.697 6.63437 0.434431
    endloop
  endfacet
  facet normal 0.205751 -0.678292 -0.705398
    outer loop
      vertex 59.6838 0.366326 0.434431
      vertex 60.8914 1.01956 0.158531
      vertex 60.997 0.764667 0.434431
    endloop
  endfacet
  facet normal 0.205747 -0.678288 -0.705403
    outer loop
      vertex 60.8914 1.01956 0.158531
      vertex 59.6838 0.366326 0.434431
      vertex 59.5782 0.621223 0.158531
    endloop
  endfacet
  facet normal 0.139277 -0.700213 -0.700217
    outer loop
      vertex 59.6838 0.366326 0.434431
      vertex 59.3656 0.303034 0.434431
      vertex 59.5782 0.621223 0.158531
    endloop
  endfacet
  facet normal 0.555544 -0.831487 0
    outer loop
      vertex 62.2643 1.27359 0.79491
      vertex 62.5825 1.48619 1
      vertex 62.2643 1.27359 1
    endloop
  endfacet
  facet normal 0.555544 -0.831487 0
    outer loop
      vertex 62.5825 1.48619 1
      vertex 62.2643 1.27359 0.79491
      vertex 62.5825 1.48619 0.79491
    endloop
  endfacet
  facet normal -0.0980176 -0.995185 0
    outer loop
      vertex 6.63437 0.153719 0.79491
      vertex 8 0.0192156 1
      vertex 6.63437 0.153719 1
    endloop
  endfacet
  facet normal -0.0980176 -0.995185 -0
    outer loop
      vertex 8 0.0192156 1
      vertex 6.63437 0.153719 0.79491
      vertex 8 0.0192156 0.79491
    endloop
  endfacet
  facet normal 0.532191 0.466713 -0.706365
    outer loop
      vertex 62.171 93.171 0.158531
      vertex 63.3148 92.2843 0.434431
      vertex 63.1197 92.0892 0.158531
    endloop
  endfacet
  facet normal 0.532191 0.466713 -0.706365
    outer loop
      vertex 63.3148 92.2843 0.434431
      vertex 62.171 93.171 0.158531
      vertex 62.3661 93.3661 0.434431
    endloop
  endfacet
  facet normal -0.0694742 0.705398 -0.705398
    outer loop
      vertex 6.63437 96.697 0.434431
      vertex 8 96.5556 0.158531
      vertex 6.63437 96.4211 0.158531
    endloop
  endfacet
  facet normal -0.0694742 0.705398 -0.705398
    outer loop
      vertex 8 96.5556 0.158531
      vertex 6.63437 96.697 0.434431
      vertex 8 96.8315 0.434431
    endloop
  endfacet
  facet normal 0 0 -1
    outer loop
      vertex 0.80491 8 0.00921631
      vertex 6 45 0.00921631
      vertex 6 7 0.00921631
    endloop
  endfacet
  facet normal 0 0 -1
    outer loop
      vertex 6 45 0.00921631
      vertex 0.80491 89 0.00921631
      vertex 5.24656 95.6474 0.00921631
    endloop
  endfacet
  facet normal 0 0 -1
    outer loop
      vertex 5.24656 95.6474 0.00921631
      vertex 0.80491 89 0.00921631
      vertex 4.03635 95.0005 0.00921631
    endloop
  endfacet
  facet normal 0 0 -1
    outer loop
      vertex 4.03635 95.0005 0.00921631
      vertex 0.80491 89 0.00921631
      vertex 3.97306 94.9582 0.00921631
    endloop
  endfacet
  facet normal 0 0 -1
    outer loop
      vertex 3.97306 94.9582 0.00921631
      vertex 0.80491 89 0.00921631
      vertex 2.9123 94.0877 0.00921631
    endloop
  endfacet
  facet normal 0 0 -1
    outer loop
      vertex 2.9123 94.0877 0.00921631
      vertex 0.80491 89 0.00921631
      vertex 2.04176 93.0269 0.00921631
    endloop
  endfacet
  facet normal 0 0 -1
    outer loop
      vertex 1.48439 5 0.00921631
      vertex 6.40192 5.5 0.00921631
      vertex 6.78559 5 0.00921631
    endloop
  endfacet
  facet normal 0 0 -1
    outer loop
      vertex 1.48439 5 0.00921631
      vertex 6.10222 6.22354 0.00921631
      vertex 6.40192 5.5 0.00921631
    endloop
  endfacet
  facet normal 0 0 -1
    outer loop
      vertex 1.48439 5 0.00921631
      vertex 6 7 0.00921631
      vertex 6.10222 6.22354 0.00921631
    endloop
  endfacet
  facet normal 0 0 -1
    outer loop
      vertex 1.3526 5.24656 0.00921631
      vertex 6 7 0.00921631
      vertex 1.48439 5 0.00921631
    endloop
  endfacet
  facet normal 0 0 -1
    outer loop
      vertex 6 7 0.00921631
      vertex 1.3526 5.24656 0.00921631
      vertex 0.954263 6.55971 0.00921631
    endloop
  endfacet
  facet normal -0 0 -1
    outer loop
      vertex 6 45 0.00921631
      vertex 0.80491 8 0.00921631
      vertex 0.80491 89 0.00921631
    endloop
  endfacet
  facet normal 0 0 -1
    outer loop
      vertex 0.939412 6.63437 0.00921631
      vertex 6 7 0.00921631
      vertex 0.954263 6.55971 0.00921631
    endloop
  endfacet
  facet normal 0 0 -1
    outer loop
      vertex 2.04176 93.0269 0.00921631
      vertex 0.80491 89 0.00921631
      vertex 1.99947 92.9637 0.00921631
    endloop
  endfacet
  facet normal -0 0 -1
    outer loop
      vertex 6 7 0.00921631
      vertex 0.939412 6.63437 0.00921631
      vertex 0.80491 8 0.00921631
    endloop
  endfacet
  facet normal 0 0 -1
    outer loop
      vertex 1.99947 92.9637 0.00921631
      vertex 0.80491 89 0.00921631
      vertex 1.3526 91.7534 0.00921631
    endloop
  endfacet
  facet normal 0 0 -1
    outer loop
      vertex 1.3526 91.7534 0.00921631
      vertex 0.80491 89 0.00921631
      vertex 0.954263 90.4403 0.00921631
    endloop
  endfacet
  facet normal 0 0 -1
    outer loop
      vertex 0.954263 90.4403 0.00921631
      vertex 0.80491 89 0.00921631
      vertex 0.939412 90.3656 0.00921631
    endloop
  endfacet
  facet normal 0 0 -1
    outer loop
      vertex 6.75 65.25 0.00921631
      vertex 12.75 71.25 0.00921631
      vertex 12.75 65.25 0.00921631
    endloop
  endfacet
  facet normal 0 0 -1
    outer loop
      vertex 5.24656 95.6474 0.00921631
      vertex 12.75 71.25 0.00921631
      vertex 6.75 65.25 0.00921631
    endloop
  endfacet
  facet normal 0 0 -1
    outer loop
      vertex 12.75 71.25 0.00921631
      vertex 5.24656 95.6474 0.00921631
      vertex 8 96.1951 0.00921631
    endloop
  endfacet
  facet normal -0 0 -1
    outer loop
      vertex 25.25 58.75 0.00921631
      vertex 19.25 52.75 0.00921631
      vertex 19.25 58.75 0.00921631
    endloop
  endfacet
  facet normal 0 0 -1
    outer loop
      vertex 51.4643 82.5622 0.00921631
      vertex 43.6933 77.6918 0.00921631
      vertex 43.7098 78.0698 0.00921631
    endloop
  endfacet
  facet normal 0 0 -1
    outer loop
      vertex 44.639 69.9495 0.00921631
      vertex 43.5795 77.3308 0.00921631
      vertex 43.6933 77.6918 0.00921631
    endloop
  endfacet
  facet normal 0 0 -1
    outer loop
      vertex 44.639 69.9495 0.00921631
      vertex 43.3762 77.0117 0.00921631
      vertex 43.5795 77.3308 0.00921631
    endloop
  endfacet
  facet normal 0 0 -1
    outer loop
      vertex 43.8177 70.3884 0.00921631
      vertex 43.0972 76.7561 0.00921631
      vertex 43.3762 77.0117 0.00921631
    endloop
  endfacet
  facet normal 0 0 -1
    outer loop
      vertex 42.7615 76.5813 0.00921631
      vertex 43.8177 70.3884 0.00921631
      vertex 42.9267 70.6587 0.00921631
    endloop
  endfacet
  facet normal 0 0 -1
    outer loop
      vertex 43.8177 70.3884 0.00921631
      vertex 42.7615 76.5813 0.00921631
      vertex 43.0972 76.7561 0.00921631
    endloop
  endfacet
  facet normal 0 0 -1
    outer loop
      vertex 42.9267 70.6587 0.00921631
      vertex 42.3921 76.4994 0.00921631
      vertex 42.7615 76.5813 0.00921631
    endloop
  endfacet
  facet normal 0 0 -1
    outer loop
      vertex 42 70.75 0.00921631
      vertex 42.3921 76.4994 0.00921631
      vertex 42.9267 70.6587 0.00921631
    endloop
  endfacet
  facet normal -0 0 -1
    outer loop
      vertex 42.3921 76.4994 0.00921631
      vertex 42 70.75 0.00921631
      vertex 42.0141 76.5159 0.00921631
    endloop
  endfacet
  facet normal 0 0 -1
    outer loop
      vertex 41.0733 70.6587 0.00921631
      vertex 42.0141 76.5159 0.00921631
      vertex 42 70.75 0.00921631
    endloop
  endfacet
  facet normal -0 0 -1
    outer loop
      vertex 42.0141 76.5159 0.00921631
      vertex 41.0733 70.6587 0.00921631
      vertex 41.65 76.6307 0.00921631
    endloop
  endfacet
  facet normal 0 0 -1
    outer loop
      vertex 40.1823 70.3884 0.00921631
      vertex 41.65 76.6307 0.00921631
      vertex 41.0733 70.6587 0.00921631
    endloop
  endfacet
  facet normal 0 0 -1
    outer loop
      vertex 37.1244 78.741 0.00921631
      vertex 40.1823 70.3884 0.00921631
      vertex 39.361 69.9495 0.00921631
    endloop
  endfacet
  facet normal 0 0 -1
    outer loop
      vertex 37.1244 78.741 0.00921631
      vertex 39.361 69.9495 0.00921631
      vertex 38.6412 69.3588 0.00921631
    endloop
  endfacet
  facet normal 0 0 -1
    outer loop
      vertex 29.3762 77.0117 0.00921631
      vertex 38.6412 69.3588 0.00921631
      vertex 38.0505 68.639 0.00921631
    endloop
  endfacet
  facet normal 0 0 -1
    outer loop
      vertex 29.0972 76.7561 0.00921631
      vertex 38.0505 68.639 0.00921631
      vertex 37.6116 67.8177 0.00921631
    endloop
  endfacet
  facet normal 0 0 -1
    outer loop
      vertex 40.1823 70.3884 0.00921631
      vertex 37.1244 78.741 0.00921631
      vertex 41.65 76.6307 0.00921631
    endloop
  endfacet
  facet normal 0 0 -1
    outer loop
      vertex 25.25 65.25 0.00921631
      vertex 37.6116 67.8177 0.00921631
      vertex 37.3413 66.9267 0.00921631
    endloop
  endfacet
  facet normal 0 0 -1
    outer loop
      vertex 25.25 65.25 0.00921631
      vertex 37.3413 66.9267 0.00921631
      vertex 37.25 66 0.00921631
    endloop
  endfacet
  facet normal -0 0 -1
    outer loop
      vertex 28.0141 76.5159 0.00921631
      vertex 25.25 65.25 0.00921631
      vertex 27.65 76.6307 0.00921631
    endloop
  endfacet
  facet normal 0 0 -1
    outer loop
      vertex 19.25 71.25 0.00921631
      vertex 27.65 76.6307 0.00921631
      vertex 25.25 65.25 0.00921631
    endloop
  endfacet
  facet normal -0 0 -1
    outer loop
      vertex 27.65 76.6307 0.00921631
      vertex 19.25 71.25 0.00921631
      vertex 23.1244 78.741 0.00921631
    endloop
  endfacet
  facet normal -0 0 -1
    outer loop
      vertex 23.1244 78.741 0.00921631
      vertex 19.25 71.25 0.00921631
      vertex 22.8025 78.9461 0.00921631
    endloop
  endfacet
  facet normal -0 0 -1
    outer loop
      vertex 22.8025 78.9461 0.00921631
      vertex 19.25 71.25 0.00921631
      vertex 22.5468 79.2251 0.00921631
    endloop
  endfacet
  facet normal -0 0 -1
    outer loop
      vertex 22.5468 79.2251 0.00921631
      vertex 19.25 71.25 0.00921631
      vertex 22.3721 79.5608 0.00921631
    endloop
  endfacet
  facet normal 0 0 -1
    outer loop
      vertex 19.25 71.25 0.00921631
      vertex 25.25 65.25 0.00921631
      vertex 19.25 65.25 0.00921631
    endloop
  endfacet
  facet normal 0 0 -1
    outer loop
      vertex 51.7132 89.4096 0.00921631
      vertex 50.4532 89.7887 0.00921631
      vertex 50.4981 90.0436 0.00921631
    endloop
  endfacet
  facet normal 0 0 -1
    outer loop
      vertex 48.1288 84.804 0.00921631
      vertex 51.5468 89.2113 0.00921631
      vertex 49.2224 84.2266 0.00921631
    endloop
  endfacet
  facet normal -0 0 -1
    outer loop
      vertex 51.5468 89.2113 0.00921631
      vertex 48.1288 84.804 0.00921631
      vertex 50.4532 89.7887 0.00921631
    endloop
  endfacet
  facet normal 0 0 -1
    outer loop
      vertex 49.1775 83.9717 0.00921631
      vertex 48.1288 84.804 0.00921631
      vertex 49.2224 84.2266 0.00921631
    endloop
  endfacet
  facet normal 0 0 -1
    outer loop
      vertex 49.266 83.7285 0.00921631
      vertex 48.1288 84.804 0.00921631
      vertex 49.1775 83.9717 0.00921631
    endloop
  endfacet
  facet normal 0 0 -1
    outer loop
      vertex 45.9495 63.361 0.00921631
      vertex 48.6412 61.3588 0.00921631
      vertex 48.0505 60.639 0.00921631
    endloop
  endfacet
  facet normal 0 0 -1
    outer loop
      vertex 43.6933 77.6918 0.00921631
      vertex 53.4643 81.5622 0.00921631
      vertex 45.3588 69.3588 0.00921631
    endloop
  endfacet
  facet normal 0 0 -1
    outer loop
      vertex 43.6933 77.6918 0.00921631
      vertex 51.4643 82.5622 0.00921631
      vertex 53.4643 81.5622 0.00921631
    endloop
  endfacet
  facet normal 0 0 -1
    outer loop
      vertex 45.3588 62.6412 0.00921631
      vertex 48.0505 60.639 0.00921631
      vertex 47.6116 59.8177 0.00921631
    endloop
  endfacet
  facet normal 0 0 -1
    outer loop
      vertex 48.6412 61.3588 0.00921631
      vertex 46.75 66 0.00921631
      vertex 46.6587 66.9267 0.00921631
    endloop
  endfacet
  facet normal 0 0 -1
    outer loop
      vertex 44.639 62.0505 0.00921631
      vertex 47.6116 59.8177 0.00921631
      vertex 47.3413 58.9267 0.00921631
    endloop
  endfacet
  facet normal 0 0 -1
    outer loop
      vertex 49.266 83.7285 0.00921631
      vertex 47.9624 84.6057 0.00921631
      vertex 48.1288 84.804 0.00921631
    endloop
  endfacet
  facet normal 0 0 -1
    outer loop
      vertex 43.8177 61.6116 0.00921631
      vertex 47.3413 58.9267 0.00921631
      vertex 47.25 58 0.00921631
    endloop
  endfacet
  facet normal -0 0 -1
    outer loop
      vertex 51.4643 82.5622 0.00921631
      vertex 43.7098 78.0698 0.00921631
      vertex 49.4643 83.5622 0.00921631
    endloop
  endfacet
  facet normal 0 0 -1
    outer loop
      vertex 53.7132 88.4096 0.00921631
      vertex 52.4532 88.7887 0.00921631
      vertex 52.4981 89.0436 0.00921631
    endloop
  endfacet
  facet normal 0 0 -1
    outer loop
      vertex 50.1288 83.804 0.00921631
      vertex 53.5468 88.2113 0.00921631
      vertex 51.2224 83.2266 0.00921631
    endloop
  endfacet
  facet normal 0 0 -1
    outer loop
      vertex 51.4643 82.5622 0.00921631
      vertex 49.4643 83.5622 0.00921631
      vertex 51.266 82.7285 0.00921631
    endloop
  endfacet
  facet normal -0 0 -1
    outer loop
      vertex 53.5468 88.2113 0.00921631
      vertex 50.1288 83.804 0.00921631
      vertex 52.4532 88.7887 0.00921631
    endloop
  endfacet
  facet normal 0 0 -1
    outer loop
      vertex 49.9624 83.6057 0.00921631
      vertex 51.2224 83.2266 0.00921631
      vertex 51.1775 82.9717 0.00921631
    endloop
  endfacet
  facet normal -0 -0 -1
    outer loop
      vertex 49.7192 83.5172 0.00921631
      vertex 51.266 82.7285 0.00921631
      vertex 49.4643 83.5622 0.00921631
    endloop
  endfacet
  facet normal 0 0 -1
    outer loop
      vertex 51.2224 83.2266 0.00921631
      vertex 49.9624 83.6057 0.00921631
      vertex 50.1288 83.804 0.00921631
    endloop
  endfacet
  facet normal 0 0 -1
    outer loop
      vertex 51.1775 82.9717 0.00921631
      vertex 49.7192 83.5172 0.00921631
      vertex 49.9624 83.6057 0.00921631
    endloop
  endfacet
  facet normal 0 0 -1
    outer loop
      vertex 51.266 82.7285 0.00921631
      vertex 49.7192 83.5172 0.00921631
      vertex 51.1775 82.9717 0.00921631
    endloop
  endfacet
  facet normal 0 0 -1
    outer loop
      vertex 46.6587 66.9267 0.00921631
      vertex 50.1823 62.3884 0.00921631
      vertex 49.361 61.9495 0.00921631
    endloop
  endfacet
  facet normal 0 0 -1
    outer loop
      vertex 45.3588 69.3588 0.00921631
      vertex 55.4643 80.5622 0.00921631
      vertex 45.9495 68.639 0.00921631
    endloop
  endfacet
  facet normal 0 0 -1
    outer loop
      vertex 46.6587 66.9267 0.00921631
      vertex 49.361 61.9495 0.00921631
      vertex 48.6412 61.3588 0.00921631
    endloop
  endfacet
  facet normal -0 0 -1
    outer loop
      vertex 55.4643 80.5622 0.00921631
      vertex 45.3588 69.3588 0.00921631
      vertex 53.4643 81.5622 0.00921631
    endloop
  endfacet
  facet normal -0 0 -1
    outer loop
      vertex 56.9217 95.8054 0.00921631
      vertex 54.2113 88.4532 0.00921631
      vertex 56.847 95.8203 0.00921631
    endloop
  endfacet
  facet normal -0 0 -1
    outer loop
      vertex 56.847 95.8203 0.00921631
      vertex 54.2113 88.4532 0.00921631
      vertex 55.4358 96.101 0.00921631
    endloop
  endfacet
  facet normal 0 0 -1
    outer loop
      vertex 52.4096 89.2868 0.00921631
      vertex 55.4358 96.101 0.00921631
      vertex 54.2113 88.4532 0.00921631
    endloop
  endfacet
  facet normal 0 0 -1
    outer loop
      vertex 52.4096 89.2868 0.00921631
      vertex 54.2113 88.4532 0.00921631
      vertex 53.9564 88.4981 0.00921631
    endloop
  endfacet
  facet normal 0 0 -1
    outer loop
      vertex 52.4981 89.0436 0.00921631
      vertex 53.9564 88.4981 0.00921631
      vertex 53.7132 88.4096 0.00921631
    endloop
  endfacet
  facet normal 0 0 -1
    outer loop
      vertex 52.4532 88.7887 0.00921631
      vertex 53.7132 88.4096 0.00921631
      vertex 53.5468 88.2113 0.00921631
    endloop
  endfacet
  facet normal 0 0 -1
    outer loop
      vertex 53.9564 88.4981 0.00921631
      vertex 52.4981 89.0436 0.00921631
      vertex 52.4096 89.2868 0.00921631
    endloop
  endfacet
  facet normal 0 0 -1
    outer loop
      vertex 52.2113 89.4532 0.00921631
      vertex 55.4358 96.101 0.00921631
      vertex 52.4096 89.2868 0.00921631
    endloop
  endfacet
  facet normal -0 0 -1
    outer loop
      vertex 55.4358 96.101 0.00921631
      vertex 52.2113 89.4532 0.00921631
      vertex 54 96.1951 0.00921631
    endloop
  endfacet
  facet normal 0 0 -1
    outer loop
      vertex 50.4096 90.2868 0.00921631
      vertex 52.2113 89.4532 0.00921631
      vertex 51.9564 89.4981 0.00921631
    endloop
  endfacet
  facet normal 0 0 -1
    outer loop
      vertex 50.4981 90.0436 0.00921631
      vertex 51.9564 89.4981 0.00921631
      vertex 51.7132 89.4096 0.00921631
    endloop
  endfacet
  facet normal 0 0 -1
    outer loop
      vertex 50.4532 89.7887 0.00921631
      vertex 51.7132 89.4096 0.00921631
      vertex 51.5468 89.2113 0.00921631
    endloop
  endfacet
  facet normal 0 0 -1
    outer loop
      vertex 51.9564 89.4981 0.00921631
      vertex 50.4981 90.0436 0.00921631
      vertex 50.4096 90.2868 0.00921631
    endloop
  endfacet
  facet normal 0 0 -1
    outer loop
      vertex 52.2113 89.4532 0.00921631
      vertex 50.4096 90.2868 0.00921631
      vertex 54 96.1951 0.00921631
    endloop
  endfacet
  facet normal 0 0 -1
    outer loop
      vertex 50.2113 90.4532 0.00921631
      vertex 54 96.1951 0.00921631
      vertex 50.4096 90.2868 0.00921631
    endloop
  endfacet
  facet normal 0 0 -1
    outer loop
      vertex 49.9564 90.4981 0.00921631
      vertex 54 96.1951 0.00921631
      vertex 50.2113 90.4532 0.00921631
    endloop
  endfacet
  facet normal 0 0 -1
    outer loop
      vertex 49.7132 90.4096 0.00921631
      vertex 54 96.1951 0.00921631
      vertex 49.9564 90.4981 0.00921631
    endloop
  endfacet
  facet normal 0 0 -1
    outer loop
      vertex 8 96.1951 0.00921631
      vertex 49.7132 90.4096 0.00921631
      vertex 49.5468 90.2113 0.00921631
    endloop
  endfacet
  facet normal 0 0 -1
    outer loop
      vertex 49.266 83.7285 0.00921631
      vertex 47.7192 84.5172 0.00921631
      vertex 47.9624 84.6057 0.00921631
    endloop
  endfacet
  facet normal -0 0 -1
    outer loop
      vertex 49.4643 83.5622 0.00921631
      vertex 43.4532 78.7749 0.00921631
      vertex 49.266 83.7285 0.00921631
    endloop
  endfacet
  facet normal 0 -0 -1
    outer loop
      vertex 47.4643 84.5622 0.00921631
      vertex 49.266 83.7285 0.00921631
      vertex 43.4532 78.7749 0.00921631
    endloop
  endfacet
  facet normal 0 0 -1
    outer loop
      vertex 43.6279 78.4392 0.00921631
      vertex 49.4643 83.5622 0.00921631
      vertex 43.7098 78.0698 0.00921631
    endloop
  endfacet
  facet normal 0 0 -1
    outer loop
      vertex 43.6933 77.6918 0.00921631
      vertex 45.3588 69.3588 0.00921631
      vertex 44.639 69.9495 0.00921631
    endloop
  endfacet
  facet normal 0 0 -1
    outer loop
      vertex 43.3762 77.0117 0.00921631
      vertex 44.639 69.9495 0.00921631
      vertex 43.8177 70.3884 0.00921631
    endloop
  endfacet
  facet normal 0 0 -1
    outer loop
      vertex 49.266 83.7285 0.00921631
      vertex 47.4643 84.5622 0.00921631
      vertex 47.7192 84.5172 0.00921631
    endloop
  endfacet
  facet normal 0 0 -1
    outer loop
      vertex 43.1975 79.0539 0.00921631
      vertex 47.4643 84.5622 0.00921631
      vertex 43.4532 78.7749 0.00921631
    endloop
  endfacet
  facet normal -0 0 -1
    outer loop
      vertex 47.4643 84.5622 0.00921631
      vertex 43.1975 79.0539 0.00921631
      vertex 47.266 84.7285 0.00921631
    endloop
  endfacet
  facet normal 0 0 -1
    outer loop
      vertex 42.8756 79.259 0.00921631
      vertex 47.266 84.7285 0.00921631
      vertex 43.1975 79.0539 0.00921631
    endloop
  endfacet
  facet normal -0 0 -1
    outer loop
      vertex 47.266 84.7285 0.00921631
      vertex 42.8756 79.259 0.00921631
      vertex 47.1775 84.9717 0.00921631
    endloop
  endfacet
  facet normal 0 0 -1
    outer loop
      vertex 38.35 81.3693 0.00921631
      vertex 47.1775 84.9717 0.00921631
      vertex 42.8756 79.259 0.00921631
    endloop
  endfacet
  facet normal -0 0 -1
    outer loop
      vertex 47.1775 84.9717 0.00921631
      vertex 38.35 81.3693 0.00921631
      vertex 47.2224 85.2266 0.00921631
    endloop
  endfacet
  facet normal 0 0 -1
    outer loop
      vertex 37.9859 81.4841 0.00921631
      vertex 47.2224 85.2266 0.00921631
      vertex 38.35 81.3693 0.00921631
    endloop
  endfacet
  facet normal -0 0 -1
    outer loop
      vertex 47.2224 85.2266 0.00921631
      vertex 37.9859 81.4841 0.00921631
      vertex 49.5468 90.2113 0.00921631
    endloop
  endfacet
  facet normal 0 0 -1
    outer loop
      vertex 37.6079 81.5006 0.00921631
      vertex 49.5468 90.2113 0.00921631
      vertex 37.9859 81.4841 0.00921631
    endloop
  endfacet
  facet normal 0 0 -1
    outer loop
      vertex 37.2384 81.4187 0.00921631
      vertex 49.5468 90.2113 0.00921631
      vertex 37.6079 81.5006 0.00921631
    endloop
  endfacet
  facet normal 0 0 -1
    outer loop
      vertex 23.9859 81.4841 0.00921631
      vertex 49.5468 90.2113 0.00921631
      vertex 37.2384 81.4187 0.00921631
    endloop
  endfacet
  facet normal 0 0 -1
    outer loop
      vertex 24.35 81.3693 0.00921631
      vertex 37.2384 81.4187 0.00921631
      vertex 36.9028 81.2439 0.00921631
    endloop
  endfacet
  facet normal 0 0 -1
    outer loop
      vertex 29.6279 78.4392 0.00921631
      vertex 36.2902 79.9302 0.00921631
      vertex 29.7098 78.0698 0.00921631
    endloop
  endfacet
  facet normal -0 0 -1
    outer loop
      vertex 36.2902 79.9302 0.00921631
      vertex 29.6279 78.4392 0.00921631
      vertex 36.3067 80.3082 0.00921631
    endloop
  endfacet
  facet normal 0 0 -1
    outer loop
      vertex 29.4532 78.7749 0.00921631
      vertex 36.3067 80.3082 0.00921631
      vertex 29.6279 78.4392 0.00921631
    endloop
  endfacet
  facet normal -0 0 -1
    outer loop
      vertex 36.3067 80.3082 0.00921631
      vertex 29.4532 78.7749 0.00921631
      vertex 36.4205 80.6692 0.00921631
    endloop
  endfacet
  facet normal 0 0 -1
    outer loop
      vertex 29.1975 79.0539 0.00921631
      vertex 36.4205 80.6692 0.00921631
      vertex 29.4532 78.7749 0.00921631
    endloop
  endfacet
  facet normal -0 0 -1
    outer loop
      vertex 36.4205 80.6692 0.00921631
      vertex 29.1975 79.0539 0.00921631
      vertex 36.6238 80.9883 0.00921631
    endloop
  endfacet
  facet normal 0 0 -1
    outer loop
      vertex 28.8756 79.259 0.00921631
      vertex 36.6238 80.9883 0.00921631
      vertex 29.1975 79.0539 0.00921631
    endloop
  endfacet
  facet normal -0 0 -1
    outer loop
      vertex 36.6238 80.9883 0.00921631
      vertex 28.8756 79.259 0.00921631
      vertex 36.9028 81.2439 0.00921631
    endloop
  endfacet
  facet normal 0 0 -1
    outer loop
      vertex 24.35 81.3693 0.00921631
      vertex 36.9028 81.2439 0.00921631
      vertex 28.8756 79.259 0.00921631
    endloop
  endfacet
  facet normal -0 0 -1
    outer loop
      vertex 37.2384 81.4187 0.00921631
      vertex 24.35 81.3693 0.00921631
      vertex 23.9859 81.4841 0.00921631
    endloop
  endfacet
  facet normal -0 0 -1
    outer loop
      vertex 49.5468 90.2113 0.00921631
      vertex 23.9859 81.4841 0.00921631
      vertex 8 96.1951 0.00921631
    endloop
  endfacet
  facet normal 0 0 -1
    outer loop
      vertex 8 96.1951 0.00921631
      vertex 23.9859 81.4841 0.00921631
      vertex 23.6079 81.5006 0.00921631
    endloop
  endfacet
  facet normal 0 0 -1
    outer loop
      vertex 8 96.1951 0.00921631
      vertex 23.6079 81.5006 0.00921631
      vertex 23.2385 81.4187 0.00921631
    endloop
  endfacet
  facet normal 0 0 -1
    outer loop
      vertex 12.75 71.25 0.00921631
      vertex 22.3721 79.5608 0.00921631
      vertex 19.25 71.25 0.00921631
    endloop
  endfacet
  facet normal -0 0 -1
    outer loop
      vertex 22.3721 79.5608 0.00921631
      vertex 12.75 71.25 0.00921631
      vertex 22.2902 79.9302 0.00921631
    endloop
  endfacet
  facet normal -0 0 -1
    outer loop
      vertex 22.2902 79.9302 0.00921631
      vertex 12.75 71.25 0.00921631
      vertex 22.3067 80.3082 0.00921631
    endloop
  endfacet
  facet normal 0 0 -1
    outer loop
      vertex 8 96.1951 0.00921631
      vertex 22.3067 80.3082 0.00921631
      vertex 12.75 71.25 0.00921631
    endloop
  endfacet
  facet normal 0 0 -1
    outer loop
      vertex 22.3067 80.3082 0.00921631
      vertex 8 96.1951 0.00921631
      vertex 22.4205 80.6692 0.00921631
    endloop
  endfacet
  facet normal 0 0 -1
    outer loop
      vertex 49.7132 90.4096 0.00921631
      vertex 8 96.1951 0.00921631
      vertex 54 96.1951 0.00921631
    endloop
  endfacet
  facet normal 0 0 -1
    outer loop
      vertex 22.9028 81.2439 0.00921631
      vertex 8 96.1951 0.00921631
      vertex 23.2385 81.4187 0.00921631
    endloop
  endfacet
  facet normal 0 0 -1
    outer loop
      vertex 22.6238 80.9883 0.00921631
      vertex 8 96.1951 0.00921631
      vertex 22.9028 81.2439 0.00921631
    endloop
  endfacet
  facet normal 0 0 -1
    outer loop
      vertex 22.4205 80.6692 0.00921631
      vertex 8 96.1951 0.00921631
      vertex 22.6238 80.9883 0.00921631
    endloop
  endfacet
  facet normal 0 0 -1
    outer loop
      vertex 58.9888 45.3334 0.00921631
      vertex 56.6587 57.0733 0.00921631
      vertex 56.75 58 0.00921631
    endloop
  endfacet
  facet normal 0 0 -1
    outer loop
      vertex 58.2426 46.2426 0.00921631
      vertex 56.3884 56.1823 0.00921631
      vertex 56.6587 57.0733 0.00921631
    endloop
  endfacet
  facet normal 0 0 -1
    outer loop
      vertex 55.3588 54.6412 0.00921631
      vertex 57.3334 46.9888 0.00921631
      vertex 56.2961 47.5433 0.00921631
    endloop
  endfacet
  facet normal 0 0 -1
    outer loop
      vertex 58.2426 46.2426 0.00921631
      vertex 55.9495 55.361 0.00921631
      vertex 56.3884 56.1823 0.00921631
    endloop
  endfacet
  facet normal 0 0 -1
    outer loop
      vertex 57.3334 46.9888 0.00921631
      vertex 55.3588 54.6412 0.00921631
      vertex 55.9495 55.361 0.00921631
    endloop
  endfacet
  facet normal 0 0 -1
    outer loop
      vertex 54.639 54.0505 0.00921631
      vertex 56.2961 47.5433 0.00921631
      vertex 55.1705 47.8847 0.00921631
    endloop
  endfacet
  facet normal 0 0 -1
    outer loop
      vertex 56.2961 47.5433 0.00921631
      vertex 54.639 54.0505 0.00921631
      vertex 55.3588 54.6412 0.00921631
    endloop
  endfacet
  facet normal 0 0 -1
    outer loop
      vertex 53.8177 53.6116 0.00921631
      vertex 55.1705 47.8847 0.00921631
      vertex 54 48 0.00921631
    endloop
  endfacet
  facet normal 0 0 -1
    outer loop
      vertex 55.1705 47.8847 0.00921631
      vertex 53.8177 53.6116 0.00921631
      vertex 54.639 54.0505 0.00921631
    endloop
  endfacet
  facet normal 0 0 -1
    outer loop
      vertex 54 48 0.00921631
      vertex 52.9267 53.3413 0.00921631
      vertex 53.8177 53.6116 0.00921631
    endloop
  endfacet
  facet normal 0 0 -1
    outer loop
      vertex 54 48 0.00921631
      vertex 52 53.25 0.00921631
      vertex 52.9267 53.3413 0.00921631
    endloop
  endfacet
  facet normal 0 0 -1
    outer loop
      vertex 54 48 0.00921631
      vertex 51.0733 53.3413 0.00921631
      vertex 52 53.25 0.00921631
    endloop
  endfacet
  facet normal 0 0 -1
    outer loop
      vertex 54 48 0.00921631
      vertex 50.1823 53.6116 0.00921631
      vertex 51.0733 53.3413 0.00921631
    endloop
  endfacet
  facet normal 0 0 -1
    outer loop
      vertex 54 48 0.00921631
      vertex 49.361 54.0505 0.00921631
      vertex 50.1823 53.6116 0.00921631
    endloop
  endfacet
  facet normal 0 0 -1
    outer loop
      vertex 54 48 0.00921631
      vertex 48.6412 54.6412 0.00921631
      vertex 49.361 54.0505 0.00921631
    endloop
  endfacet
  facet normal 0 0 -1
    outer loop
      vertex 19.25 52.75 0.00921631
      vertex 48.6412 54.6412 0.00921631
      vertex 54 48 0.00921631
    endloop
  endfacet
  facet normal 0 0 -1
    outer loop
      vertex 43.4532 78.7749 0.00921631
      vertex 49.4643 83.5622 0.00921631
      vertex 43.6279 78.4392 0.00921631
    endloop
  endfacet
  facet normal 0 0 -1
    outer loop
      vertex 48.6412 61.3588 0.00921631
      vertex 46.6587 65.0733 0.00921631
      vertex 46.75 66 0.00921631
    endloop
  endfacet
  facet normal 0 0 -1
    outer loop
      vertex 48.6412 61.3588 0.00921631
      vertex 46.3884 64.1823 0.00921631
      vertex 46.6587 65.0733 0.00921631
    endloop
  endfacet
  facet normal 0 0 -1
    outer loop
      vertex 42.9267 61.3413 0.00921631
      vertex 47.25 58 0.00921631
      vertex 47.3413 57.0733 0.00921631
    endloop
  endfacet
  facet normal 0 0 -1
    outer loop
      vertex 48.6412 61.3588 0.00921631
      vertex 45.9495 63.361 0.00921631
      vertex 46.3884 64.1823 0.00921631
    endloop
  endfacet
  facet normal 0 0 -1
    outer loop
      vertex 48.0505 60.639 0.00921631
      vertex 45.3588 62.6412 0.00921631
      vertex 45.9495 63.361 0.00921631
    endloop
  endfacet
  facet normal 0 0 -1
    outer loop
      vertex 42 61.25 0.00921631
      vertex 47.3413 57.0733 0.00921631
      vertex 47.6116 56.1823 0.00921631
    endloop
  endfacet
  facet normal 0 0 -1
    outer loop
      vertex 47.6116 59.8177 0.00921631
      vertex 44.639 62.0505 0.00921631
      vertex 45.3588 62.6412 0.00921631
    endloop
  endfacet
  facet normal 0 0 -1
    outer loop
      vertex 47.3413 58.9267 0.00921631
      vertex 43.8177 61.6116 0.00921631
      vertex 44.639 62.0505 0.00921631
    endloop
  endfacet
  facet normal 0 0 -1
    outer loop
      vertex 41.0733 61.3413 0.00921631
      vertex 47.6116 56.1823 0.00921631
      vertex 48.0505 55.361 0.00921631
    endloop
  endfacet
  facet normal 0 0 -1
    outer loop
      vertex 47.25 58 0.00921631
      vertex 42.9267 61.3413 0.00921631
      vertex 43.8177 61.6116 0.00921631
    endloop
  endfacet
  facet normal 0 -0 -1
    outer loop
      vertex 25.25 58.75 0.00921631
      vertex 48.6412 54.6412 0.00921631
      vertex 19.25 52.75 0.00921631
    endloop
  endfacet
  facet normal 0 0 -1
    outer loop
      vertex 47.3413 57.0733 0.00921631
      vertex 42 61.25 0.00921631
      vertex 42.9267 61.3413 0.00921631
    endloop
  endfacet
  facet normal 0 0 -1
    outer loop
      vertex 47.6116 56.1823 0.00921631
      vertex 41.0733 61.3413 0.00921631
      vertex 42 61.25 0.00921631
    endloop
  endfacet
  facet normal 0 -0 -1
    outer loop
      vertex 40.1823 61.6116 0.00921631
      vertex 48.0505 55.361 0.00921631
      vertex 25.25 58.75 0.00921631
    endloop
  endfacet
  facet normal 0 0 -1
    outer loop
      vertex 48.0505 55.361 0.00921631
      vertex 40.1823 61.6116 0.00921631
      vertex 41.0733 61.3413 0.00921631
    endloop
  endfacet
  facet normal -0 0 -1
    outer loop
      vertex 40.1823 61.6116 0.00921631
      vertex 25.25 58.75 0.00921631
      vertex 39.361 62.0505 0.00921631
    endloop
  endfacet
  facet normal 0 0 -1
    outer loop
      vertex 38.6412 69.3588 0.00921631
      vertex 29.3762 77.0117 0.00921631
      vertex 37.1244 78.741 0.00921631
    endloop
  endfacet
  facet normal -0 0 -1
    outer loop
      vertex 37.1244 78.741 0.00921631
      vertex 29.3762 77.0117 0.00921631
      vertex 36.8025 78.9461 0.00921631
    endloop
  endfacet
  facet normal 0 -0 -1
    outer loop
      vertex 29.5795 77.3308 0.00921631
      vertex 36.8025 78.9461 0.00921631
      vertex 29.3762 77.0117 0.00921631
    endloop
  endfacet
  facet normal -0 0 -1
    outer loop
      vertex 36.8025 78.9461 0.00921631
      vertex 29.5795 77.3308 0.00921631
      vertex 36.5468 79.2251 0.00921631
    endloop
  endfacet
  facet normal 0 -0 -1
    outer loop
      vertex 29.6933 77.6918 0.00921631
      vertex 36.5468 79.2251 0.00921631
      vertex 29.5795 77.3308 0.00921631
    endloop
  endfacet
  facet normal 0 0 -1
    outer loop
      vertex 37.6116 64.1823 0.00921631
      vertex 25.25 65.25 0.00921631
      vertex 37.3413 65.0733 0.00921631
    endloop
  endfacet
  facet normal 0 0 -1
    outer loop
      vertex 25.25 65.25 0.00921631
      vertex 37.6116 64.1823 0.00921631
      vertex 25.25 58.75 0.00921631
    endloop
  endfacet
  facet normal 0 0 -1
    outer loop
      vertex 25.25 58.75 0.00921631
      vertex 37.6116 64.1823 0.00921631
      vertex 38.0505 63.361 0.00921631
    endloop
  endfacet
  facet normal -0 0 -1
    outer loop
      vertex 36.3721 79.5608 0.00921631
      vertex 29.7098 78.0698 0.00921631
      vertex 36.2902 79.9302 0.00921631
    endloop
  endfacet
  facet normal 0 -0 -1
    outer loop
      vertex 29.7098 78.0698 0.00921631
      vertex 36.3721 79.5608 0.00921631
      vertex 29.6933 77.6918 0.00921631
    endloop
  endfacet
  facet normal -0 0 -1
    outer loop
      vertex 36.5468 79.2251 0.00921631
      vertex 29.6933 77.6918 0.00921631
      vertex 36.3721 79.5608 0.00921631
    endloop
  endfacet
  facet normal 0 0 -1
    outer loop
      vertex 38.0505 68.639 0.00921631
      vertex 29.0972 76.7561 0.00921631
      vertex 29.3762 77.0117 0.00921631
    endloop
  endfacet
  facet normal 0 0 -1
    outer loop
      vertex 37.6116 67.8177 0.00921631
      vertex 28.7615 76.5813 0.00921631
      vertex 29.0972 76.7561 0.00921631
    endloop
  endfacet
  facet normal -0 0 -1
    outer loop
      vertex 37.6116 67.8177 0.00921631
      vertex 25.25 65.25 0.00921631
      vertex 28.7615 76.5813 0.00921631
    endloop
  endfacet
  facet normal 0 0 -1
    outer loop
      vertex 37.3413 65.0733 0.00921631
      vertex 25.25 65.25 0.00921631
      vertex 37.25 66 0.00921631
    endloop
  endfacet
  facet normal 0 0 -1
    outer loop
      vertex 28.7615 76.5813 0.00921631
      vertex 25.25 65.25 0.00921631
      vertex 28.3921 76.4994 0.00921631
    endloop
  endfacet
  facet normal -0 0 -1
    outer loop
      vertex 28.3921 76.4994 0.00921631
      vertex 25.25 65.25 0.00921631
      vertex 28.0141 76.5159 0.00921631
    endloop
  endfacet
  facet normal -0 0 -1
    outer loop
      vertex 38.6412 62.6412 0.00921631
      vertex 25.25 58.75 0.00921631
      vertex 38.0505 63.361 0.00921631
    endloop
  endfacet
  facet normal -0 0 -1
    outer loop
      vertex 39.361 62.0505 0.00921631
      vertex 25.25 58.75 0.00921631
      vertex 38.6412 62.6412 0.00921631
    endloop
  endfacet
  facet normal 0 0 -1
    outer loop
      vertex 48.6412 54.6412 0.00921631
      vertex 25.25 58.75 0.00921631
      vertex 48.0505 55.361 0.00921631
    endloop
  endfacet
  facet normal 0 0 -1
    outer loop
      vertex 9 48 0.00921631
      vertex 19.25 52.75 0.00921631
      vertex 54 48 0.00921631
    endloop
  endfacet
  facet normal -0 0 -1
    outer loop
      vertex 19.25 52.75 0.00921631
      vertex 9 48 0.00921631
      vertex 12.75 52.75 0.00921631
    endloop
  endfacet
  facet normal 0 0 -1
    outer loop
      vertex 8.22354 47.8978 0.00921631
      vertex 12.75 52.75 0.00921631
      vertex 9 48 0.00921631
    endloop
  endfacet
  facet normal -0 0 -1
    outer loop
      vertex 12.75 52.75 0.00921631
      vertex 8.22354 47.8978 0.00921631
      vertex 6.75 58.75 0.00921631
    endloop
  endfacet
  facet normal 0 0 -1
    outer loop
      vertex 6.75 58.75 0.00921631
      vertex 8.22354 47.8978 0.00921631
      vertex 7.5 47.5981 0.00921631
    endloop
  endfacet
  facet normal 0 0 -1
    outer loop
      vertex 6.75 58.75 0.00921631
      vertex 7.5 47.5981 0.00921631
      vertex 6.87868 47.1213 0.00921631
    endloop
  endfacet
  facet normal 0 0 -1
    outer loop
      vertex 12.75 52.75 0.00921631
      vertex 6.75 58.75 0.00921631
      vertex 12.75 58.75 0.00921631
    endloop
  endfacet
  facet normal 0 0 -1
    outer loop
      vertex 6 45 0.00921631
      vertex 6.75 65.25 0.00921631
      vertex 6.75 58.75 0.00921631
    endloop
  endfacet
  facet normal 0 0 -1
    outer loop
      vertex 8 96.1951 0.00921631
      vertex 5.24656 95.6474 0.00921631
      vertex 6.63437 96.0606 0.00921631
    endloop
  endfacet
  facet normal 0 0 -1
    outer loop
      vertex 6.40192 46.5 0.00921631
      vertex 6.75 58.75 0.00921631
      vertex 6.87868 47.1213 0.00921631
    endloop
  endfacet
  facet normal 0 0 -1
    outer loop
      vertex 6.10222 45.7765 0.00921631
      vertex 6.75 58.75 0.00921631
      vertex 6.40192 46.5 0.00921631
    endloop
  endfacet
  facet normal 0 0 -1
    outer loop
      vertex 6 45 0.00921631
      vertex 6.75 58.75 0.00921631
      vertex 6.10222 45.7765 0.00921631
    endloop
  endfacet
  facet normal -0 0 -1
    outer loop
      vertex 6.75 65.25 0.00921631
      vertex 6 45 0.00921631
      vertex 5.24656 95.6474 0.00921631
    endloop
  endfacet
  facet normal 0 0 -1
    outer loop
      vertex 6.63437 96.0606 0.00921631
      vertex 5.24656 95.6474 0.00921631
      vertex 6.55971 96.0457 0.00921631
    endloop
  endfacet
  facet normal 0 0 -1
    outer loop
      vertex 65.1951 85 0.00921631
      vertex 58.4532 85.7887 0.00921631
      vertex 58.4981 86.0436 0.00921631
    endloop
  endfacet
  facet normal 0 0 -1
    outer loop
      vertex 56.6587 57.0733 0.00921631
      vertex 58.9888 45.3334 0.00921631
      vertex 58.2426 46.2426 0.00921631
    endloop
  endfacet
  facet normal 0 0 -1
    outer loop
      vertex 55.9495 55.361 0.00921631
      vertex 58.2426 46.2426 0.00921631
      vertex 57.3334 46.9888 0.00921631
    endloop
  endfacet
  facet normal 0 0 -1
    outer loop
      vertex 56.6587 58.9267 0.00921631
      vertex 65.1951 85 0.00921631
      vertex 56.75 58 0.00921631
    endloop
  endfacet
  facet normal 0 0 -1
    outer loop
      vertex 56.3884 59.8177 0.00921631
      vertex 65.1951 85 0.00921631
      vertex 56.6587 58.9267 0.00921631
    endloop
  endfacet
  facet normal 0 0 -1
    outer loop
      vertex 55.9495 60.639 0.00921631
      vertex 65.1951 85 0.00921631
      vertex 56.3884 59.8177 0.00921631
    endloop
  endfacet
  facet normal -0 0 -1
    outer loop
      vertex 65.1951 85 0.00921631
      vertex 56.1288 80.804 0.00921631
      vertex 58.4532 85.7887 0.00921631
    endloop
  endfacet
  facet normal 0 0 -1
    outer loop
      vertex 55.3588 61.3588 0.00921631
      vertex 65.1951 85 0.00921631
      vertex 55.9495 60.639 0.00921631
    endloop
  endfacet
  facet normal 0 0 -1
    outer loop
      vertex 65.1951 85 0.00921631
      vertex 55.9624 80.6057 0.00921631
      vertex 56.1288 80.804 0.00921631
    endloop
  endfacet
  facet normal 0 0 -1
    outer loop
      vertex 65.1951 85 0.00921631
      vertex 55.3588 61.3588 0.00921631
      vertex 55.9624 80.6057 0.00921631
    endloop
  endfacet
  facet normal 0 0 -1
    outer loop
      vertex 54.639 61.9495 0.00921631
      vertex 55.9624 80.6057 0.00921631
      vertex 55.3588 61.3588 0.00921631
    endloop
  endfacet
  facet normal 0 0 -1
    outer loop
      vertex 55.9624 80.6057 0.00921631
      vertex 54.639 61.9495 0.00921631
      vertex 55.7192 80.5172 0.00921631
    endloop
  endfacet
  facet normal 0 0 -1
    outer loop
      vertex 53.8177 62.3884 0.00921631
      vertex 55.7192 80.5172 0.00921631
      vertex 54.639 61.9495 0.00921631
    endloop
  endfacet
  facet normal 0 0 -1
    outer loop
      vertex 52.9267 62.6587 0.00921631
      vertex 55.7192 80.5172 0.00921631
      vertex 53.8177 62.3884 0.00921631
    endloop
  endfacet
  facet normal 0 0 -1
    outer loop
      vertex 52 62.75 0.00921631
      vertex 46.3884 67.8177 0.00921631
      vertex 52.9267 62.6587 0.00921631
    endloop
  endfacet
  facet normal 0 0 -1
    outer loop
      vertex 60 42 0.00921631
      vertex 65.1951 85 0.00921631
      vertex 65.1951 8 0.00921631
    endloop
  endfacet
  facet normal 0 0 -1
    outer loop
      vertex 60 7 0.00921631
      vertex 65.1951 8 0.00921631
      vertex 65.0606 6.63437 0.00921631
    endloop
  endfacet
  facet normal 0 0 -1
    outer loop
      vertex 60 7 0.00921631
      vertex 65.0606 6.63437 0.00921631
      vertex 65.0457 6.55971 0.00921631
    endloop
  endfacet
  facet normal 0 0 -1
    outer loop
      vertex 59.8847 43.1705 0.00921631
      vertex 65.1951 85 0.00921631
      vertex 60 42 0.00921631
    endloop
  endfacet
  facet normal 0 0 -1
    outer loop
      vertex 59.5433 44.2961 0.00921631
      vertex 65.1951 85 0.00921631
      vertex 59.8847 43.1705 0.00921631
    endloop
  endfacet
  facet normal 0 0 -1
    outer loop
      vertex 60 7 0.00921631
      vertex 65.0457 6.55971 0.00921631
      vertex 64.6474 5.24656 0.00921631
    endloop
  endfacet
  facet normal 0 0 -1
    outer loop
      vertex 60 7 0.00921631
      vertex 64.6474 5.24656 0.00921631
      vertex 64.5156 5 0.00921631
    endloop
  endfacet
  facet normal 0 0 -1
    outer loop
      vertex 56.75 58 0.00921631
      vertex 59.5433 44.2961 0.00921631
      vertex 58.9888 45.3334 0.00921631
    endloop
  endfacet
  facet normal 0 0 -1
    outer loop
      vertex 59.5433 44.2961 0.00921631
      vertex 56.75 58 0.00921631
      vertex 65.1951 85 0.00921631
    endloop
  endfacet
  facet normal 0 0 -1
    outer loop
      vertex 65.1951 85 0.00921631
      vertex 58.4981 86.0436 0.00921631
      vertex 65.101 86.4358 0.00921631
    endloop
  endfacet
  facet normal -0 0 -1
    outer loop
      vertex 65.101 86.4358 0.00921631
      vertex 58.4981 86.0436 0.00921631
      vertex 64.8203 87.847 0.00921631
    endloop
  endfacet
  facet normal -0 0 -1
    outer loop
      vertex 64.8203 87.847 0.00921631
      vertex 58.4981 86.0436 0.00921631
      vertex 64.8054 87.9217 0.00921631
    endloop
  endfacet
  facet normal 0 0 -1
    outer loop
      vertex 58.4096 86.2868 0.00921631
      vertex 64.8054 87.9217 0.00921631
      vertex 58.4981 86.0436 0.00921631
    endloop
  endfacet
  facet normal -0 0 -1
    outer loop
      vertex 64.8054 87.9217 0.00921631
      vertex 58.4096 86.2868 0.00921631
      vertex 64.3429 89.2842 0.00921631
    endloop
  endfacet
  facet normal -0 0 -1
    outer loop
      vertex 65.1951 8 0.00921631
      vertex 60 7 0.00921631
      vertex 60 42 0.00921631
    endloop
  endfacet
  facet normal 0 0 -1
    outer loop
      vertex 64.5156 5 0.00921631
      vertex 59.8978 6.22354 0.00921631
      vertex 60 7 0.00921631
    endloop
  endfacet
  facet normal 0 0 -1
    outer loop
      vertex 64.5156 5 0.00921631
      vertex 59.5981 5.5 0.00921631
      vertex 59.8978 6.22354 0.00921631
    endloop
  endfacet
  facet normal 0 -0 -1
    outer loop
      vertex 59.5981 5.5 0.00921631
      vertex 64.5156 5 0.00921631
      vertex 59.2144 5 0.00921631
    endloop
  endfacet
  facet normal -0 0 -1
    outer loop
      vertex 64.3429 89.2842 0.00921631
      vertex 58.4096 86.2868 0.00921631
      vertex 63.7065 90.5747 0.00921631
    endloop
  endfacet
  facet normal -0 0 -1
    outer loop
      vertex 62.9071 91.771 0.00921631
      vertex 58.2113 86.4532 0.00921631
      vertex 62.8648 91.8343 0.00921631
    endloop
  endfacet
  facet normal -0 0 -1
    outer loop
      vertex 62.8648 91.8343 0.00921631
      vertex 58.2113 86.4532 0.00921631
      vertex 61.9161 92.9161 0.00921631
    endloop
  endfacet
  facet normal -0 0 -1
    outer loop
      vertex 63.7065 90.5747 0.00921631
      vertex 58.2113 86.4532 0.00921631
      vertex 62.9071 91.771 0.00921631
    endloop
  endfacet
  facet normal 0 0 -1
    outer loop
      vertex 58.2113 86.4532 0.00921631
      vertex 63.7065 90.5747 0.00921631
      vertex 58.4096 86.2868 0.00921631
    endloop
  endfacet
  facet normal 0 0 -1
    outer loop
      vertex 56.4096 87.2868 0.00921631
      vertex 61.9161 92.9161 0.00921631
      vertex 58.2113 86.4532 0.00921631
    endloop
  endfacet
  facet normal 0 0 -1
    outer loop
      vertex 56.2113 87.4532 0.00921631
      vertex 61.9161 92.9161 0.00921631
      vertex 56.4096 87.2868 0.00921631
    endloop
  endfacet
  facet normal -0 0 -1
    outer loop
      vertex 61.9161 92.9161 0.00921631
      vertex 56.2113 87.4532 0.00921631
      vertex 60.8343 93.8648 0.00921631
    endloop
  endfacet
  facet normal -0 0 -1
    outer loop
      vertex 60.771 93.9071 0.00921631
      vertex 56.2113 87.4532 0.00921631
      vertex 59.5747 94.7065 0.00921631
    endloop
  endfacet
  facet normal 0 0 -1
    outer loop
      vertex 56.4096 87.2868 0.00921631
      vertex 58.2113 86.4532 0.00921631
      vertex 57.9564 86.4981 0.00921631
    endloop
  endfacet
  facet normal 0 0 -1
    outer loop
      vertex 56.4981 87.0436 0.00921631
      vertex 57.9564 86.4981 0.00921631
      vertex 57.7132 86.4096 0.00921631
    endloop
  endfacet
  facet normal 0 0 -1
    outer loop
      vertex 56.4532 86.7887 0.00921631
      vertex 57.7132 86.4096 0.00921631
      vertex 57.5468 86.2113 0.00921631
    endloop
  endfacet
  facet normal -0 0 -1
    outer loop
      vertex 60.8343 93.8648 0.00921631
      vertex 56.2113 87.4532 0.00921631
      vertex 60.771 93.9071 0.00921631
    endloop
  endfacet
  facet normal -0 0 -1
    outer loop
      vertex 59.5747 94.7065 0.00921631
      vertex 56.2113 87.4532 0.00921631
      vertex 58.2842 95.3429 0.00921631
    endloop
  endfacet
  facet normal 0 0 -1
    outer loop
      vertex 57.9564 86.4981 0.00921631
      vertex 56.4981 87.0436 0.00921631
      vertex 56.4096 87.2868 0.00921631
    endloop
  endfacet
  facet normal 0 0 -1
    outer loop
      vertex 57.7132 86.4096 0.00921631
      vertex 56.4532 86.7887 0.00921631
      vertex 56.4981 87.0436 0.00921631
    endloop
  endfacet
  facet normal 0 0 -1
    outer loop
      vertex 54.1288 81.804 0.00921631
      vertex 57.5468 86.2113 0.00921631
      vertex 55.2224 81.2266 0.00921631
    endloop
  endfacet
  facet normal -0 0 -1
    outer loop
      vertex 57.5468 86.2113 0.00921631
      vertex 54.1288 81.804 0.00921631
      vertex 56.4532 86.7887 0.00921631
    endloop
  endfacet
  facet normal 0 0 -1
    outer loop
      vertex 53.9624 81.6057 0.00921631
      vertex 55.2224 81.2266 0.00921631
      vertex 55.1775 80.9717 0.00921631
    endloop
  endfacet
  facet normal 0 0 -1
    outer loop
      vertex 46.3884 67.8177 0.00921631
      vertex 52 62.75 0.00921631
      vertex 46.6587 66.9267 0.00921631
    endloop
  endfacet
  facet normal 0 0 -1
    outer loop
      vertex 55.2224 81.2266 0.00921631
      vertex 53.9624 81.6057 0.00921631
      vertex 54.1288 81.804 0.00921631
    endloop
  endfacet
  facet normal 0 0 -1
    outer loop
      vertex 46.6587 66.9267 0.00921631
      vertex 52 62.75 0.00921631
      vertex 51.0733 62.6587 0.00921631
    endloop
  endfacet
  facet normal 0 0 -1
    outer loop
      vertex 55.1775 80.9717 0.00921631
      vertex 53.7192 81.5172 0.00921631
      vertex 53.9624 81.6057 0.00921631
    endloop
  endfacet
  facet normal 0 0 -1
    outer loop
      vertex 52.9267 62.6587 0.00921631
      vertex 46.3884 67.8177 0.00921631
      vertex 55.7192 80.5172 0.00921631
    endloop
  endfacet
  facet normal -0 -0 -1
    outer loop
      vertex 53.7192 81.5172 0.00921631
      vertex 55.266 80.7285 0.00921631
      vertex 53.4643 81.5622 0.00921631
    endloop
  endfacet
  facet normal 0 0 -1
    outer loop
      vertex 55.266 80.7285 0.00921631
      vertex 53.7192 81.5172 0.00921631
      vertex 55.1775 80.9717 0.00921631
    endloop
  endfacet
  facet normal 0 0 -1
    outer loop
      vertex 55.4643 80.5622 0.00921631
      vertex 53.4643 81.5622 0.00921631
      vertex 55.266 80.7285 0.00921631
    endloop
  endfacet
  facet normal 0 0 -1
    outer loop
      vertex 54.4096 88.2868 0.00921631
      vertex 56.2113 87.4532 0.00921631
      vertex 55.9564 87.4981 0.00921631
    endloop
  endfacet
  facet normal 0 0 -1
    outer loop
      vertex 54.4096 88.2868 0.00921631
      vertex 55.9564 87.4981 0.00921631
      vertex 54.4981 88.0436 0.00921631
    endloop
  endfacet
  facet normal 0 0 -1
    outer loop
      vertex 56.2113 87.4532 0.00921631
      vertex 54.4096 88.2868 0.00921631
      vertex 58.2842 95.3429 0.00921631
    endloop
  endfacet
  facet normal 0 0 -1
    outer loop
      vertex 54.4981 88.0436 0.00921631
      vertex 55.9564 87.4981 0.00921631
      vertex 55.7132 87.4096 0.00921631
    endloop
  endfacet
  facet normal 0 0 -1
    outer loop
      vertex 54.4532 87.7887 0.00921631
      vertex 55.7132 87.4096 0.00921631
      vertex 55.5468 87.2113 0.00921631
    endloop
  endfacet
  facet normal 0 0 -1
    outer loop
      vertex 54.2113 88.4532 0.00921631
      vertex 58.2842 95.3429 0.00921631
      vertex 54.4096 88.2868 0.00921631
    endloop
  endfacet
  facet normal -0 0 -1
    outer loop
      vertex 58.2842 95.3429 0.00921631
      vertex 54.2113 88.4532 0.00921631
      vertex 56.9217 95.8054 0.00921631
    endloop
  endfacet
  facet normal 0 0 -1
    outer loop
      vertex 55.7132 87.4096 0.00921631
      vertex 54.4532 87.7887 0.00921631
      vertex 54.4981 88.0436 0.00921631
    endloop
  endfacet
  facet normal 0 0 -1
    outer loop
      vertex 52.1288 82.804 0.00921631
      vertex 55.5468 87.2113 0.00921631
      vertex 53.2224 82.2266 0.00921631
    endloop
  endfacet
  facet normal -0 0 -1
    outer loop
      vertex 55.5468 87.2113 0.00921631
      vertex 52.1288 82.804 0.00921631
      vertex 54.4532 87.7887 0.00921631
    endloop
  endfacet
  facet normal 0 0 -1
    outer loop
      vertex 51.9624 82.6057 0.00921631
      vertex 53.2224 82.2266 0.00921631
      vertex 53.1775 81.9717 0.00921631
    endloop
  endfacet
  facet normal -0 0 -1
    outer loop
      vertex 55.7192 80.5172 0.00921631
      vertex 46.3884 67.8177 0.00921631
      vertex 55.4643 80.5622 0.00921631
    endloop
  endfacet
  facet normal 0 0 -1
    outer loop
      vertex 53.4643 81.5622 0.00921631
      vertex 51.4643 82.5622 0.00921631
      vertex 53.266 81.7285 0.00921631
    endloop
  endfacet
  facet normal 0 0 -1
    outer loop
      vertex 53.2224 82.2266 0.00921631
      vertex 51.9624 82.6057 0.00921631
      vertex 52.1288 82.804 0.00921631
    endloop
  endfacet
  facet normal 0 0 -1
    outer loop
      vertex 53.1775 81.9717 0.00921631
      vertex 51.7192 82.5172 0.00921631
      vertex 51.9624 82.6057 0.00921631
    endloop
  endfacet
  facet normal -0 -0 -1
    outer loop
      vertex 51.7192 82.5172 0.00921631
      vertex 53.266 81.7285 0.00921631
      vertex 51.4643 82.5622 0.00921631
    endloop
  endfacet
  facet normal 0 0 -1
    outer loop
      vertex 53.266 81.7285 0.00921631
      vertex 51.7192 82.5172 0.00921631
      vertex 53.1775 81.9717 0.00921631
    endloop
  endfacet
  facet normal 0 0 -1
    outer loop
      vertex 46.6587 66.9267 0.00921631
      vertex 51.0733 62.6587 0.00921631
      vertex 50.1823 62.3884 0.00921631
    endloop
  endfacet
  facet normal 0 0 -1
    outer loop
      vertex 45.9495 68.639 0.00921631
      vertex 55.4643 80.5622 0.00921631
      vertex 46.3884 67.8177 0.00921631
    endloop
  endfacet
  facet normal 0 0 -1
    outer loop
      vertex 58 3 0.00921631
      vertex 63.0877 2.9123 0.00921631
      vertex 62.0269 2.04176 0.00921631
    endloop
  endfacet
  facet normal 0 0 -1
    outer loop
      vertex 58 3 0.00921631
      vertex 62.0269 2.04176 0.00921631
      vertex 61.9636 1.99947 0.00921631
    endloop
  endfacet
  facet normal 0 0 -1
    outer loop
      vertex 58 3 0.00921631
      vertex 61.9636 1.99947 0.00921631
      vertex 60.7534 1.3526 0.00921631
    endloop
  endfacet
  facet normal 0 0 -1
    outer loop
      vertex 58 3 0.00921631
      vertex 60.7534 1.3526 0.00921631
      vertex 59.4403 0.954264 0.00921631
    endloop
  endfacet
  facet normal 0 0 -1
    outer loop
      vertex 58 3 0.00921631
      vertex 59.4403 0.954264 0.00921631
      vertex 59.3656 0.939413 0.00921631
    endloop
  endfacet
  facet normal 0 0 -1
    outer loop
      vertex 58 3 0.00921631
      vertex 59.3656 0.939413 0.00921631
      vertex 58 0.80491 0.00921631
    endloop
  endfacet
  facet normal 0 0 -1
    outer loop
      vertex 63.0877 2.9123 0.00921631
      vertex 58 3 0.00921631
      vertex 63.1597 3 0.00921631
    endloop
  endfacet
  facet normal 0 0 -1
    outer loop
      vertex 6.63437 0.939413 0.00921631
      vertex 8 3 0.00921631
      vertex 8 0.80491 0.00921631
    endloop
  endfacet
  facet normal 0 0 -1
    outer loop
      vertex 6.55971 0.954264 0.00921631
      vertex 8 3 0.00921631
      vertex 6.63437 0.939413 0.00921631
    endloop
  endfacet
  facet normal 0 0 -1
    outer loop
      vertex 5.24656 1.3526 0.00921631
      vertex 8 3 0.00921631
      vertex 6.55971 0.954264 0.00921631
    endloop
  endfacet
  facet normal 0 0 -1
    outer loop
      vertex 4.03635 1.99947 0.00921631
      vertex 8 3 0.00921631
      vertex 5.24656 1.3526 0.00921631
    endloop
  endfacet
  facet normal 0 0 -1
    outer loop
      vertex 3.97306 2.04176 0.00921631
      vertex 8 3 0.00921631
      vertex 4.03635 1.99947 0.00921631
    endloop
  endfacet
  facet normal 0 0 -1
    outer loop
      vertex 2.9123 2.9123 0.00921631
      vertex 8 3 0.00921631
      vertex 3.97306 2.04176 0.00921631
    endloop
  endfacet
  facet normal -0 0 -1
    outer loop
      vertex 8 3 0.00921631
      vertex 2.9123 2.9123 0.00921631
      vertex 2.84033 3 0.00921631
    endloop
  endfacet
  facet normal 0 0 -1
    outer loop
      vertex 10 0.80491 0.00921631
      vertex 56 3 0.00921631
      vertex 56 0.80491 0.00921631
    endloop
  endfacet
  facet normal -0 0 -1
    outer loop
      vertex 56 3 0.00921631
      vertex 10 0.80491 0.00921631
      vertex 10 3 0.00921631
    endloop
  endfacet
  facet normal -0.297046 0.243769 -0.923223
    outer loop
      vertex 1.78687 93.2818 0.158531
      vertex 2.9123 94.0877 0.00921631
      vertex 2.04176 93.0269 0.00921631
    endloop
  endfacet
  facet normal -0.297042 0.243763 -0.923226
    outer loop
      vertex 2.9123 94.0877 0.00921631
      vertex 1.78687 93.2818 0.158531
      vertex 2.6574 94.3426 0.158531
    endloop
  endfacet
  facet normal -0.323309 0.216341 -0.921232
    outer loop
      vertex 1.99947 92.9637 0.00921631
      vertex 1.78687 93.2818 0.158531
      vertex 2.04176 93.0269 0.00921631
    endloop
  endfacet
  facet normal -0.700214 0.139282 -0.700214
    outer loop
      vertex 0.578933 90.3656 0.158531
      vertex 0.303033 90.3656 0.434431
      vertex 0.621222 90.5782 0.158531
    endloop
  endfacet
  facet normal -0.908654 0.180737 -0.376407
    outer loop
      vertex 0.303033 90.3656 0.434431
      vertex 0.228375 90.741 0.79491
      vertex 0.366325 90.6838 0.434431
    endloop
  endfacet
  facet normal 0.547907 -0.449694 -0.705388
    outer loop
      vertex 63.5377 2.46232 0.434431
      vertex 63.6238 3 0.158531
      vertex 63.979 3 0.434431
    endloop
  endfacet
  facet normal 0.547876 -0.4497 -0.705409
    outer loop
      vertex 63.6238 3 0.158531
      vertex 63.5377 2.46232 0.434431
      vertex 63.3426 2.65741 0.158531
    endloop
  endfacet
  facet normal -0.514711 -0.770325 -0.376393
    outer loop
      vertex 3.79282 1.41154 0.434431
      vertex 3.41749 1.48619 0.79491
      vertex 3.52307 1.59178 0.434431
    endloop
  endfacet
  facet normal -0.514703 -0.770336 -0.376382
    outer loop
      vertex 3.73568 1.27359 0.79491
      vertex 3.41749 1.48619 0.79491
      vertex 3.79282 1.41154 0.434431
    endloop
  endfacet
  facet normal -0.471413 0.881912 0
    outer loop
      vertex 4.94589 96.3733 0.79491
      vertex 3.73568 95.7264 1
      vertex 4.94589 96.3733 1
    endloop
  endfacet
  facet normal -0.471413 0.881912 0
    outer loop
      vertex 3.73568 95.7264 1
      vertex 4.94589 96.3733 0.79491
      vertex 3.73568 95.7264 0.79491
    endloop
  endfacet
  facet normal -0.773012 -0.634392 0
    outer loop
      vertex 2.35673 2.35673 0.79491
      vertex 1.48619 3.41749 1
      vertex 1.48619 3.41749 0.79491
    endloop
  endfacet
  facet normal -0.773012 -0.634392 0
    outer loop
      vertex 1.48619 3.41749 1
      vertex 2.35673 2.35673 0.79491
      vertex 2.35673 2.35673 1
    endloop
  endfacet
  facet normal 0.555566 0.831472 -0
    outer loop
      vertex 61.3899 94.4204 0.79491
      vertex 60.1935 95.2198 1
      vertex 61.3899 94.4204 1
    endloop
  endfacet
  facet normal 0.555566 0.831472 0
    outer loop
      vertex 60.1935 95.2198 1
      vertex 61.3899 94.4204 0.79491
      vertex 60.1935 95.2198 0.79491
    endloop
  endfacet
  facet normal -0.338891 -0.181142 -0.923223
    outer loop
      vertex 1.07762 5 0.158531
      vertex 1.3526 5.24656 0.00921631
      vertex 1.48439 5 0.00921631
    endloop
  endfacet
  facet normal -0.33888 -0.181156 -0.923224
    outer loop
      vertex 1.3526 5.24656 0.00921631
      vertex 1.07762 5 0.158531
      vertex 1.01956 5.10861 0.158531
    endloop
  endfacet
  facet normal -0.770359 0.514703 -0.376334
    outer loop
      vertex 1.41154 93.2072 0.434431
      vertex 1.27359 93.2643 0.79491
      vertex 1.48619 93.5825 0.79491
    endloop
  endfacet
  facet normal 0.180771 0.908709 -0.376258
    outer loop
      vertex 57.1652 96.3934 0.434431
      vertex 56.847 96.4567 0.434431
      vertex 57.2223 96.5313 0.79491
    endloop
  endfacet
  facet normal 0.77039 0.514723 -0.376243
    outer loop
      vertex 64.2945 90.8182 0.434431
      vertex 64.2198 91.1935 0.79491
      vertex 64.4324 90.8753 0.79491
    endloop
  endfacet
  facet normal 0.435832 -0.815375 -0.381068
    outer loop
      vertex 62.2072 1.41154 0.434431
      vertex 61.0541 0.626717 0.79491
      vertex 60.997 0.764667 0.434431
    endloop
  endfacet
  facet normal 0.435832 -0.815375 -0.381068
    outer loop
      vertex 61.0541 0.626717 0.79491
      vertex 62.2072 1.41154 0.434431
      vertex 62.2643 1.27359 0.79491
    endloop
  endfacet
  facet normal 0.995185 -0.0980151 0
    outer loop
      vertex 65.8463 6.63437 1
      vertex 65.9808 8 0.79491
      vertex 65.9808 8 1
    endloop
  endfacet
  facet normal 0.995185 -0.0980151 0
    outer loop
      vertex 65.9808 8 0.79491
      vertex 65.8463 6.63437 1
      vertex 65.8463 6.63437 0.79491
    endloop
  endfacet
  facet normal 0.396709 -0.593549 -0.70023
    outer loop
      vertex 62.4769 1.59178 0.434431
      vertex 62.1016 1.66643 0.158531
      vertex 62.2818 1.78687 0.158531
    endloop
  endfacet
  facet normal 0.705398 -0.0694742 -0.705398
    outer loop
      vertex 65.697 6.63437 0.434431
      vertex 65.5556 8 0.158531
      vertex 65.8315 8 0.434431
    endloop
  endfacet
  facet normal 0.705398 -0.0694742 -0.705398
    outer loop
      vertex 65.5556 8 0.158531
      vertex 65.697 6.63437 0.434431
      vertex 65.4211 6.63437 0.158531
    endloop
  endfacet
  facet normal 0.700212 -0.139311 -0.700212
    outer loop
      vertex 65.697 6.63437 0.434431
      vertex 65.3788 6.42176 0.158531
      vertex 65.4211 6.63437 0.158531
    endloop
  endfacet
  facet normal 0.817572 -0.431721 -0.381043
    outer loop
      vertex 65.2426 5 0.453527
      vertex 65.2337 5 0.434431
      vertex 65.2353 5.00303 0.434431
    endloop
  endfacet
  facet normal 0.815347 -0.435768 -0.381203
    outer loop
      vertex 65.3733 4.94589 0.79491
      vertex 64.6136 3.78243 0.5
      vertex 65.2604 4.99263 0.5
    endloop
  endfacet
  facet normal 0.815403 -0.435861 -0.380977
    outer loop
      vertex 64.6136 3.78243 0.5
      vertex 65.3733 4.94589 0.79491
      vertex 64.7264 3.73568 0.79491
    endloop
  endfacet
  facet normal 0.297027 -0.243802 -0.92322
    outer loop
      vertex 63.3426 2.65741 0.158531
      vertex 63.1597 3 0.00921631
      vertex 63.6238 3 0.158531
    endloop
  endfacet
  facet normal 0.296991 -0.243824 -0.923226
    outer loop
      vertex 63.1597 3 0.00921631
      vertex 63.3426 2.65741 0.158531
      vertex 63.0877 2.9123 0.00921631
    endloop
  endfacet
  facet normal 0.075901 -0.381578 -0.921215
    outer loop
      vertex 59.3656 0.578934 0.158531
      vertex 59.3656 0.939413 0.00921631
      vertex 59.5782 0.621223 0.158531
    endloop
  endfacet
  facet normal 0.334132 -0.62511 -0.705403
    outer loop
      vertex 60.8914 1.01956 0.158531
      vertex 62.2072 1.41154 0.434431
      vertex 60.997 0.764667 0.434431
    endloop
  endfacet
  facet normal 0.334133 -0.625114 -0.705399
    outer loop
      vertex 62.2072 1.41154 0.434431
      vertex 60.8914 1.01956 0.158531
      vertex 62.1016 1.66643 0.158531
    endloop
  endfacet
  facet normal 0.831472 0.555566 0
    outer loop
      vertex 64.2198 91.1935 1
      vertex 63.4204 92.3899 0.79491
      vertex 63.4204 92.3899 1
    endloop
  endfacet
  facet normal 0.831472 0.555566 0
    outer loop
      vertex 63.4204 92.3899 0.79491
      vertex 64.2198 91.1935 1
      vertex 64.2198 91.1935 0.79491
    endloop
  endfacet
  facet normal 0.180737 -0.908654 -0.376407
    outer loop
      vertex 59.741 0.228376 0.79491
      vertex 59.3656 0.303034 0.434431
      vertex 59.6838 0.366326 0.434431
    endloop
  endfacet
  facet normal 0.0694778 -0.705398 -0.705398
    outer loop
      vertex 58 0.44443 0.158531
      vertex 59.3656 0.303034 0.434431
      vertex 58 0.16853 0.434431
    endloop
  endfacet
  facet normal 0.0694778 -0.705398 -0.705398
    outer loop
      vertex 59.3656 0.303034 0.434431
      vertex 58 0.44443 0.158531
      vertex 59.3656 0.578934 0.158531
    endloop
  endfacet
  facet normal 0.0376652 -0.38241 -0.923225
    outer loop
      vertex 58 0.80491 0.00921631
      vertex 59.3656 0.578934 0.158531
      vertex 58 0.44443 0.158531
    endloop
  endfacet
  facet normal 0.037665 -0.382411 -0.923225
    outer loop
      vertex 59.3656 0.578934 0.158531
      vertex 58 0.80491 0.00921631
      vertex 59.3656 0.939413 0.00921631
    endloop
  endfacet
  facet normal 0.77037 0.514739 -0.376263
    outer loop
      vertex 64.2198 91.1935 0.79491
      vertex 63.4951 92.0146 0.434431
      vertex 63.4204 92.3899 0.79491
    endloop
  endfacet
  facet normal 0.77037 0.514739 -0.376263
    outer loop
      vertex 63.4951 92.0146 0.434431
      vertex 64.2198 91.1935 0.79491
      vertex 64.2945 90.8182 0.434431
    endloop
  endfacet
  facet normal -0.381599 0.0758652 -0.921209
    outer loop
      vertex 0.939412 90.3656 0.00921631
      vertex 0.621222 90.5782 0.158531
      vertex 0.954263 90.4403 0.00921631
    endloop
  endfacet
  facet normal -0.908669 0.18071 -0.376382
    outer loop
      vertex 0.303033 90.3656 0.434431
      vertex 0.153718 90.3656 0.79491
      vertex 0.228375 90.741 0.79491
    endloop
  endfacet
  facet normal -0.297046 -0.243767 -0.923223
    outer loop
      vertex 2.6574 2.65741 0.158531
      vertex 2.84033 3 0.00921631
      vertex 2.9123 2.9123 0.00921631
    endloop
  endfacet
  facet normal -0.297041 -0.24377 -0.923224
    outer loop
      vertex 2.84033 3 0.00921631
      vertex 2.6574 2.65741 0.158531
      vertex 2.37625 3 0.158531
    endloop
  endfacet
  facet normal -0.815508 -0.435476 -0.381191
    outer loop
      vertex 0.766284 5 0.434431
      vertex 0.757358 5 0.453527
      vertex 0.764666 5.00303 0.434431
    endloop
  endfacet
  facet normal -0.815366 -0.435823 -0.3811
    outer loop
      vertex 1.38644 3.78243 0.5
      vertex 0.626716 4.94589 0.79491
      vertex 0.739573 4.99263 0.5
    endloop
  endfacet
  facet normal -0.815367 -0.435825 -0.381096
    outer loop
      vertex 0.626716 4.94589 0.79491
      vertex 1.38644 3.78243 0.5
      vertex 1.27359 3.73568 0.79491
    endloop
  endfacet
  facet normal -0.367714 -0.111544 -0.923225
    outer loop
      vertex 0.621222 6.42176 0.158531
      vertex 1.3526 5.24656 0.00921631
      vertex 1.01956 5.10861 0.158531
    endloop
  endfacet
  facet normal -0.367713 -0.111544 -0.923225
    outer loop
      vertex 1.3526 5.24656 0.00921631
      vertex 0.621222 6.42176 0.158531
      vertex 0.954263 6.55971 0.00921631
    endloop
  endfacet
  facet normal 0.139276 0.7002 -0.70023
    outer loop
      vertex 55.6484 96.4192 0.158531
      vertex 56.847 96.4567 0.434431
      vertex 57.0596 96.1385 0.158531
    endloop
  endfacet
  facet normal 0.139276 0.7002 -0.70023
    outer loop
      vertex 56.847 96.4567 0.434431
      vertex 55.6484 96.4192 0.158531
      vertex 55.4358 96.7374 0.434431
    endloop
  endfacet
  facet normal 0.180752 0.90872 -0.376241
    outer loop
      vertex 56.847 96.4567 0.434431
      vertex 55.8111 96.812 0.79491
      vertex 57.2223 96.5313 0.79491
    endloop
  endfacet
  facet normal 0.180752 0.90872 -0.376241
    outer loop
      vertex 55.8111 96.812 0.79491
      vertex 56.847 96.4567 0.434431
      vertex 55.4358 96.7374 0.434431
    endloop
  endfacet
  facet normal 0.920092 -0.0906193 -0.381076
    outer loop
      vertex 65.8463 6.63437 0.79491
      vertex 65.8315 8 0.434431
      vertex 65.9808 8 0.79491
    endloop
  endfacet
  facet normal 0.920092 -0.0906193 -0.381076
    outer loop
      vertex 65.8315 8 0.434431
      vertex 65.8463 6.63437 0.79491
      vertex 65.697 6.63437 0.434431
    endloop
  endfacet
  facet normal 0.980764 -0.195196 0
    outer loop
      vertex 65.7716 6.25904 1
      vertex 65.8463 6.63437 0.79491
      vertex 65.8463 6.63437 1
    endloop
  endfacet
  facet normal 0.980764 -0.195196 0
    outer loop
      vertex 65.8463 6.63437 0.79491
      vertex 65.7716 6.25904 1
      vertex 65.7716 6.25904 0.79491
    endloop
  endfacet
  facet normal 0.243769 -0.297046 -0.923223
    outer loop
      vertex 62.2818 1.78687 0.158531
      vertex 63.0877 2.9123 0.00921631
      vertex 63.3426 2.65741 0.158531
    endloop
  endfacet
  facet normal 0.243769 -0.297046 -0.923223
    outer loop
      vertex 63.0877 2.9123 0.00921631
      vertex 62.2818 1.78687 0.158531
      vertex 62.0269 2.04176 0.00921631
    endloop
  endfacet
  facet normal 0.39669 -0.593582 -0.700212
    outer loop
      vertex 62.2072 1.41154 0.434431
      vertex 62.1016 1.66643 0.158531
      vertex 62.4769 1.59178 0.434431
    endloop
  endfacet
  facet normal 0.634378 -0.773023 0
    outer loop
      vertex 62.5825 1.48619 0.79491
      vertex 63.6433 2.35673 1
      vertex 62.5825 1.48619 1
    endloop
  endfacet
  facet normal 0.634378 -0.773023 0
    outer loop
      vertex 63.6433 2.35673 1
      vertex 62.5825 1.48619 0.79491
      vertex 63.6433 2.35673 0.79491
    endloop
  endfacet
  facet normal 0.268364 -0.884707 -0.381148
    outer loop
      vertex 60.997 0.764667 0.434431
      vertex 59.741 0.228376 0.79491
      vertex 59.6838 0.366326 0.434431
    endloop
  endfacet
  facet normal 0.26839 -0.884727 -0.381085
    outer loop
      vertex 59.741 0.228376 0.79491
      vertex 60.997 0.764667 0.434431
      vertex 61.0541 0.626717 0.79491
    endloop
  endfacet
  facet normal 0.0758652 -0.381599 -0.921209
    outer loop
      vertex 59.5782 0.621223 0.158531
      vertex 59.3656 0.939413 0.00921631
      vertex 59.4403 0.954264 0.00921631
    endloop
  endfacet
  facet normal 0.881912 -0.471413 0
    outer loop
      vertex 64.7264 3.73568 1
      vertex 65.3733 4.94589 0.79491
      vertex 65.3733 4.94589 1
    endloop
  endfacet
  facet normal 0.881912 -0.471413 0
    outer loop
      vertex 65.3733 4.94589 0.79491
      vertex 64.7264 3.73568 1
      vertex 64.7264 3.73568 0.79491
    endloop
  endfacet
  facet normal 0.0906222 -0.920079 -0.381107
    outer loop
      vertex 58 0.16853 0.434431
      vertex 59.3656 0.153719 0.79491
      vertex 58 0.0192156 0.79491
    endloop
  endfacet
  facet normal 0.0906226 -0.920078 -0.381108
    outer loop
      vertex 59.3656 0.153719 0.79491
      vertex 58 0.16853 0.434431
      vertex 59.3656 0.303034 0.434431
    endloop
  endfacet
  facet normal 0.111536 -0.367703 -0.92323
    outer loop
      vertex 59.5782 0.621223 0.158531
      vertex 60.7534 1.3526 0.00921631
      vertex 60.8914 1.01956 0.158531
    endloop
  endfacet
  facet normal 0.111551 -0.367725 -0.92322
    outer loop
      vertex 60.7534 1.3526 0.00921631
      vertex 59.5782 0.621223 0.158531
      vertex 59.4403 0.954264 0.00921631
    endloop
  endfacet
  facet normal 0.593521 0.396781 -0.700212
    outer loop
      vertex 63.4951 92.0146 0.434431
      vertex 63.2402 91.909 0.158531
      vertex 63.3148 92.2843 0.434431
    endloop
  endfacet
  facet normal 0.770217 -0.514986 -0.376237
    outer loop
      vertex 64.7264 3.73568 0.79491
      vertex 64.5749 3.72455 0.5
      vertex 64.6136 3.78243 0.5
    endloop
  endfacet
  facet normal 0.770357 -0.514717 -0.376319
    outer loop
      vertex 64.5749 3.72455 0.5
      vertex 64.7264 3.73568 0.79491
      vertex 64.5138 3.41749 0.79491
    endloop
  endfacet
  facet normal 0.884766 -0.268375 -0.381005
    outer loop
      vertex 65.2627 5 0.5
      vertex 65.6337 6.31618 0.434431
      vertex 65.7716 6.25904 0.79491
    endloop
  endfacet
  facet normal 0.884372 -0.268312 -0.381961
    outer loop
      vertex 65.6337 6.31618 0.434431
      vertex 65.2627 5 0.5
      vertex 65.2353 5.00303 0.434431
    endloop
  endfacet
  facet normal 0.884752 -0.26836 -0.381047
    outer loop
      vertex 65.3733 4.94589 0.79491
      vertex 65.2627 5 0.5
      vertex 65.7716 6.25904 0.79491
    endloop
  endfacet
  facet normal 0.882414 -0.27538 -0.381458
    outer loop
      vertex 65.2627 5 0.5
      vertex 65.3733 4.94589 0.79491
      vertex 65.2604 4.99263 0.5
    endloop
  endfacet
  facet normal 0.881381 -0.279016 -0.381205
    outer loop
      vertex 65.2353 5.00303 0.434431
      vertex 65.2627 5 0.5
      vertex 65.2426 5 0.453527
    endloop
  endfacet
  facet normal 0.770231 -0.514814 -0.376446
    outer loop
      vertex 64.5138 3.41749 0.79491
      vertex 64.4274 3.50387 0.5
      vertex 64.5749 3.72455 0.5
    endloop
  endfacet
  facet normal 0.956948 -0.290258 0
    outer loop
      vertex 65.3733 4.94589 1
      vertex 65.7716 6.25904 0.79491
      vertex 65.7716 6.25904 1
    endloop
  endfacet
  facet normal 0.956948 -0.290258 0
    outer loop
      vertex 65.7716 6.25904 0.79491
      vertex 65.3733 4.94589 1
      vertex 65.3733 4.94589 0.79491
    endloop
  endfacet
  facet normal 0.51477 -0.770271 -0.376423
    outer loop
      vertex 62.5825 1.48619 0.79491
      vertex 62.2072 1.41154 0.434431
      vertex 62.4769 1.59178 0.434431
    endloop
  endfacet
  facet normal 0.773026 -0.634374 0
    outer loop
      vertex 63.6433 2.35673 1
      vertex 64.5138 3.41749 0.79491
      vertex 64.5138 3.41749 1
    endloop
  endfacet
  facet normal 0.773026 -0.634374 0
    outer loop
      vertex 64.5138 3.41749 0.79491
      vertex 63.6433 2.35673 1
      vertex 63.6433 2.35673 0.79491
    endloop
  endfacet
  facet normal 0.714666 -0.586489 -0.381161
    outer loop
      vertex 64.5138 3.41749 0.79491
      vertex 64.0139 3 0.5
      vertex 64.4274 3.50387 0.5
    endloop
  endfacet
  facet normal 0.714845 -0.586708 -0.380486
    outer loop
      vertex 64.0139 3 0.5
      vertex 63.5377 2.46232 0.434431
      vertex 63.979 3 0.434431
    endloop
  endfacet
  facet normal 0.714666 -0.586482 -0.381171
    outer loop
      vertex 63.6433 2.35673 0.79491
      vertex 64.0139 3 0.5
      vertex 64.5138 3.41749 0.79491
    endloop
  endfacet
  facet normal 0.714679 -0.58648 -0.38115
    outer loop
      vertex 64.0139 3 0.5
      vertex 63.6433 2.35673 0.79491
      vertex 63.5377 2.46232 0.434431
    endloop
  endfacet
  facet normal 0.44965 -0.547923 -0.705404
    outer loop
      vertex 62.4769 1.59178 0.434431
      vertex 63.3426 2.65741 0.158531
      vertex 63.5377 2.46232 0.434431
    endloop
  endfacet
  facet normal 0.44965 -0.547923 -0.705404
    outer loop
      vertex 63.3426 2.65741 0.158531
      vertex 62.4769 1.59178 0.434431
      vertex 62.2818 1.78687 0.158531
    endloop
  endfacet
  facet normal 0.471401 -0.881919 0
    outer loop
      vertex 61.0541 0.626717 0.79491
      vertex 62.2643 1.27359 1
      vertex 61.0541 0.626717 1
    endloop
  endfacet
  facet normal 0.471401 -0.881919 0
    outer loop
      vertex 62.2643 1.27359 1
      vertex 61.0541 0.626717 0.79491
      vertex 62.2643 1.27359 0.79491
    endloop
  endfacet
  facet normal 0.338974 -0.181019 -0.923217
    outer loop
      vertex 64.9224 5 0.158531
      vertex 64.6474 5.24656 0.00921631
      vertex 64.9804 5.10861 0.158531
    endloop
  endfacet
  facet normal 0.338869 -0.181144 -0.923231
    outer loop
      vertex 64.6474 5.24656 0.00921631
      vertex 64.9224 5 0.158531
      vertex 64.5156 5 0.00921631
    endloop
  endfacet
  facet normal 0 0 -1
    outer loop
      vertex 8 3 0.5
      vertex 10 3 0.5
      vertex 10 0.6 0.5
    endloop
  endfacet
  facet normal 0 0 -1
    outer loop
      vertex 10 3 0.5
      vertex 8 3 0.5
      vertex 8.95 3.9 0.5
    endloop
  endfacet
  facet normal 0 0 -1
    outer loop
      vertex 8 3 0.5
      vertex 10 0.6 0.5
      vertex 8 0.6 0.5
    endloop
  endfacet
  facet normal -0 0 -1
    outer loop
      vertex 8.95 3.9 0.5
      vertex 8 3 0.5
      vertex 8.1606 4.00393 0.5
    endloop
  endfacet
  facet normal 0 0 -1
    outer loop
      vertex 8 3 0.5
      vertex 7.425 4.30862 0.5
      vertex 8.1606 4.00393 0.5
    endloop
  endfacet
  facet normal 0 0 -1
    outer loop
      vertex 8 3 0.5
      vertex 6.79332 4.79332 0.5
      vertex 7.425 4.30862 0.5
    endloop
  endfacet
  facet normal 0 0 -1
    outer loop
      vertex 1.98608 3 0.5
      vertex 6.79332 4.79332 0.5
      vertex 8 3 0.5
    endloop
  endfacet
  facet normal -0 0 -1
    outer loop
      vertex 6.79332 4.79332 0.5
      vertex 1.98608 3 0.5
      vertex 6.63474 5 0.5
    endloop
  endfacet
  facet normal 0 0 -1
    outer loop
      vertex 1.57257 3.50387 0.5
      vertex 6.63474 5 0.5
      vertex 1.98608 3 0.5
    endloop
  endfacet
  facet normal 0 0 -1
    outer loop
      vertex 1.42511 3.72455 0.5
      vertex 6.63474 5 0.5
      vertex 1.57257 3.50387 0.5
    endloop
  endfacet
  facet normal 0 0 -1
    outer loop
      vertex 1.38644 3.78243 0.5
      vertex 6.63474 5 0.5
      vertex 1.42511 3.72455 0.5
    endloop
  endfacet
  facet normal 0 0 -1
    outer loop
      vertex 0.739573 4.99263 0.5
      vertex 6.63474 5 0.5
      vertex 1.38644 3.78243 0.5
    endloop
  endfacet
  facet normal -0 0 -1
    outer loop
      vertex 6.63474 5 0.5
      vertex 0.739573 4.99263 0.5
      vertex 0.737339 5 0.5
    endloop
  endfacet
  facet normal 0 0 -1
    outer loop
      vertex 56 3 0.5
      vertex 58 3 0.5
      vertex 58 0.6 0.5
    endloop
  endfacet
  facet normal 0 0 -1
    outer loop
      vertex 58 3 0.5
      vertex 57.05 3.9 0.5
      vertex 57.8394 4.00393 0.5
    endloop
  endfacet
  facet normal 0 0 -1
    outer loop
      vertex 56 3 0.5
      vertex 58 0.6 0.5
      vertex 56 0.6 0.5
    endloop
  endfacet
  facet normal 0 0 -1
    outer loop
      vertex 58 3 0.5
      vertex 56 3 0.5
      vertex 57.05 3.9 0.5
    endloop
  endfacet
  facet normal 0 0 -1
    outer loop
      vertex 10 3 0.5
      vertex 57.05 3.9 0.5
      vertex 56 3 0.5
    endloop
  endfacet
  facet normal -0 0 -1
    outer loop
      vertex 57.05 3.9 0.5
      vertex 10 3 0.5
      vertex 8.95 3.9 0.5
    endloop
  endfacet
  facet normal 0 0 -1
    outer loop
      vertex 59.3653 5 0.5
      vertex 65.2604 4.99263 0.5
      vertex 64.6136 3.78243 0.5
    endloop
  endfacet
  facet normal 0 0 -1
    outer loop
      vertex 59.3653 5 0.5
      vertex 64.6136 3.78243 0.5
      vertex 64.5749 3.72455 0.5
    endloop
  endfacet
  facet normal 0 0 -1
    outer loop
      vertex 59.3653 5 0.5
      vertex 64.5749 3.72455 0.5
      vertex 64.4274 3.50387 0.5
    endloop
  endfacet
  facet normal 0 0 -1
    outer loop
      vertex 59.3653 5 0.5
      vertex 64.4274 3.50387 0.5
      vertex 64.0139 3 0.5
    endloop
  endfacet
  facet normal 0 0 -1
    outer loop
      vertex 65.2604 4.99263 0.5
      vertex 59.3653 5 0.5
      vertex 65.2627 5 0.5
    endloop
  endfacet
  facet normal 0 0 -1
    outer loop
      vertex 64.0139 3 0.5
      vertex 59.2067 4.79332 0.5
      vertex 59.3653 5 0.5
    endloop
  endfacet
  facet normal 0 0 -1
    outer loop
      vertex 58 3 0.5
      vertex 59.2067 4.79332 0.5
      vertex 64.0139 3 0.5
    endloop
  endfacet
  facet normal 0 0 -1
    outer loop
      vertex 59.2067 4.79332 0.5
      vertex 58 3 0.5
      vertex 58.575 4.30862 0.5
    endloop
  endfacet
  facet normal 0 0 -1
    outer loop
      vertex 58.575 4.30862 0.5
      vertex 58 3 0.5
      vertex 57.8394 4.00393 0.5
    endloop
  endfacet
  facet normal 0 1 -0
    outer loop
      vertex 2.84033 3 0.00921631
      vertex 1.98608 3 0.5
      vertex 8 3 0.5
    endloop
  endfacet
  facet normal -0 1 -0
    outer loop
      vertex 2.37625 3 0.158531
      vertex 1.98608 3 0.5
      vertex 2.84033 3 0.00921631
    endloop
  endfacet
  facet normal 0 1 0
    outer loop
      vertex 2.84033 3 0.00921631
      vertex 8 3 0.5
      vertex 8 3 0.00921631
    endloop
  endfacet
  facet normal 0 1 0
    outer loop
      vertex 1.98608 3 0.5
      vertex 2.37625 3 0.158531
      vertex 2.02105 3 0.434431
    endloop
  endfacet
  facet normal 0 1 -0
    outer loop
      vertex 56 3 0.00921631
      vertex 10 3 0.5
      vertex 56 3 0.5
    endloop
  endfacet
  facet normal 0 1 0
    outer loop
      vertex 10 3 0.5
      vertex 56 3 0.00921631
      vertex 10 3 0.00921631
    endloop
  endfacet
  facet normal 0 1 0
    outer loop
      vertex 63.6238 3 0.158531
      vertex 64.0139 3 0.5
      vertex 63.979 3 0.434431
    endloop
  endfacet
  facet normal 0 1 0
    outer loop
      vertex 64.0139 3 0.5
      vertex 63.6238 3 0.158531
      vertex 63.1597 3 0.00921631
    endloop
  endfacet
  facet normal 0 1 0
    outer loop
      vertex 64.0139 3 0.5
      vertex 63.1597 3 0.00921631
      vertex 58 3 0.5
    endloop
  endfacet
  facet normal 0 1 0
    outer loop
      vertex 58 3 0.5
      vertex 63.1597 3 0.00921631
      vertex 58 3 0.00921631
    endloop
  endfacet
  facet normal 0 -1 0
    outer loop
      vertex 0.590317 5 1
      vertex 0.599999 5 12
      vertex 0.590317 5 12
    endloop
  endfacet
  facet normal 0 -1 -0
    outer loop
      vertex 0.599999 5 12
      vertex 0.590317 5 1
      vertex 0.599999 5 1
    endloop
  endfacet
  facet normal 0 -1 0
    outer loop
      vertex 65.4 5 1
      vertex 65.4097 5 12
      vertex 65.4 5 12
    endloop
  endfacet
  facet normal 0 -1 -0
    outer loop
      vertex 65.4097 5 12
      vertex 65.4 5 1
      vertex 65.4097 5 1
    endloop
  endfacet
  facet normal 0 -1 0
    outer loop
      vertex 1.07762 5 0.158531
      vertex 0.737339 5 0.5
      vertex 0.757358 5 0.453527
    endloop
  endfacet
  facet normal 0 -1 0
    outer loop
      vertex 1.07762 5 0.158531
      vertex 0.757358 5 0.453527
      vertex 0.766284 5 0.434431
    endloop
  endfacet
  facet normal 0 -1 0
    outer loop
      vertex 0.737339 5 0.5
      vertex 1.48439 5 0.00921631
      vertex 6.63474 5 0.5
    endloop
  endfacet
  facet normal 0 -1 0
    outer loop
      vertex 0.737339 5 0.5
      vertex 1.07762 5 0.158531
      vertex 1.48439 5 0.00921631
    endloop
  endfacet
  facet normal 0 -1 -0
    outer loop
      vertex 6.63474 5 0.5
      vertex 1.48439 5 0.00921631
      vertex 6.63474 5 0.400001
    endloop
  endfacet
  facet normal 0 -1 0
    outer loop
      vertex 6.78559 5 0.00921631
      vertex 6.63474 5 0.400001
      vertex 1.48439 5 0.00921631
    endloop
  endfacet
  facet normal 0 -1 0
    outer loop
      vertex 6.63474 5 0.400001
      vertex 6.78559 5 0.00921631
      vertex 6.78559 5 0.39989
    endloop
  endfacet
  facet normal 0 -1 0
    outer loop
      vertex 64.5156 5 0.00921631
      vertex 65.2627 5 0.5
      vertex 59.3653 5 0.5
    endloop
  endfacet
  facet normal -0 -1 0
    outer loop
      vertex 64.9224 5 0.158531
      vertex 65.2627 5 0.5
      vertex 64.5156 5 0.00921631
    endloop
  endfacet
  facet normal 0 -1 0
    outer loop
      vertex 64.5156 5 0.00921631
      vertex 59.3653 5 0.5
      vertex 59.3653 5 0.400001
    endloop
  endfacet
  facet normal 0 -1 0
    outer loop
      vertex 65.2627 5 0.5
      vertex 64.9224 5 0.158531
      vertex 65.2426 5 0.453527
    endloop
  endfacet
  facet normal 0 -1 0
    outer loop
      vertex 59.2144 5 0.00921631
      vertex 59.3653 5 0.400001
      vertex 59.2144 5 0.399712
    endloop
  endfacet
  facet normal 0 -1 -0
    outer loop
      vertex 59.3653 5 0.400001
      vertex 59.2144 5 0.00921631
      vertex 64.5156 5 0.00921631
    endloop
  endfacet
  facet normal 0 -1 0
    outer loop
      vertex 65.2426 5 0.453527
      vertex 64.9224 5 0.158531
      vertex 65.2337 5 0.434431
    endloop
  endfacet
  facet normal -1 0 0
    outer loop
      vertex 0.599999 4.96808 1
      vertex 0.599999 5 12
      vertex 0.599999 5 1
    endloop
  endfacet
  facet normal -1 -0 0
    outer loop
      vertex 0.599999 5 12
      vertex 0.599999 4.96808 1
      vertex 0.599999 4.96808 12
    endloop
  endfacet
  facet normal 1 -0 0
    outer loop
      vertex 65.4 4.96808 12
      vertex 65.4 5 1
      vertex 65.4 5 12
    endloop
  endfacet
  facet normal 1 0 0
    outer loop
      vertex 65.4 5 1
      vertex 65.4 4.96808 12
      vertex 65.4 4.96808 1
    endloop
  endfacet
  facet normal -1 0 0
    outer loop
      vertex 10 0.80491 0.00921631
      vertex 10 3 0.5
      vertex 10 3 0.00921631
    endloop
  endfacet
  facet normal -1 0 0
    outer loop
      vertex 10 0.80491 0.00921631
      vertex 10 0.6 0.5
      vertex 10 3 0.5
    endloop
  endfacet
  facet normal -1 0 0
    outer loop
      vertex 10 0.44443 0.158531
      vertex 10 0.6 0.5
      vertex 10 0.80491 0.00921631
    endloop
  endfacet
  facet normal -1 0 0
    outer loop
      vertex 10 0.16853 0.434431
      vertex 10 0.6 0.5
      vertex 10 0.44443 0.158531
    endloop
  endfacet
  facet normal -1 0 0
    outer loop
      vertex 10 0.0192156 0.79491
      vertex 10 0.6 0.5
      vertex 10 0.16853 0.434431
    endloop
  endfacet
  facet normal -1 0 0
    outer loop
      vertex 10 0.6 0.5
      vertex 10 0.0192156 0.79491
      vertex 10 0.0192156 1
    endloop
  endfacet
  facet normal -1 0 0
    outer loop
      vertex 10 0.6 0.5
      vertex 10 0.0192156 1
      vertex 10 0.6 12
    endloop
  endfacet
  facet normal -1 0 0
    outer loop
      vertex 10 0 12
      vertex 10 0.0192156 1
      vertex 10 0 1
    endloop
  endfacet
  facet normal -1 0 0
    outer loop
      vertex 10 0.0192156 1
      vertex 10 0 12
      vertex 10 0.6 12
    endloop
  endfacet
  facet normal 1 -0 0
    outer loop
      vertex 8 0.0192156 1
      vertex 8 0.6 0.5
      vertex 8 0.6 12
    endloop
  endfacet
  facet normal 1 -0 0
    outer loop
      vertex 8 0.0192156 0.79491
      vertex 8 0.6 0.5
      vertex 8 0.0192156 1
    endloop
  endfacet
  facet normal 1 0 0
    outer loop
      vertex 8 0.6 0.5
      vertex 8 0.16853 0.434431
      vertex 8 0.44443 0.158531
    endloop
  endfacet
  facet normal 1 -0 0
    outer loop
      vertex 8 0 12
      vertex 8 0.0192156 1
      vertex 8 0.6 12
    endloop
  endfacet
  facet normal 1 0 0
    outer loop
      vertex 8 0.0192156 1
      vertex 8 0 12
      vertex 8 0 1
    endloop
  endfacet
  facet normal 1 0 0
    outer loop
      vertex 8 3 0.5
      vertex 8 0.80491 0.00921631
      vertex 8 3 0.00921631
    endloop
  endfacet
  facet normal 1 -0 0
    outer loop
      vertex 8 0.6 0.5
      vertex 8 0.80491 0.00921631
      vertex 8 3 0.5
    endloop
  endfacet
  facet normal 1 0 0
    outer loop
      vertex 8 0.80491 0.00921631
      vertex 8 0.6 0.5
      vertex 8 0.44443 0.158531
    endloop
  endfacet
  facet normal 1 0 0
    outer loop
      vertex 8 0.6 0.5
      vertex 8 0.0192156 0.79491
      vertex 8 0.16853 0.434431
    endloop
  endfacet
  facet normal 0 -1 0
    outer loop
      vertex 8 0.6 0.5
      vertex 10 0.6 12
      vertex 8 0.6 12
    endloop
  endfacet
  facet normal 0 -1 -0
    outer loop
      vertex 10 0.6 12
      vertex 8 0.6 0.5
      vertex 10 0.6 0.5
    endloop
  endfacet
  facet normal -1 0 0
    outer loop
      vertex 58 0.80491 0.00921631
      vertex 58 3 0.5
      vertex 58 3 0.00921631
    endloop
  endfacet
  facet normal -1 0 0
    outer loop
      vertex 58 0.80491 0.00921631
      vertex 58 0.6 0.5
      vertex 58 3 0.5
    endloop
  endfacet
  facet normal -1 0 0
    outer loop
      vertex 58 0.44443 0.158531
      vertex 58 0.6 0.5
      vertex 58 0.80491 0.00921631
    endloop
  endfacet
  facet normal -1 0 0
    outer loop
      vertex 58 0.16853 0.434431
      vertex 58 0.6 0.5
      vertex 58 0.44443 0.158531
    endloop
  endfacet
  facet normal -1 0 0
    outer loop
      vertex 58 0.0192156 0.79491
      vertex 58 0.6 0.5
      vertex 58 0.16853 0.434431
    endloop
  endfacet
  facet normal -1 0 0
    outer loop
      vertex 58 0.6 0.5
      vertex 58 0.0192156 0.79491
      vertex 58 0.0192156 1
    endloop
  endfacet
  facet normal -1 0 0
    outer loop
      vertex 58 0.6 0.5
      vertex 58 0.0192156 1
      vertex 58 0.6 12
    endloop
  endfacet
  facet normal -1 0 0
    outer loop
      vertex 58 0 12
      vertex 58 0.0192156 1
      vertex 58 0 1
    endloop
  endfacet
  facet normal -1 0 0
    outer loop
      vertex 58 0.0192156 1
      vertex 58 0 12
      vertex 58 0.6 12
    endloop
  endfacet
  facet normal 1 -0 0
    outer loop
      vertex 56 0.0192156 1
      vertex 56 0.6 0.5
      vertex 56 0.6 12
    endloop
  endfacet
  facet normal 1 -0 0
    outer loop
      vertex 56 0.0192156 0.79491
      vertex 56 0.6 0.5
      vertex 56 0.0192156 1
    endloop
  endfacet
  facet normal 1 0 0
    outer loop
      vertex 56 0.6 0.5
      vertex 56 0.16853 0.434431
      vertex 56 0.44443 0.158531
    endloop
  endfacet
  facet normal 1 -0 0
    outer loop
      vertex 56 0 12
      vertex 56 0.0192156 1
      vertex 56 0.6 12
    endloop
  endfacet
  facet normal 1 0 0
    outer loop
      vertex 56 0.0192156 1
      vertex 56 0 12
      vertex 56 0 1
    endloop
  endfacet
  facet normal 1 0 0
    outer loop
      vertex 56 3 0.5
      vertex 56 0.80491 0.00921631
      vertex 56 3 0.00921631
    endloop
  endfacet
  facet normal 1 -0 0
    outer loop
      vertex 56 0.6 0.5
      vertex 56 0.80491 0.00921631
      vertex 56 3 0.5
    endloop
  endfacet
  facet normal 1 0 0
    outer loop
      vertex 56 0.80491 0.00921631
      vertex 56 0.6 0.5
      vertex 56 0.44443 0.158531
    endloop
  endfacet
  facet normal 1 0 0
    outer loop
      vertex 56 0.6 0.5
      vertex 56 0.0192156 0.79491
      vertex 56 0.16853 0.434431
    endloop
  endfacet
  facet normal 0 -1 0
    outer loop
      vertex 56 0.6 0.5
      vertex 58 0.6 12
      vertex 56 0.6 12
    endloop
  endfacet
  facet normal 0 -1 -0
    outer loop
      vertex 58 0.6 12
      vertex 56 0.6 0.5
      vertex 58 0.6 0.5
    endloop
  endfacet
  facet normal -1 0 0
    outer loop
      vertex 25.25 58.75 0.00921631
      vertex 25.25 65.25 2.49
      vertex 25.25 65.25 0.00921631
    endloop
  endfacet
  facet normal -1 -0 0
    outer loop
      vertex 25.25 65.25 2.49
      vertex 25.25 58.75 0.00921631
      vertex 25.25 58.75 2.49
    endloop
  endfacet
  facet normal 1 -0 0
    outer loop
      vertex 6.75 58.75 2.49
      vertex 6.75 65.25 0.00921631
      vertex 6.75 65.25 2.49
    endloop
  endfacet
  facet normal 1 0 0
    outer loop
      vertex 6.75 65.25 0.00921631
      vertex 6.75 58.75 2.49
      vertex 6.75 58.75 0.00921631
    endloop
  endfacet
  facet normal 0 1 -0
    outer loop
      vertex 12.75 58.75 0.00921631
      vertex 6.75 58.75 2.49
      vertex 12.75 58.75 2.49
    endloop
  endfacet
  facet normal 0 1 0
    outer loop
      vertex 6.75 58.75 2.49
      vertex 12.75 58.75 0.00921631
      vertex 6.75 58.75 0.00921631
    endloop
  endfacet
  facet normal 0 1 -0
    outer loop
      vertex 25.25 58.75 0.00921631
      vertex 19.25 58.75 2.49
      vertex 25.25 58.75 2.49
    endloop
  endfacet
  facet normal 0 1 0
    outer loop
      vertex 19.25 58.75 2.49
      vertex 25.25 58.75 0.00921631
      vertex 19.25 58.75 0.00921631
    endloop
  endfacet
  facet normal 0 -1 0
    outer loop
      vertex 6.75 65.25 0.00921631
      vertex 12.75 65.25 2.49
      vertex 6.75 65.25 2.49
    endloop
  endfacet
  facet normal 0 -1 -0
    outer loop
      vertex 12.75 65.25 2.49
      vertex 6.75 65.25 0.00921631
      vertex 12.75 65.25 0.00921631
    endloop
  endfacet
  facet normal 0 -1 0
    outer loop
      vertex 19.25 65.25 0.00921631
      vertex 25.25 65.25 2.49
      vertex 19.25 65.25 2.49
    endloop
  endfacet
  facet normal 0 -1 -0
    outer loop
      vertex 25.25 65.25 2.49
      vertex 19.25 65.25 0.00921631
      vertex 25.25 65.25 0.00921631
    endloop
  endfacet
  facet normal -1 0 0
    outer loop
      vertex 19.25 52.75 0.00921631
      vertex 19.25 58.75 2.49
      vertex 19.25 58.75 0.00921631
    endloop
  endfacet
  facet normal -1 -0 0
    outer loop
      vertex 19.25 58.75 2.49
      vertex 19.25 52.75 0.00921631
      vertex 19.25 52.75 2.49
    endloop
  endfacet
  facet normal -1 0 0
    outer loop
      vertex 19.25 65.25 0.00921631
      vertex 19.25 71.25 2.49
      vertex 19.25 71.25 0.00921631
    endloop
  endfacet
  facet normal -1 -0 0
    outer loop
      vertex 19.25 71.25 2.49
      vertex 19.25 65.25 0.00921631
      vertex 19.25 65.25 2.49
    endloop
  endfacet
  facet normal 1 -0 0
    outer loop
      vertex 12.75 52.75 2.49
      vertex 12.75 58.75 0.00921631
      vertex 12.75 58.75 2.49
    endloop
  endfacet
  facet normal 1 0 0
    outer loop
      vertex 12.75 58.75 0.00921631
      vertex 12.75 52.75 2.49
      vertex 12.75 52.75 0.00921631
    endloop
  endfacet
  facet normal 1 -0 0
    outer loop
      vertex 12.75 65.25 2.49
      vertex 12.75 71.25 0.00921631
      vertex 12.75 71.25 2.49
    endloop
  endfacet
  facet normal 1 0 0
    outer loop
      vertex 12.75 71.25 0.00921631
      vertex 12.75 65.25 2.49
      vertex 12.75 65.25 0.00921631
    endloop
  endfacet
  facet normal 0 1 -0
    outer loop
      vertex 19.25 52.75 0.00921631
      vertex 12.75 52.75 2.49
      vertex 19.25 52.75 2.49
    endloop
  endfacet
  facet normal 0 1 0
    outer loop
      vertex 12.75 52.75 2.49
      vertex 19.25 52.75 0.00921631
      vertex 12.75 52.75 0.00921631
    endloop
  endfacet
  facet normal 0 -1 0
    outer loop
      vertex 12.75 71.25 0.00921631
      vertex 19.25 71.25 2.49
      vertex 12.75 71.25 2.49
    endloop
  endfacet
  facet normal 0 -1 -0
    outer loop
      vertex 19.25 71.25 2.49
      vertex 12.75 71.25 0.00921631
      vertex 19.25 71.25 0.00921631
    endloop
  endfacet
  facet normal -0.34196 0.939714 0
    outer loop
      vertex 47.9624 84.6057 0.00921631
      vertex 47.7192 84.5172 2.49
      vertex 47.9624 84.6057 2.49
    endloop
  endfacet
  facet normal -0.34196 0.939714 0
    outer loop
      vertex 47.7192 84.5172 2.49
      vertex 47.9624 84.6057 0.00921631
      vertex 47.7192 84.5172 0.00921631
    endloop
  endfacet
  facet normal 0.984838 -0.173477 0
    outer loop
      vertex 47.1775 84.9717 2.49
      vertex 47.2224 85.2266 0.00921631
      vertex 47.2224 85.2266 2.49
    endloop
  endfacet
  facet normal 0.984838 -0.173477 0
    outer loop
      vertex 47.2224 85.2266 0.00921631
      vertex 47.1775 84.9717 2.49
      vertex 47.1775 84.9717 0.00921631
    endloop
  endfacet
  facet normal 0.642576 0.766222 -0
    outer loop
      vertex 47.4643 84.5622 0.00921631
      vertex 47.266 84.7285 2.49
      vertex 47.4643 84.5622 2.49
    endloop
  endfacet
  facet normal 0.642576 0.766222 0
    outer loop
      vertex 47.266 84.7285 2.49
      vertex 47.4643 84.5622 0.00921631
      vertex 47.266 84.7285 0.00921631
    endloop
  endfacet
  facet normal 0.906308 -0.422618 0
    outer loop
      vertex 47.2224 85.2266 2.49
      vertex 49.5468 90.2113 0.00921631
      vertex 49.5468 90.2113 2.49
    endloop
  endfacet
  facet normal 0.906308 -0.422618 0
    outer loop
      vertex 49.5468 90.2113 0.00921631
      vertex 47.2224 85.2266 2.49
      vertex 47.2224 85.2266 0.00921631
    endloop
  endfacet
  facet normal 0.766032 -0.642802 0
    outer loop
      vertex 49.5468 90.2113 2.49
      vertex 49.7132 90.4096 0.00921631
      vertex 49.7132 90.4096 2.49
    endloop
  endfacet
  facet normal 0.766032 -0.642802 0
    outer loop
      vertex 49.7132 90.4096 0.00921631
      vertex 49.5468 90.2113 2.49
      vertex 49.5468 90.2113 0.00921631
    endloop
  endfacet
  facet normal -0.906308 0.422618 0
    outer loop
      vertex 48.1288 84.804 0.00921631
      vertex 50.4532 89.7887 2.49
      vertex 50.4532 89.7887 0.00921631
    endloop
  endfacet
  facet normal -0.906308 0.422618 0
    outer loop
      vertex 50.4532 89.7887 2.49
      vertex 48.1288 84.804 0.00921631
      vertex 48.1288 84.804 2.49
    endloop
  endfacet
  facet normal 0.173851 0.984772 -0
    outer loop
      vertex 47.7192 84.5172 0.00921631
      vertex 47.4643 84.5622 2.49
      vertex 47.7192 84.5172 2.49
    endloop
  endfacet
  facet normal 0.173851 0.984772 0
    outer loop
      vertex 47.4643 84.5622 2.49
      vertex 47.7192 84.5172 0.00921631
      vertex 47.4643 84.5622 0.00921631
    endloop
  endfacet
  facet normal -0.939714 -0.34196 0
    outer loop
      vertex 50.4981 90.0436 0.00921631
      vertex 50.4096 90.2868 2.49
      vertex 50.4096 90.2868 0.00921631
    endloop
  endfacet
  facet normal -0.939714 -0.34196 0
    outer loop
      vertex 50.4096 90.2868 2.49
      vertex 50.4981 90.0436 0.00921631
      vertex 50.4981 90.0436 2.49
    endloop
  endfacet
  facet normal -0.642802 -0.766032 0
    outer loop
      vertex 50.2113 90.4532 0.00921631
      vertex 50.4096 90.2868 2.49
      vertex 50.2113 90.4532 2.49
    endloop
  endfacet
  facet normal -0.642802 -0.766032 -0
    outer loop
      vertex 50.4096 90.2868 2.49
      vertex 50.2113 90.4532 0.00921631
      vertex 50.4096 90.2868 0.00921631
    endloop
  endfacet
  facet normal 0.34196 -0.939714 0
    outer loop
      vertex 49.7132 90.4096 0.00921631
      vertex 49.9564 90.4981 2.49
      vertex 49.7132 90.4096 2.49
    endloop
  endfacet
  facet normal 0.34196 -0.939714 0
    outer loop
      vertex 49.9564 90.4981 2.49
      vertex 49.7132 90.4096 0.00921631
      vertex 49.9564 90.4981 0.00921631
    endloop
  endfacet
  facet normal -0.173477 -0.984838 0
    outer loop
      vertex 49.9564 90.4981 0.00921631
      vertex 50.2113 90.4532 2.49
      vertex 49.9564 90.4981 2.49
    endloop
  endfacet
  facet normal -0.173477 -0.984838 -0
    outer loop
      vertex 50.2113 90.4532 2.49
      vertex 49.9564 90.4981 0.00921631
      vertex 50.2113 90.4532 0.00921631
    endloop
  endfacet
  facet normal 0.939714 0.34196 0
    outer loop
      vertex 47.266 84.7285 2.49
      vertex 47.1775 84.9717 0.00921631
      vertex 47.1775 84.9717 2.49
    endloop
  endfacet
  facet normal 0.939714 0.34196 0
    outer loop
      vertex 47.1775 84.9717 0.00921631
      vertex 47.266 84.7285 2.49
      vertex 47.266 84.7285 0.00921631
    endloop
  endfacet
  facet normal -0.984838 0.173477 0
    outer loop
      vertex 50.4532 89.7887 0.00921631
      vertex 50.4981 90.0436 2.49
      vertex 50.4981 90.0436 0.00921631
    endloop
  endfacet
  facet normal -0.984838 0.173477 0
    outer loop
      vertex 50.4981 90.0436 2.49
      vertex 50.4532 89.7887 0.00921631
      vertex 50.4532 89.7887 2.49
    endloop
  endfacet
  facet normal -0.766032 0.642802 0
    outer loop
      vertex 47.9624 84.6057 0.00921631
      vertex 48.1288 84.804 2.49
      vertex 48.1288 84.804 0.00921631
    endloop
  endfacet
  facet normal -0.766032 0.642802 0
    outer loop
      vertex 48.1288 84.804 2.49
      vertex 47.9624 84.6057 0.00921631
      vertex 47.9624 84.6057 2.49
    endloop
  endfacet
  facet normal -0.34196 0.939714 0
    outer loop
      vertex 49.9624 83.6057 0.00921631
      vertex 49.7192 83.5172 2.49
      vertex 49.9624 83.6057 2.49
    endloop
  endfacet
  facet normal -0.34196 0.939714 0
    outer loop
      vertex 49.7192 83.5172 2.49
      vertex 49.9624 83.6057 0.00921631
      vertex 49.7192 83.5172 0.00921631
    endloop
  endfacet
  facet normal 0.984838 -0.173477 0
    outer loop
      vertex 49.1775 83.9717 2.49
      vertex 49.2224 84.2266 0.00921631
      vertex 49.2224 84.2266 2.49
    endloop
  endfacet
  facet normal 0.984838 -0.173477 0
    outer loop
      vertex 49.2224 84.2266 0.00921631
      vertex 49.1775 83.9717 2.49
      vertex 49.1775 83.9717 0.00921631
    endloop
  endfacet
  facet normal 0.642576 0.766222 -0
    outer loop
      vertex 49.4643 83.5622 0.00921631
      vertex 49.266 83.7285 2.49
      vertex 49.4643 83.5622 2.49
    endloop
  endfacet
  facet normal 0.642576 0.766222 0
    outer loop
      vertex 49.266 83.7285 2.49
      vertex 49.4643 83.5622 0.00921631
      vertex 49.266 83.7285 0.00921631
    endloop
  endfacet
  facet normal 0.906308 -0.422618 0
    outer loop
      vertex 49.2224 84.2266 2.49
      vertex 51.5468 89.2113 0.00921631
      vertex 51.5468 89.2113 2.49
    endloop
  endfacet
  facet normal 0.906308 -0.422618 0
    outer loop
      vertex 51.5468 89.2113 0.00921631
      vertex 49.2224 84.2266 2.49
      vertex 49.2224 84.2266 0.00921631
    endloop
  endfacet
  facet normal 0.766032 -0.642802 0
    outer loop
      vertex 51.5468 89.2113 2.49
      vertex 51.7132 89.4096 0.00921631
      vertex 51.7132 89.4096 2.49
    endloop
  endfacet
  facet normal 0.766032 -0.642802 0
    outer loop
      vertex 51.7132 89.4096 0.00921631
      vertex 51.5468 89.2113 2.49
      vertex 51.5468 89.2113 0.00921631
    endloop
  endfacet
  facet normal -0.906308 0.422618 0
    outer loop
      vertex 50.1288 83.804 0.00921631
      vertex 52.4532 88.7887 2.49
      vertex 52.4532 88.7887 0.00921631
    endloop
  endfacet
  facet normal -0.906308 0.422618 0
    outer loop
      vertex 52.4532 88.7887 2.49
      vertex 50.1288 83.804 0.00921631
      vertex 50.1288 83.804 2.49
    endloop
  endfacet
  facet normal 0.173851 0.984772 -0
    outer loop
      vertex 49.7192 83.5172 0.00921631
      vertex 49.4643 83.5622 2.49
      vertex 49.7192 83.5172 2.49
    endloop
  endfacet
  facet normal 0.173851 0.984772 0
    outer loop
      vertex 49.4643 83.5622 2.49
      vertex 49.7192 83.5172 0.00921631
      vertex 49.4643 83.5622 0.00921631
    endloop
  endfacet
  facet normal -0.939714 -0.34196 0
    outer loop
      vertex 52.4981 89.0436 0.00921631
      vertex 52.4096 89.2868 2.49
      vertex 52.4096 89.2868 0.00921631
    endloop
  endfacet
  facet normal -0.939714 -0.34196 0
    outer loop
      vertex 52.4096 89.2868 2.49
      vertex 52.4981 89.0436 0.00921631
      vertex 52.4981 89.0436 2.49
    endloop
  endfacet
  facet normal -0.642802 -0.766032 0
    outer loop
      vertex 52.2113 89.4532 0.00921631
      vertex 52.4096 89.2868 2.49
      vertex 52.2113 89.4532 2.49
    endloop
  endfacet
  facet normal -0.642802 -0.766032 -0
    outer loop
      vertex 52.4096 89.2868 2.49
      vertex 52.2113 89.4532 0.00921631
      vertex 52.4096 89.2868 0.00921631
    endloop
  endfacet
  facet normal 0.34196 -0.939714 0
    outer loop
      vertex 51.7132 89.4096 0.00921631
      vertex 51.9564 89.4981 2.49
      vertex 51.7132 89.4096 2.49
    endloop
  endfacet
  facet normal 0.34196 -0.939714 0
    outer loop
      vertex 51.9564 89.4981 2.49
      vertex 51.7132 89.4096 0.00921631
      vertex 51.9564 89.4981 0.00921631
    endloop
  endfacet
  facet normal -0.173477 -0.984838 0
    outer loop
      vertex 51.9564 89.4981 0.00921631
      vertex 52.2113 89.4532 2.49
      vertex 51.9564 89.4981 2.49
    endloop
  endfacet
  facet normal -0.173477 -0.984838 -0
    outer loop
      vertex 52.2113 89.4532 2.49
      vertex 51.9564 89.4981 0.00921631
      vertex 52.2113 89.4532 0.00921631
    endloop
  endfacet
  facet normal 0.939714 0.34196 0
    outer loop
      vertex 49.266 83.7285 2.49
      vertex 49.1775 83.9717 0.00921631
      vertex 49.1775 83.9717 2.49
    endloop
  endfacet
  facet normal 0.939714 0.34196 0
    outer loop
      vertex 49.1775 83.9717 0.00921631
      vertex 49.266 83.7285 2.49
      vertex 49.266 83.7285 0.00921631
    endloop
  endfacet
  facet normal -0.984838 0.173477 0
    outer loop
      vertex 52.4532 88.7887 0.00921631
      vertex 52.4981 89.0436 2.49
      vertex 52.4981 89.0436 0.00921631
    endloop
  endfacet
  facet normal -0.984838 0.173477 0
    outer loop
      vertex 52.4981 89.0436 2.49
      vertex 52.4532 88.7887 0.00921631
      vertex 52.4532 88.7887 2.49
    endloop
  endfacet
  facet normal -0.766032 0.642802 0
    outer loop
      vertex 49.9624 83.6057 0.00921631
      vertex 50.1288 83.804 2.49
      vertex 50.1288 83.804 0.00921631
    endloop
  endfacet
  facet normal -0.766032 0.642802 0
    outer loop
      vertex 50.1288 83.804 2.49
      vertex 49.9624 83.6057 0.00921631
      vertex 49.9624 83.6057 2.49
    endloop
  endfacet
  facet normal -0.766032 0.642802 0
    outer loop
      vertex 51.9624 82.6057 0.00921631
      vertex 52.1288 82.804 2.49
      vertex 52.1288 82.804 0.00921631
    endloop
  endfacet
  facet normal -0.766032 0.642802 0
    outer loop
      vertex 52.1288 82.804 2.49
      vertex 51.9624 82.6057 0.00921631
      vertex 51.9624 82.6057 2.49
    endloop
  endfacet
  facet normal -0.34196 0.939714 0
    outer loop
      vertex 51.9624 82.6057 0.00921631
      vertex 51.7192 82.5172 2.49
      vertex 51.9624 82.6057 2.49
    endloop
  endfacet
  facet normal -0.34196 0.939714 0
    outer loop
      vertex 51.7192 82.5172 2.49
      vertex 51.9624 82.6057 0.00921631
      vertex 51.7192 82.5172 0.00921631
    endloop
  endfacet
  facet normal 0.984838 -0.173477 0
    outer loop
      vertex 51.1775 82.9717 2.49
      vertex 51.2224 83.2266 0.00921631
      vertex 51.2224 83.2266 2.49
    endloop
  endfacet
  facet normal 0.984838 -0.173477 0
    outer loop
      vertex 51.2224 83.2266 0.00921631
      vertex 51.1775 82.9717 2.49
      vertex 51.1775 82.9717 0.00921631
    endloop
  endfacet
  facet normal 0.642576 0.766222 -0
    outer loop
      vertex 51.4643 82.5622 0.00921631
      vertex 51.266 82.7285 2.49
      vertex 51.4643 82.5622 2.49
    endloop
  endfacet
  facet normal 0.642576 0.766222 0
    outer loop
      vertex 51.266 82.7285 2.49
      vertex 51.4643 82.5622 0.00921631
      vertex 51.266 82.7285 0.00921631
    endloop
  endfacet
  facet normal 0.906308 -0.422618 0
    outer loop
      vertex 51.2224 83.2266 2.49
      vertex 53.5468 88.2113 0.00921631
      vertex 53.5468 88.2113 2.49
    endloop
  endfacet
  facet normal 0.906308 -0.422618 0
    outer loop
      vertex 53.5468 88.2113 0.00921631
      vertex 51.2224 83.2266 2.49
      vertex 51.2224 83.2266 0.00921631
    endloop
  endfacet
  facet normal 0.766032 -0.642802 0
    outer loop
      vertex 53.5468 88.2113 2.49
      vertex 53.7132 88.4096 0.00921631
      vertex 53.7132 88.4096 2.49
    endloop
  endfacet
  facet normal 0.766032 -0.642802 0
    outer loop
      vertex 53.7132 88.4096 0.00921631
      vertex 53.5468 88.2113 2.49
      vertex 53.5468 88.2113 0.00921631
    endloop
  endfacet
  facet normal -0.906308 0.422618 0
    outer loop
      vertex 52.1288 82.804 0.00921631
      vertex 54.4532 87.7887 2.49
      vertex 54.4532 87.7887 0.00921631
    endloop
  endfacet
  facet normal -0.906308 0.422618 0
    outer loop
      vertex 54.4532 87.7887 2.49
      vertex 52.1288 82.804 0.00921631
      vertex 52.1288 82.804 2.49
    endloop
  endfacet
  facet normal 0.173851 0.984772 -0
    outer loop
      vertex 51.7192 82.5172 0.00921631
      vertex 51.4643 82.5622 2.49
      vertex 51.7192 82.5172 2.49
    endloop
  endfacet
  facet normal 0.173851 0.984772 0
    outer loop
      vertex 51.4643 82.5622 2.49
      vertex 51.7192 82.5172 0.00921631
      vertex 51.4643 82.5622 0.00921631
    endloop
  endfacet
  facet normal -0.939714 -0.34196 0
    outer loop
      vertex 54.4981 88.0436 0.00921631
      vertex 54.4096 88.2868 2.49
      vertex 54.4096 88.2868 0.00921631
    endloop
  endfacet
  facet normal -0.939714 -0.34196 0
    outer loop
      vertex 54.4096 88.2868 2.49
      vertex 54.4981 88.0436 0.00921631
      vertex 54.4981 88.0436 2.49
    endloop
  endfacet
  facet normal -0.642802 -0.766032 0
    outer loop
      vertex 54.2113 88.4532 0.00921631
      vertex 54.4096 88.2868 2.49
      vertex 54.2113 88.4532 2.49
    endloop
  endfacet
  facet normal -0.642802 -0.766032 -0
    outer loop
      vertex 54.4096 88.2868 2.49
      vertex 54.2113 88.4532 0.00921631
      vertex 54.4096 88.2868 0.00921631
    endloop
  endfacet
  facet normal 0.34196 -0.939714 0
    outer loop
      vertex 53.7132 88.4096 0.00921631
      vertex 53.9564 88.4981 2.49
      vertex 53.7132 88.4096 2.49
    endloop
  endfacet
  facet normal 0.34196 -0.939714 0
    outer loop
      vertex 53.9564 88.4981 2.49
      vertex 53.7132 88.4096 0.00921631
      vertex 53.9564 88.4981 0.00921631
    endloop
  endfacet
  facet normal -0.173477 -0.984838 0
    outer loop
      vertex 53.9564 88.4981 0.00921631
      vertex 54.2113 88.4532 2.49
      vertex 53.9564 88.4981 2.49
    endloop
  endfacet
  facet normal -0.173477 -0.984838 -0
    outer loop
      vertex 54.2113 88.4532 2.49
      vertex 53.9564 88.4981 0.00921631
      vertex 54.2113 88.4532 0.00921631
    endloop
  endfacet
  facet normal 0.939714 0.34196 0
    outer loop
      vertex 51.266 82.7285 2.49
      vertex 51.1775 82.9717 0.00921631
      vertex 51.1775 82.9717 2.49
    endloop
  endfacet
  facet normal 0.939714 0.34196 0
    outer loop
      vertex 51.1775 82.9717 0.00921631
      vertex 51.266 82.7285 2.49
      vertex 51.266 82.7285 0.00921631
    endloop
  endfacet
  facet normal -0.984838 0.173477 0
    outer loop
      vertex 54.4532 87.7887 0.00921631
      vertex 54.4981 88.0436 2.49
      vertex 54.4981 88.0436 0.00921631
    endloop
  endfacet
  facet normal -0.984838 0.173477 0
    outer loop
      vertex 54.4981 88.0436 2.49
      vertex 54.4532 87.7887 0.00921631
      vertex 54.4532 87.7887 2.49
    endloop
  endfacet
  facet normal -0.766032 0.642802 0
    outer loop
      vertex 53.9624 81.6057 0.00921631
      vertex 54.1288 81.804 2.49
      vertex 54.1288 81.804 0.00921631
    endloop
  endfacet
  facet normal -0.766032 0.642802 0
    outer loop
      vertex 54.1288 81.804 2.49
      vertex 53.9624 81.6057 0.00921631
      vertex 53.9624 81.6057 2.49
    endloop
  endfacet
  facet normal -0.34196 0.939714 0
    outer loop
      vertex 53.9624 81.6057 0.00921631
      vertex 53.7192 81.5172 2.49
      vertex 53.9624 81.6057 2.49
    endloop
  endfacet
  facet normal -0.34196 0.939714 0
    outer loop
      vertex 53.7192 81.5172 2.49
      vertex 53.9624 81.6057 0.00921631
      vertex 53.7192 81.5172 0.00921631
    endloop
  endfacet
  facet normal 0.984838 -0.173477 0
    outer loop
      vertex 53.1775 81.9717 2.49
      vertex 53.2224 82.2266 0.00921631
      vertex 53.2224 82.2266 2.49
    endloop
  endfacet
  facet normal 0.984838 -0.173477 0
    outer loop
      vertex 53.2224 82.2266 0.00921631
      vertex 53.1775 81.9717 2.49
      vertex 53.1775 81.9717 0.00921631
    endloop
  endfacet
  facet normal 0.642576 0.766222 -0
    outer loop
      vertex 53.4643 81.5622 0.00921631
      vertex 53.266 81.7285 2.49
      vertex 53.4643 81.5622 2.49
    endloop
  endfacet
  facet normal 0.642576 0.766222 0
    outer loop
      vertex 53.266 81.7285 2.49
      vertex 53.4643 81.5622 0.00921631
      vertex 53.266 81.7285 0.00921631
    endloop
  endfacet
  facet normal 0.906308 -0.422618 0
    outer loop
      vertex 53.2224 82.2266 2.49
      vertex 55.5468 87.2113 0.00921631
      vertex 55.5468 87.2113 2.49
    endloop
  endfacet
  facet normal 0.906308 -0.422618 0
    outer loop
      vertex 55.5468 87.2113 0.00921631
      vertex 53.2224 82.2266 2.49
      vertex 53.2224 82.2266 0.00921631
    endloop
  endfacet
  facet normal 0.766032 -0.642802 0
    outer loop
      vertex 55.5468 87.2113 2.49
      vertex 55.7132 87.4096 0.00921631
      vertex 55.7132 87.4096 2.49
    endloop
  endfacet
  facet normal 0.766032 -0.642802 0
    outer loop
      vertex 55.7132 87.4096 0.00921631
      vertex 55.5468 87.2113 2.49
      vertex 55.5468 87.2113 0.00921631
    endloop
  endfacet
  facet normal -0.906308 0.422618 0
    outer loop
      vertex 54.1288 81.804 0.00921631
      vertex 56.4532 86.7887 2.49
      vertex 56.4532 86.7887 0.00921631
    endloop
  endfacet
  facet normal -0.906308 0.422618 0
    outer loop
      vertex 56.4532 86.7887 2.49
      vertex 54.1288 81.804 0.00921631
      vertex 54.1288 81.804 2.49
    endloop
  endfacet
  facet normal 0.173851 0.984772 -0
    outer loop
      vertex 53.7192 81.5172 0.00921631
      vertex 53.4643 81.5622 2.49
      vertex 53.7192 81.5172 2.49
    endloop
  endfacet
  facet normal 0.173851 0.984772 0
    outer loop
      vertex 53.4643 81.5622 2.49
      vertex 53.7192 81.5172 0.00921631
      vertex 53.4643 81.5622 0.00921631
    endloop
  endfacet
  facet normal -0.939714 -0.34196 0
    outer loop
      vertex 56.4981 87.0436 0.00921631
      vertex 56.4096 87.2868 2.49
      vertex 56.4096 87.2868 0.00921631
    endloop
  endfacet
  facet normal -0.939714 -0.34196 0
    outer loop
      vertex 56.4096 87.2868 2.49
      vertex 56.4981 87.0436 0.00921631
      vertex 56.4981 87.0436 2.49
    endloop
  endfacet
  facet normal -0.642802 -0.766032 0
    outer loop
      vertex 56.2113 87.4532 0.00921631
      vertex 56.4096 87.2868 2.49
      vertex 56.2113 87.4532 2.49
    endloop
  endfacet
  facet normal -0.642802 -0.766032 -0
    outer loop
      vertex 56.4096 87.2868 2.49
      vertex 56.2113 87.4532 0.00921631
      vertex 56.4096 87.2868 0.00921631
    endloop
  endfacet
  facet normal 0.34196 -0.939714 0
    outer loop
      vertex 55.7132 87.4096 0.00921631
      vertex 55.9564 87.4981 2.49
      vertex 55.7132 87.4096 2.49
    endloop
  endfacet
  facet normal 0.34196 -0.939714 0
    outer loop
      vertex 55.9564 87.4981 2.49
      vertex 55.7132 87.4096 0.00921631
      vertex 55.9564 87.4981 0.00921631
    endloop
  endfacet
  facet normal -0.173477 -0.984838 0
    outer loop
      vertex 55.9564 87.4981 0.00921631
      vertex 56.2113 87.4532 2.49
      vertex 55.9564 87.4981 2.49
    endloop
  endfacet
  facet normal -0.173477 -0.984838 -0
    outer loop
      vertex 56.2113 87.4532 2.49
      vertex 55.9564 87.4981 0.00921631
      vertex 56.2113 87.4532 0.00921631
    endloop
  endfacet
  facet normal 0.939714 0.34196 0
    outer loop
      vertex 53.266 81.7285 2.49
      vertex 53.1775 81.9717 0.00921631
      vertex 53.1775 81.9717 2.49
    endloop
  endfacet
  facet normal 0.939714 0.34196 0
    outer loop
      vertex 53.1775 81.9717 0.00921631
      vertex 53.266 81.7285 2.49
      vertex 53.266 81.7285 0.00921631
    endloop
  endfacet
  facet normal -0.984838 0.173477 0
    outer loop
      vertex 56.4532 86.7887 0.00921631
      vertex 56.4981 87.0436 2.49
      vertex 56.4981 87.0436 0.00921631
    endloop
  endfacet
  facet normal -0.984838 0.173477 0
    outer loop
      vertex 56.4981 87.0436 2.49
      vertex 56.4532 86.7887 0.00921631
      vertex 56.4532 86.7887 2.49
    endloop
  endfacet
  facet normal -0.766032 0.642802 0
    outer loop
      vertex 55.9624 80.6057 0.00921631
      vertex 56.1288 80.804 2.49
      vertex 56.1288 80.804 0.00921631
    endloop
  endfacet
  facet normal -0.766032 0.642802 0
    outer loop
      vertex 56.1288 80.804 2.49
      vertex 55.9624 80.6057 0.00921631
      vertex 55.9624 80.6057 2.49
    endloop
  endfacet
  facet normal -0.34196 0.939714 0
    outer loop
      vertex 55.9624 80.6057 0.00921631
      vertex 55.7192 80.5172 2.49
      vertex 55.9624 80.6057 2.49
    endloop
  endfacet
  facet normal -0.34196 0.939714 0
    outer loop
      vertex 55.7192 80.5172 2.49
      vertex 55.9624 80.6057 0.00921631
      vertex 55.7192 80.5172 0.00921631
    endloop
  endfacet
  facet normal 0.984838 -0.173477 0
    outer loop
      vertex 55.1775 80.9717 2.49
      vertex 55.2224 81.2266 0.00921631
      vertex 55.2224 81.2266 2.49
    endloop
  endfacet
  facet normal 0.984838 -0.173477 0
    outer loop
      vertex 55.2224 81.2266 0.00921631
      vertex 55.1775 80.9717 2.49
      vertex 55.1775 80.9717 0.00921631
    endloop
  endfacet
  facet normal 0.642576 0.766222 -0
    outer loop
      vertex 55.4643 80.5622 0.00921631
      vertex 55.266 80.7285 2.49
      vertex 55.4643 80.5622 2.49
    endloop
  endfacet
  facet normal 0.642576 0.766222 0
    outer loop
      vertex 55.266 80.7285 2.49
      vertex 55.4643 80.5622 0.00921631
      vertex 55.266 80.7285 0.00921631
    endloop
  endfacet
  facet normal 0.906308 -0.422618 0
    outer loop
      vertex 55.2224 81.2266 2.49
      vertex 57.5468 86.2113 0.00921631
      vertex 57.5468 86.2113 2.49
    endloop
  endfacet
  facet normal 0.906308 -0.422618 0
    outer loop
      vertex 57.5468 86.2113 0.00921631
      vertex 55.2224 81.2266 2.49
      vertex 55.2224 81.2266 0.00921631
    endloop
  endfacet
  facet normal 0.766032 -0.642802 0
    outer loop
      vertex 57.5468 86.2113 2.49
      vertex 57.7132 86.4096 0.00921631
      vertex 57.7132 86.4096 2.49
    endloop
  endfacet
  facet normal 0.766032 -0.642802 0
    outer loop
      vertex 57.7132 86.4096 0.00921631
      vertex 57.5468 86.2113 2.49
      vertex 57.5468 86.2113 0.00921631
    endloop
  endfacet
  facet normal -0.906308 0.422618 0
    outer loop
      vertex 56.1288 80.804 0.00921631
      vertex 58.4532 85.7887 2.49
      vertex 58.4532 85.7887 0.00921631
    endloop
  endfacet
  facet normal -0.906308 0.422618 0
    outer loop
      vertex 58.4532 85.7887 2.49
      vertex 56.1288 80.804 0.00921631
      vertex 56.1288 80.804 2.49
    endloop
  endfacet
  facet normal 0.173851 0.984772 -0
    outer loop
      vertex 55.7192 80.5172 0.00921631
      vertex 55.4643 80.5622 2.49
      vertex 55.7192 80.5172 2.49
    endloop
  endfacet
  facet normal 0.173851 0.984772 0
    outer loop
      vertex 55.4643 80.5622 2.49
      vertex 55.7192 80.5172 0.00921631
      vertex 55.4643 80.5622 0.00921631
    endloop
  endfacet
  facet normal -0.939714 -0.34196 0
    outer loop
      vertex 58.4981 86.0436 0.00921631
      vertex 58.4096 86.2868 2.49
      vertex 58.4096 86.2868 0.00921631
    endloop
  endfacet
  facet normal -0.939714 -0.34196 0
    outer loop
      vertex 58.4096 86.2868 2.49
      vertex 58.4981 86.0436 0.00921631
      vertex 58.4981 86.0436 2.49
    endloop
  endfacet
  facet normal -0.642802 -0.766032 0
    outer loop
      vertex 58.2113 86.4532 0.00921631
      vertex 58.4096 86.2868 2.49
      vertex 58.2113 86.4532 2.49
    endloop
  endfacet
  facet normal -0.642802 -0.766032 -0
    outer loop
      vertex 58.4096 86.2868 2.49
      vertex 58.2113 86.4532 0.00921631
      vertex 58.4096 86.2868 0.00921631
    endloop
  endfacet
  facet normal 0.34196 -0.939714 0
    outer loop
      vertex 57.7132 86.4096 0.00921631
      vertex 57.9564 86.4981 2.49
      vertex 57.7132 86.4096 2.49
    endloop
  endfacet
  facet normal 0.34196 -0.939714 0
    outer loop
      vertex 57.9564 86.4981 2.49
      vertex 57.7132 86.4096 0.00921631
      vertex 57.9564 86.4981 0.00921631
    endloop
  endfacet
  facet normal -0.173477 -0.984838 0
    outer loop
      vertex 57.9564 86.4981 0.00921631
      vertex 58.2113 86.4532 2.49
      vertex 57.9564 86.4981 2.49
    endloop
  endfacet
  facet normal -0.173477 -0.984838 -0
    outer loop
      vertex 58.2113 86.4532 2.49
      vertex 57.9564 86.4981 0.00921631
      vertex 58.2113 86.4532 0.00921631
    endloop
  endfacet
  facet normal 0.939714 0.34196 0
    outer loop
      vertex 55.266 80.7285 2.49
      vertex 55.1775 80.9717 0.00921631
      vertex 55.1775 80.9717 2.49
    endloop
  endfacet
  facet normal 0.939714 0.34196 0
    outer loop
      vertex 55.1775 80.9717 0.00921631
      vertex 55.266 80.7285 2.49
      vertex 55.266 80.7285 0.00921631
    endloop
  endfacet
  facet normal -0.984838 0.173477 0
    outer loop
      vertex 58.4532 85.7887 0.00921631
      vertex 58.4981 86.0436 2.49
      vertex 58.4981 86.0436 0.00921631
    endloop
  endfacet
  facet normal -0.984838 0.173477 0
    outer loop
      vertex 58.4981 86.0436 2.49
      vertex 58.4532 85.7887 0.00921631
      vertex 58.4532 85.7887 2.49
    endloop
  endfacet
  facet normal 0.764114 -0.645081 0
    outer loop
      vertex 22.5008 81.0745 1
      vertex 22.5176 81.0944 0.200001
      vertex 22.5176 81.0944 1
    endloop
  endfacet
  facet normal 0.764114 -0.645081 0
    outer loop
      vertex 22.5176 81.0944 0.200001
      vertex 22.5008 81.0745 1
      vertex 22.5008 81.0745 0.200001
    endloop
  endfacet
  facet normal -0.643192 -0.765705 0
    outer loop
      vertex 29.2837 79.1769 0.200001
      vertex 29.3037 79.1601 1
      vertex 29.2837 79.1769 1
    endloop
  endfacet
  facet normal -0.643192 -0.765705 -0
    outer loop
      vertex 29.3037 79.1601 1
      vertex 29.2837 79.1769 0.200001
      vertex 29.3037 79.1601 0.200001
    endloop
  endfacet
  facet normal 0.176188 0.984356 -0
    outer loop
      vertex 28.0009 76.3663 0.200001
      vertex 27.9752 76.3709 1
      vertex 28.0009 76.3663 1
    endloop
  endfacet
  facet normal 0.176188 0.984356 0
    outer loop
      vertex 27.9752 76.3709 1
      vertex 28.0009 76.3663 0.200001
      vertex 27.9752 76.3709 0.200001
    endloop
  endfacet
  facet normal -0.422599 -0.906317 0
    outer loop
      vertex 24.4104 81.5066 0.200001
      vertex 28.942 79.3936 1
      vertex 24.4104 81.5066 1
    endloop
  endfacet
  facet normal -0.422599 -0.906317 -0
    outer loop
      vertex 28.942 79.3936 1
      vertex 24.4104 81.5066 0.200001
      vertex 28.942 79.3936 0.200001
    endloop
  endfacet
  facet normal -0.537255 -0.84342 0
    outer loop
      vertex 28.9534 79.3873 0.200001
      vertex 29.2837 79.1769 1
      vertex 28.9534 79.3873 1
    endloop
  endfacet
  facet normal -0.537255 -0.84342 -0
    outer loop
      vertex 29.2837 79.1769 1
      vertex 28.9534 79.3873 0.200001
      vertex 29.2837 79.1769 0.200001
    endloop
  endfacet
  facet normal -0.887058 -0.461658 0
    outer loop
      vertex 29.764 78.5026 0.200001
      vertex 29.5832 78.85 1
      vertex 29.5832 78.85 0.200001
    endloop
  endfacet
  facet normal -0.887058 -0.461658 0
    outer loop
      vertex 29.5832 78.85 1
      vertex 29.764 78.5026 0.200001
      vertex 29.764 78.5026 1
    endloop
  endfacet
  facet normal -0.483686 -0.875242 0
    outer loop
      vertex 28.942 79.3936 0.200001
      vertex 28.9534 79.3873 1
      vertex 28.942 79.3936 1
    endloop
  endfacet
  facet normal -0.483686 -0.875242 -0
    outer loop
      vertex 28.9534 79.3873 1
      vertex 28.942 79.3936 0.200001
      vertex 28.9534 79.3873 0.200001
    endloop
  endfacet
  facet normal -0.0434151 -0.999057 0
    outer loop
      vertex 23.6079 81.6507 0.200001
      vertex 23.9991 81.6337 1
      vertex 23.6079 81.6507 1
    endloop
  endfacet
  facet normal -0.0434151 -0.999057 -0
    outer loop
      vertex 23.9991 81.6337 1
      vertex 23.6079 81.6507 0.200001
      vertex 23.9991 81.6337 0.200001
    endloop
  endfacet
  facet normal -0.84342 0.537255 0
    outer loop
      vertex 29.4992 76.9255 0.200001
      vertex 29.7096 77.2558 1
      vertex 29.7096 77.2558 0.200001
    endloop
  endfacet
  facet normal -0.84342 0.537255 0
    outer loop
      vertex 29.7096 77.2558 1
      vertex 29.4992 76.9255 0.200001
      vertex 29.4992 76.9255 1
    endloop
  endfacet
  facet normal 0.985014 -0.172473 0
    outer loop
      vertex 22.1571 80.3214 1
      vertex 22.1616 80.3471 0.200001
      vertex 22.1616 80.3471 1
    endloop
  endfacet
  facet normal 0.985014 -0.172473 0
    outer loop
      vertex 22.1616 80.3471 0.200001
      vertex 22.1571 80.3214 1
      vertex 22.1571 80.3214 0.200001
    endloop
  endfacet
  facet normal -0.573976 0.818872 0
    outer loop
      vertex 29.1937 76.641 0.200001
      vertex 29.1723 76.626 1
      vertex 29.1937 76.641 1
    endloop
  endfacet
  facet normal -0.573976 0.818872 0
    outer loop
      vertex 29.1723 76.626 1
      vertex 29.1937 76.641 0.200001
      vertex 29.1723 76.626 0.200001
    endloop
  endfacet
  facet normal 0.537255 0.84342 -0
    outer loop
      vertex 23.0466 78.6127 0.200001
      vertex 22.7163 78.8231 1
      vertex 23.0466 78.6127 1
    endloop
  endfacet
  facet normal 0.537255 0.84342 0
    outer loop
      vertex 22.7163 78.8231 1
      vertex 23.0466 78.6127 0.200001
      vertex 22.7163 78.8231 0.200001
    endloop
  endfacet
  facet normal 0.737334 0.675528 0
    outer loop
      vertex 22.6963 78.8399 1
      vertex 22.4318 79.1286 0.200001
      vertex 22.4318 79.1286 1
    endloop
  endfacet
  facet normal 0.737334 0.675528 0
    outer loop
      vertex 22.4318 79.1286 0.200001
      vertex 22.6963 78.8399 1
      vertex 22.6963 78.8399 0.200001
    endloop
  endfacet
  facet normal 0.818872 0.573976 0
    outer loop
      vertex 22.4318 79.1286 1
      vertex 22.4168 79.15 0.200001
      vertex 22.4168 79.15 1
    endloop
  endfacet
  facet normal 0.818872 0.573976 0
    outer loop
      vertex 22.4168 79.15 0.200001
      vertex 22.4318 79.1286 1
      vertex 22.4318 79.1286 0.200001
    endloop
  endfacet
  facet normal -0.461763 0.887003 0
    outer loop
      vertex 29.1723 76.626 0.200001
      vertex 28.825 76.4452 1
      vertex 29.1723 76.626 1
    endloop
  endfacet
  facet normal -0.461763 0.887003 0
    outer loop
      vertex 28.825 76.4452 1
      vertex 29.1723 76.626 0.200001
      vertex 28.825 76.4452 0.200001
    endloop
  endfacet
  facet normal -0.939905 -0.341435 0
    outer loop
      vertex 29.7729 78.4781 0.200001
      vertex 29.764 78.5026 1
      vertex 29.764 78.5026 0.200001
    endloop
  endfacet
  facet normal -0.939905 -0.341435 0
    outer loop
      vertex 29.764 78.5026 1
      vertex 29.7729 78.4781 0.200001
      vertex 29.7729 78.4781 1
    endloop
  endfacet
  facet normal 0.907061 -0.420999 0
    outer loop
      vertex 22.2794 80.7205 1
      vertex 22.2904 80.7442 0.200001
      vertex 22.2904 80.7442 1
    endloop
  endfacet
  facet normal 0.907061 -0.420999 0
    outer loop
      vertex 22.2904 80.7442 0.200001
      vertex 22.2794 80.7205 1
      vertex 22.2794 80.7205 0.200001
    endloop
  endfacet
  facet normal 0.573976 -0.818872 0
    outer loop
      vertex 22.8063 81.359 0.200001
      vertex 22.8277 81.374 1
      vertex 22.8063 81.359 1
    endloop
  endfacet
  facet normal 0.573976 -0.818872 0
    outer loop
      vertex 22.8277 81.374 1
      vertex 22.8063 81.359 0.200001
      vertex 22.8277 81.374 0.200001
    endloop
  endfacet
  facet normal -0.999046 0.04367 0
    outer loop
      vertex 29.8429 77.6786 0.200001
      vertex 29.86 78.0698 1
      vertex 29.86 78.0698 0.200001
    endloop
  endfacet
  facet normal -0.999046 0.04367 0
    outer loop
      vertex 29.86 78.0698 1
      vertex 29.8429 77.6786 0.200001
      vertex 29.8429 77.6786 1
    endloop
  endfacet
  facet normal 0.953668 -0.300862 0
    outer loop
      vertex 22.1616 80.3471 1
      vertex 22.2794 80.7205 0.200001
      vertex 22.2794 80.7205 1
    endloop
  endfacet
  facet normal 0.953668 -0.300862 0
    outer loop
      vertex 22.2794 80.7205 0.200001
      vertex 22.1616 80.3471 1
      vertex 22.1616 80.3471 0.200001
    endloop
  endfacet
  facet normal 0.0839933 -0.996466 0
    outer loop
      vertex 23.5818 81.6485 0.200001
      vertex 23.6079 81.6507 1
      vertex 23.5818 81.6485 1
    endloop
  endfacet
  facet normal 0.0839933 -0.996466 0
    outer loop
      vertex 23.6079 81.6507 1
      vertex 23.5818 81.6485 0.200001
      vertex 23.6079 81.6507 0.200001
    endloop
  endfacet
  facet normal 0.366124 0.930566 -0
    outer loop
      vertex 27.6018 76.4886 0.200001
      vertex 27.5896 76.4934 1
      vertex 27.6018 76.4886 1
    endloop
  endfacet
  facet normal 0.366124 0.930566 0
    outer loop
      vertex 27.5896 76.4934 1
      vertex 27.6018 76.4886 0.200001
      vertex 27.5896 76.4934 0.200001
    endloop
  endfacet
  facet normal 0.84342 -0.537255 0
    outer loop
      vertex 22.2904 80.7442 1
      vertex 22.5008 81.0745 0.200001
      vertex 22.5008 81.0745 1
    endloop
  endfacet
  facet normal 0.84342 -0.537255 0
    outer loop
      vertex 22.5008 81.0745 0.200001
      vertex 22.2904 80.7442 1
      vertex 22.2904 80.7442 0.200001
    endloop
  endfacet
  facet normal 0.422599 0.906317 -0
    outer loop
      vertex 27.5896 76.4934 0.200001
      vertex 23.058 78.6064 1
      vertex 27.5896 76.4934 1
    endloop
  endfacet
  facet normal 0.422599 0.906317 0
    outer loop
      vertex 23.058 78.6064 1
      vertex 27.5896 76.4934 0.200001
      vertex 23.058 78.6064 0.200001
    endloop
  endfacet
  facet normal 0.643192 0.765705 -0
    outer loop
      vertex 22.7163 78.8231 0.200001
      vertex 22.6963 78.8399 1
      vertex 22.7163 78.8231 1
    endloop
  endfacet
  facet normal 0.643192 0.765705 0
    outer loop
      vertex 22.6963 78.8399 1
      vertex 22.7163 78.8231 0.200001
      vertex 22.6963 78.8399 0.200001
    endloop
  endfacet
  facet normal -0.0839933 0.996466 0
    outer loop
      vertex 28.4182 76.3515 0.200001
      vertex 28.3921 76.3493 1
      vertex 28.4182 76.3515 1
    endloop
  endfacet
  facet normal -0.0839933 0.996466 0
    outer loop
      vertex 28.3921 76.3493 1
      vertex 28.4182 76.3515 0.200001
      vertex 28.3921 76.3493 0.200001
    endloop
  endfacet
  facet normal -0.764114 0.645081 0
    outer loop
      vertex 29.4824 76.9056 0.200001
      vertex 29.4992 76.9255 1
      vertex 29.4992 76.9255 0.200001
    endloop
  endfacet
  facet normal -0.764114 0.645081 0
    outer loop
      vertex 29.4992 76.9255 1
      vertex 29.4824 76.9056 0.200001
      vertex 29.4824 76.9056 1
    endloop
  endfacet
  facet normal -0.907061 0.420999 0
    outer loop
      vertex 29.7096 77.2558 0.200001
      vertex 29.7206 77.2795 1
      vertex 29.7206 77.2795 0.200001
    endloop
  endfacet
  facet normal -0.907061 0.420999 0
    outer loop
      vertex 29.7206 77.2795 1
      vertex 29.7096 77.2558 0.200001
      vertex 29.7096 77.2558 1
    endloop
  endfacet
  facet normal -0.99611 -0.0881174 0
    outer loop
      vertex 29.86 78.0698 0.200001
      vertex 29.8577 78.0958 1
      vertex 29.8577 78.0958 0.200001
    endloop
  endfacet
  facet normal -0.99611 -0.0881174 0
    outer loop
      vertex 29.8577 78.0958 1
      vertex 29.86 78.0698 0.200001
      vertex 29.86 78.0698 1
    endloop
  endfacet
  facet normal 0.216606 -0.976259 0
    outer loop
      vertex 23.1996 81.5637 0.200001
      vertex 23.5818 81.6485 1
      vertex 23.1996 81.5637 1
    endloop
  endfacet
  facet normal 0.216606 -0.976259 0
    outer loop
      vertex 23.5818 81.6485 1
      vertex 23.1996 81.5637 0.200001
      vertex 23.5818 81.6485 0.200001
    endloop
  endfacet
  facet normal -0.30063 -0.953741 0
    outer loop
      vertex 24.0248 81.6291 0.200001
      vertex 24.3982 81.5114 1
      vertex 24.0248 81.6291 1
    endloop
  endfacet
  facet normal -0.30063 -0.953741 -0
    outer loop
      vertex 24.3982 81.5114 1
      vertex 24.0248 81.6291 0.200001
      vertex 24.3982 81.5114 0.200001
    endloop
  endfacet
  facet normal 0.976271 0.216552 0
    outer loop
      vertex 22.2271 79.5219 1
      vertex 22.1423 79.9042 0.200001
      vertex 22.1423 79.9042 1
    endloop
  endfacet
  facet normal 0.976271 0.216552 0
    outer loop
      vertex 22.1423 79.9042 0.200001
      vertex 22.2271 79.5219 1
      vertex 22.2271 79.5219 0.200001
    endloop
  endfacet
  facet normal -0.176188 -0.984356 0
    outer loop
      vertex 23.9991 81.6337 0.200001
      vertex 24.0248 81.6291 1
      vertex 23.9991 81.6337 1
    endloop
  endfacet
  facet normal -0.176188 -0.984356 -0
    outer loop
      vertex 24.0248 81.6291 1
      vertex 23.9991 81.6337 0.200001
      vertex 24.0248 81.6291 0.200001
    endloop
  endfacet
  facet normal 0.483686 0.875242 -0
    outer loop
      vertex 23.058 78.6064 0.200001
      vertex 23.0466 78.6127 1
      vertex 23.058 78.6064 1
    endloop
  endfacet
  facet normal 0.483686 0.875242 0
    outer loop
      vertex 23.0466 78.6127 1
      vertex 23.058 78.6064 0.200001
      vertex 23.0466 78.6127 0.200001
    endloop
  endfacet
  facet normal -0.216606 0.976259 0
    outer loop
      vertex 28.8004 76.4363 0.200001
      vertex 28.4182 76.3515 1
      vertex 28.8004 76.4363 1
    endloop
  endfacet
  facet normal -0.216606 0.976259 0
    outer loop
      vertex 28.4182 76.3515 1
      vertex 28.8004 76.4363 0.200001
      vertex 28.4182 76.3515 0.200001
    endloop
  endfacet
  facet normal 0.999046 -0.04367 0
    outer loop
      vertex 22.14 79.9302 1
      vertex 22.1571 80.3214 0.200001
      vertex 22.1571 80.3214 1
    endloop
  endfacet
  facet normal 0.999046 -0.04367 0
    outer loop
      vertex 22.1571 80.3214 0.200001
      vertex 22.14 79.9302 1
      vertex 22.14 79.9302 0.200001
    endloop
  endfacet
  facet normal -0.976271 -0.216552 0
    outer loop
      vertex 29.8577 78.0958 0.200001
      vertex 29.7729 78.4781 1
      vertex 29.7729 78.4781 0.200001
    endloop
  endfacet
  facet normal -0.976271 -0.216552 0
    outer loop
      vertex 29.7729 78.4781 1
      vertex 29.8577 78.0958 0.200001
      vertex 29.8577 78.0958 1
    endloop
  endfacet
  facet normal -0.985014 0.172473 0
    outer loop
      vertex 29.8384 77.6529 0.200001
      vertex 29.8429 77.6786 1
      vertex 29.8429 77.6786 0.200001
    endloop
  endfacet
  facet normal -0.985014 0.172473 0
    outer loop
      vertex 29.8429 77.6786 1
      vertex 29.8384 77.6529 0.200001
      vertex 29.8384 77.6529 1
    endloop
  endfacet
  facet normal 0.939905 0.341435 0
    outer loop
      vertex 22.236 79.4974 1
      vertex 22.2271 79.5219 0.200001
      vertex 22.2271 79.5219 1
    endloop
  endfacet
  facet normal 0.939905 0.341435 0
    outer loop
      vertex 22.2271 79.5219 0.200001
      vertex 22.236 79.4974 1
      vertex 22.236 79.4974 0.200001
    endloop
  endfacet
  facet normal 0.99611 0.0881174 0
    outer loop
      vertex 22.1423 79.9042 1
      vertex 22.14 79.9302 0.200001
      vertex 22.14 79.9302 1
    endloop
  endfacet
  facet normal 0.99611 0.0881174 0
    outer loop
      vertex 22.14 79.9302 0.200001
      vertex 22.1423 79.9042 1
      vertex 22.1423 79.9042 0.200001
    endloop
  endfacet
  facet normal 0.461763 -0.887003 0
    outer loop
      vertex 22.8277 81.374 0.200001
      vertex 23.175 81.5548 1
      vertex 22.8277 81.374 1
    endloop
  endfacet
  facet normal 0.461763 -0.887003 0
    outer loop
      vertex 23.175 81.5548 1
      vertex 22.8277 81.374 0.200001
      vertex 23.175 81.5548 0.200001
    endloop
  endfacet
  facet normal 0.340208 -0.94035 0
    outer loop
      vertex 23.175 81.5548 0.200001
      vertex 23.1996 81.5637 1
      vertex 23.175 81.5548 1
    endloop
  endfacet
  facet normal 0.340208 -0.94035 0
    outer loop
      vertex 23.1996 81.5637 1
      vertex 23.175 81.5548 0.200001
      vertex 23.1996 81.5637 0.200001
    endloop
  endfacet
  facet normal 0.675667 -0.737207 0
    outer loop
      vertex 22.5176 81.0944 0.200001
      vertex 22.8063 81.359 1
      vertex 22.5176 81.0944 1
    endloop
  endfacet
  facet normal 0.675667 -0.737207 0
    outer loop
      vertex 22.8063 81.359 1
      vertex 22.5176 81.0944 0.200001
      vertex 22.8063 81.359 0.200001
    endloop
  endfacet
  facet normal -0.737334 -0.675528 0
    outer loop
      vertex 29.5682 78.8714 0.200001
      vertex 29.3037 79.1601 1
      vertex 29.3037 79.1601 0.200001
    endloop
  endfacet
  facet normal -0.737334 -0.675528 0
    outer loop
      vertex 29.3037 79.1601 1
      vertex 29.5682 78.8714 0.200001
      vertex 29.5682 78.8714 1
    endloop
  endfacet
  facet normal 0.0434151 0.999057 -0
    outer loop
      vertex 28.3921 76.3493 0.200001
      vertex 28.0009 76.3663 1
      vertex 28.3921 76.3493 1
    endloop
  endfacet
  facet normal 0.0434151 0.999057 0
    outer loop
      vertex 28.0009 76.3663 1
      vertex 28.3921 76.3493 0.200001
      vertex 28.0009 76.3663 0.200001
    endloop
  endfacet
  facet normal -0.818872 -0.573976 0
    outer loop
      vertex 29.5832 78.85 0.200001
      vertex 29.5682 78.8714 1
      vertex 29.5682 78.8714 0.200001
    endloop
  endfacet
  facet normal -0.818872 -0.573976 0
    outer loop
      vertex 29.5682 78.8714 1
      vertex 29.5832 78.85 0.200001
      vertex 29.5832 78.85 1
    endloop
  endfacet
  facet normal -0.340208 0.94035 0
    outer loop
      vertex 28.825 76.4452 0.200001
      vertex 28.8004 76.4363 1
      vertex 28.825 76.4452 1
    endloop
  endfacet
  facet normal -0.340208 0.94035 0
    outer loop
      vertex 28.8004 76.4363 1
      vertex 28.825 76.4452 0.200001
      vertex 28.8004 76.4363 0.200001
    endloop
  endfacet
  facet normal 0.30063 0.953741 -0
    outer loop
      vertex 27.9752 76.3709 0.200001
      vertex 27.6018 76.4886 1
      vertex 27.9752 76.3709 1
    endloop
  endfacet
  facet normal 0.30063 0.953741 0
    outer loop
      vertex 27.6018 76.4886 1
      vertex 27.9752 76.3709 0.200001
      vertex 27.6018 76.4886 0.200001
    endloop
  endfacet
  facet normal 0.887058 0.461658 0
    outer loop
      vertex 22.4168 79.15 1
      vertex 22.236 79.4974 0.200001
      vertex 22.236 79.4974 1
    endloop
  endfacet
  facet normal 0.887058 0.461658 0
    outer loop
      vertex 22.236 79.4974 0.200001
      vertex 22.4168 79.15 1
      vertex 22.4168 79.15 0.200001
    endloop
  endfacet
  facet normal -0.366124 -0.930566 0
    outer loop
      vertex 24.3982 81.5114 0.200001
      vertex 24.4104 81.5066 1
      vertex 24.3982 81.5114 1
    endloop
  endfacet
  facet normal -0.366124 -0.930566 -0
    outer loop
      vertex 24.4104 81.5066 1
      vertex 24.3982 81.5114 0.200001
      vertex 24.4104 81.5066 0.200001
    endloop
  endfacet
  facet normal -0.953668 0.300862 0
    outer loop
      vertex 29.7206 77.2795 0.200001
      vertex 29.8384 77.6529 1
      vertex 29.8384 77.6529 0.200001
    endloop
  endfacet
  facet normal -0.953668 0.300862 0
    outer loop
      vertex 29.8384 77.6529 1
      vertex 29.7206 77.2795 0.200001
      vertex 29.7206 77.2795 1
    endloop
  endfacet
  facet normal -0.675667 0.737207 0
    outer loop
      vertex 29.4824 76.9056 0.200001
      vertex 29.1937 76.641 1
      vertex 29.4824 76.9056 1
    endloop
  endfacet
  facet normal -0.675667 0.737207 0
    outer loop
      vertex 29.1937 76.641 1
      vertex 29.4824 76.9056 0.200001
      vertex 29.1937 76.641 0.200001
    endloop
  endfacet
  facet normal 0 0 1
    outer loop
      vertex 29.7098 78.0698 0.200001
      vertex 29.86 78.0698 0.200001
      vertex 29.8577 78.0958 0.200001
    endloop
  endfacet
  facet normal 0 0 1
    outer loop
      vertex 29.86 78.0698 0.200001
      vertex 29.7098 78.0698 0.200001
      vertex 29.8429 77.6786 0.200001
    endloop
  endfacet
  facet normal 0 0 1
    outer loop
      vertex 29.7098 78.0698 0.200001
      vertex 29.8577 78.0958 0.200001
      vertex 29.7729 78.4781 0.200001
    endloop
  endfacet
  facet normal 0 0 1
    outer loop
      vertex 29.6279 78.4392 0.200001
      vertex 29.7729 78.4781 0.200001
      vertex 29.764 78.5026 0.200001
    endloop
  endfacet
  facet normal -0 0 1
    outer loop
      vertex 29.6933 77.6918 0.200001
      vertex 29.8429 77.6786 0.200001
      vertex 29.7098 78.0698 0.200001
    endloop
  endfacet
  facet normal 0 0 1
    outer loop
      vertex 29.8429 77.6786 0.200001
      vertex 29.6933 77.6918 0.200001
      vertex 29.8384 77.6529 0.200001
    endloop
  endfacet
  facet normal 0 0 1
    outer loop
      vertex 29.7729 78.4781 0.200001
      vertex 29.6279 78.4392 0.200001
      vertex 29.7098 78.0698 0.200001
    endloop
  endfacet
  facet normal 0 0 1
    outer loop
      vertex 29.5832 78.85 0.200001
      vertex 29.6279 78.4392 0.200001
      vertex 29.764 78.5026 0.200001
    endloop
  endfacet
  facet normal 0 0 1
    outer loop
      vertex 29.4532 78.7749 0.200001
      vertex 29.5832 78.85 0.200001
      vertex 29.5682 78.8714 0.200001
    endloop
  endfacet
  facet normal 0 0 1
    outer loop
      vertex 29.5832 78.85 0.200001
      vertex 29.4532 78.7749 0.200001
      vertex 29.6279 78.4392 0.200001
    endloop
  endfacet
  facet normal 0 0 1
    outer loop
      vertex 29.3037 79.1601 0.200001
      vertex 29.4532 78.7749 0.200001
      vertex 29.5682 78.8714 0.200001
    endloop
  endfacet
  facet normal 0 0 1
    outer loop
      vertex 29.1975 79.0539 0.200001
      vertex 29.3037 79.1601 0.200001
      vertex 29.2837 79.1769 0.200001
    endloop
  endfacet
  facet normal 0 0 1
    outer loop
      vertex 29.3037 79.1601 0.200001
      vertex 29.1975 79.0539 0.200001
      vertex 29.4532 78.7749 0.200001
    endloop
  endfacet
  facet normal 0 0 1
    outer loop
      vertex 28.9534 79.3873 0.200001
      vertex 29.1975 79.0539 0.200001
      vertex 29.2837 79.1769 0.200001
    endloop
  endfacet
  facet normal 0 0 1
    outer loop
      vertex 28.8756 79.259 0.200001
      vertex 28.9534 79.3873 0.200001
      vertex 28.942 79.3936 0.200001
    endloop
  endfacet
  facet normal 0 0 1
    outer loop
      vertex 28.9534 79.3873 0.200001
      vertex 28.8756 79.259 0.200001
      vertex 29.1975 79.0539 0.200001
    endloop
  endfacet
  facet normal 0 0 1
    outer loop
      vertex 24.4104 81.5066 0.200001
      vertex 28.8756 79.259 0.200001
      vertex 28.942 79.3936 0.200001
    endloop
  endfacet
  facet normal 0 0 1
    outer loop
      vertex 24.35 81.3693 0.200001
      vertex 24.4104 81.5066 0.200001
      vertex 24.3982 81.5114 0.200001
    endloop
  endfacet
  facet normal 0 0 1
    outer loop
      vertex 24.4104 81.5066 0.200001
      vertex 24.35 81.3693 0.200001
      vertex 28.8756 79.259 0.200001
    endloop
  endfacet
  facet normal 0 0 1
    outer loop
      vertex 23.9859 81.4841 0.200001
      vertex 24.3982 81.5114 0.200001
      vertex 24.0248 81.6291 0.200001
    endloop
  endfacet
  facet normal 0 0 1
    outer loop
      vertex 23.9859 81.4841 0.200001
      vertex 24.0248 81.6291 0.200001
      vertex 23.9991 81.6337 0.200001
    endloop
  endfacet
  facet normal 0 0 1
    outer loop
      vertex 24.3982 81.5114 0.200001
      vertex 23.9859 81.4841 0.200001
      vertex 24.35 81.3693 0.200001
    endloop
  endfacet
  facet normal 0 0 1
    outer loop
      vertex 23.9991 81.6337 0.200001
      vertex 23.6079 81.5006 0.200001
      vertex 23.9859 81.4841 0.200001
    endloop
  endfacet
  facet normal 0 0 1
    outer loop
      vertex 23.6079 81.6507 0.200001
      vertex 23.6079 81.5006 0.200001
      vertex 23.9991 81.6337 0.200001
    endloop
  endfacet
  facet normal -0 0 1
    outer loop
      vertex 23.5818 81.6485 0.200001
      vertex 23.6079 81.5006 0.200001
      vertex 23.6079 81.6507 0.200001
    endloop
  endfacet
  facet normal 0 0 1
    outer loop
      vertex 23.5818 81.6485 0.200001
      vertex 23.2385 81.4187 0.200001
      vertex 23.6079 81.5006 0.200001
    endloop
  endfacet
  facet normal -0 0 1
    outer loop
      vertex 23.1996 81.5637 0.200001
      vertex 23.2385 81.4187 0.200001
      vertex 23.5818 81.6485 0.200001
    endloop
  endfacet
  facet normal -0 0 1
    outer loop
      vertex 23.175 81.5548 0.200001
      vertex 23.2385 81.4187 0.200001
      vertex 23.1996 81.5637 0.200001
    endloop
  endfacet
  facet normal 0 0 1
    outer loop
      vertex 23.175 81.5548 0.200001
      vertex 22.9028 81.2439 0.200001
      vertex 23.2385 81.4187 0.200001
    endloop
  endfacet
  facet normal -0 0 1
    outer loop
      vertex 22.8277 81.374 0.200001
      vertex 22.9028 81.2439 0.200001
      vertex 23.175 81.5548 0.200001
    endloop
  endfacet
  facet normal -0 0 1
    outer loop
      vertex 22.8063 81.359 0.200001
      vertex 22.9028 81.2439 0.200001
      vertex 22.8277 81.374 0.200001
    endloop
  endfacet
  facet normal 0 0 1
    outer loop
      vertex 22.8063 81.359 0.200001
      vertex 22.6238 80.9883 0.200001
      vertex 22.9028 81.2439 0.200001
    endloop
  endfacet
  facet normal -0 0 1
    outer loop
      vertex 22.5176 81.0944 0.200001
      vertex 22.6238 80.9883 0.200001
      vertex 22.8063 81.359 0.200001
    endloop
  endfacet
  facet normal -0 0 1
    outer loop
      vertex 22.5008 81.0745 0.200001
      vertex 22.6238 80.9883 0.200001
      vertex 22.5176 81.0944 0.200001
    endloop
  endfacet
  facet normal 0 0 1
    outer loop
      vertex 22.5008 81.0745 0.200001
      vertex 22.4205 80.6692 0.200001
      vertex 22.6238 80.9883 0.200001
    endloop
  endfacet
  facet normal -0 0 1
    outer loop
      vertex 22.2904 80.7442 0.200001
      vertex 22.4205 80.6692 0.200001
      vertex 22.5008 81.0745 0.200001
    endloop
  endfacet
  facet normal -0 0 1
    outer loop
      vertex 22.2794 80.7205 0.200001
      vertex 22.4205 80.6692 0.200001
      vertex 22.2904 80.7442 0.200001
    endloop
  endfacet
  facet normal 0 0 1
    outer loop
      vertex 22.4205 80.6692 0.200001
      vertex 22.2794 80.7205 0.200001
      vertex 22.3067 80.3082 0.200001
    endloop
  endfacet
  facet normal -0 0 1
    outer loop
      vertex 22.1616 80.3471 0.200001
      vertex 22.3067 80.3082 0.200001
      vertex 22.2794 80.7205 0.200001
    endloop
  endfacet
  facet normal 0 0 1
    outer loop
      vertex 29.8384 77.6529 0.200001
      vertex 29.6933 77.6918 0.200001
      vertex 29.7206 77.2795 0.200001
    endloop
  endfacet
  facet normal -0 0 1
    outer loop
      vertex 29.5795 77.3308 0.200001
      vertex 29.7206 77.2795 0.200001
      vertex 29.6933 77.6918 0.200001
    endloop
  endfacet
  facet normal 0 0 1
    outer loop
      vertex 29.7206 77.2795 0.200001
      vertex 29.5795 77.3308 0.200001
      vertex 29.7096 77.2558 0.200001
    endloop
  endfacet
  facet normal 0 0 1
    outer loop
      vertex 29.5795 77.3308 0.200001
      vertex 29.4992 76.9255 0.200001
      vertex 29.7096 77.2558 0.200001
    endloop
  endfacet
  facet normal -0 0 1
    outer loop
      vertex 29.3762 77.0117 0.200001
      vertex 29.4992 76.9255 0.200001
      vertex 29.5795 77.3308 0.200001
    endloop
  endfacet
  facet normal 0 0 1
    outer loop
      vertex 29.4992 76.9255 0.200001
      vertex 29.3762 77.0117 0.200001
      vertex 29.4824 76.9056 0.200001
    endloop
  endfacet
  facet normal 0 0 1
    outer loop
      vertex 29.3762 77.0117 0.200001
      vertex 29.1937 76.641 0.200001
      vertex 29.4824 76.9056 0.200001
    endloop
  endfacet
  facet normal -0 0 1
    outer loop
      vertex 29.0972 76.7561 0.200001
      vertex 29.1937 76.641 0.200001
      vertex 29.3762 77.0117 0.200001
    endloop
  endfacet
  facet normal 0 0 1
    outer loop
      vertex 29.1937 76.641 0.200001
      vertex 29.0972 76.7561 0.200001
      vertex 29.1723 76.626 0.200001
    endloop
  endfacet
  facet normal 0 0 1
    outer loop
      vertex 29.0972 76.7561 0.200001
      vertex 28.825 76.4452 0.200001
      vertex 29.1723 76.626 0.200001
    endloop
  endfacet
  facet normal -0 0 1
    outer loop
      vertex 28.7615 76.5813 0.200001
      vertex 28.825 76.4452 0.200001
      vertex 29.0972 76.7561 0.200001
    endloop
  endfacet
  facet normal 0 0 1
    outer loop
      vertex 28.825 76.4452 0.200001
      vertex 28.7615 76.5813 0.200001
      vertex 28.8004 76.4363 0.200001
    endloop
  endfacet
  facet normal 0 0 1
    outer loop
      vertex 28.7615 76.5813 0.200001
      vertex 28.4182 76.3515 0.200001
      vertex 28.8004 76.4363 0.200001
    endloop
  endfacet
  facet normal -0 0 1
    outer loop
      vertex 28.3921 76.4994 0.200001
      vertex 28.4182 76.3515 0.200001
      vertex 28.7615 76.5813 0.200001
    endloop
  endfacet
  facet normal 0 0 1
    outer loop
      vertex 28.4182 76.3515 0.200001
      vertex 28.3921 76.4994 0.200001
      vertex 28.3921 76.3493 0.200001
    endloop
  endfacet
  facet normal 0 0 1
    outer loop
      vertex 28.0141 76.5159 0.200001
      vertex 28.3921 76.3493 0.200001
      vertex 28.3921 76.4994 0.200001
    endloop
  endfacet
  facet normal 0 0 1
    outer loop
      vertex 28.0141 76.5159 0.200001
      vertex 28.0009 76.3663 0.200001
      vertex 28.3921 76.3493 0.200001
    endloop
  endfacet
  facet normal 0 0 1
    outer loop
      vertex 28.0141 76.5159 0.200001
      vertex 27.9752 76.3709 0.200001
      vertex 28.0009 76.3663 0.200001
    endloop
  endfacet
  facet normal 0 0 1
    outer loop
      vertex 27.6018 76.4886 0.200001
      vertex 28.0141 76.5159 0.200001
      vertex 27.65 76.6307 0.200001
    endloop
  endfacet
  facet normal 0 0 1
    outer loop
      vertex 28.0141 76.5159 0.200001
      vertex 27.6018 76.4886 0.200001
      vertex 27.9752 76.3709 0.200001
    endloop
  endfacet
  facet normal 0 0 1
    outer loop
      vertex 27.65 76.6307 0.200001
      vertex 27.5896 76.4934 0.200001
      vertex 27.6018 76.4886 0.200001
    endloop
  endfacet
  facet normal 0 0 1
    outer loop
      vertex 23.1244 78.741 0.200001
      vertex 27.5896 76.4934 0.200001
      vertex 27.65 76.6307 0.200001
    endloop
  endfacet
  facet normal 0 0 1
    outer loop
      vertex 23.1244 78.741 0.200001
      vertex 23.058 78.6064 0.200001
      vertex 27.5896 76.4934 0.200001
    endloop
  endfacet
  facet normal 0 0 1
    outer loop
      vertex 23.1244 78.741 0.200001
      vertex 23.0466 78.6127 0.200001
      vertex 23.058 78.6064 0.200001
    endloop
  endfacet
  facet normal 0 0 1
    outer loop
      vertex 22.8025 78.9461 0.200001
      vertex 23.0466 78.6127 0.200001
      vertex 23.1244 78.741 0.200001
    endloop
  endfacet
  facet normal 0 0 1
    outer loop
      vertex 22.8025 78.9461 0.200001
      vertex 22.7163 78.8231 0.200001
      vertex 23.0466 78.6127 0.200001
    endloop
  endfacet
  facet normal 0 0 1
    outer loop
      vertex 22.8025 78.9461 0.200001
      vertex 22.6963 78.8399 0.200001
      vertex 22.7163 78.8231 0.200001
    endloop
  endfacet
  facet normal 0 0 1
    outer loop
      vertex 22.5468 79.2251 0.200001
      vertex 22.6963 78.8399 0.200001
      vertex 22.8025 78.9461 0.200001
    endloop
  endfacet
  facet normal 0 0 1
    outer loop
      vertex 22.5468 79.2251 0.200001
      vertex 22.4318 79.1286 0.200001
      vertex 22.6963 78.8399 0.200001
    endloop
  endfacet
  facet normal 0 0 1
    outer loop
      vertex 22.5468 79.2251 0.200001
      vertex 22.4168 79.15 0.200001
      vertex 22.4318 79.1286 0.200001
    endloop
  endfacet
  facet normal 0 0 1
    outer loop
      vertex 22.3721 79.5608 0.200001
      vertex 22.4168 79.15 0.200001
      vertex 22.5468 79.2251 0.200001
    endloop
  endfacet
  facet normal 0 0 1
    outer loop
      vertex 22.2271 79.5219 0.200001
      vertex 22.3721 79.5608 0.200001
      vertex 22.2902 79.9302 0.200001
    endloop
  endfacet
  facet normal 0 0 1
    outer loop
      vertex 22.3721 79.5608 0.200001
      vertex 22.236 79.4974 0.200001
      vertex 22.4168 79.15 0.200001
    endloop
  endfacet
  facet normal -0 0 1
    outer loop
      vertex 22.1571 80.3214 0.200001
      vertex 22.3067 80.3082 0.200001
      vertex 22.1616 80.3471 0.200001
    endloop
  endfacet
  facet normal 0 0 1
    outer loop
      vertex 22.3721 79.5608 0.200001
      vertex 22.2271 79.5219 0.200001
      vertex 22.236 79.4974 0.200001
    endloop
  endfacet
  facet normal 0 0 1
    outer loop
      vertex 22.3067 80.3082 0.200001
      vertex 22.1571 80.3214 0.200001
      vertex 22.2902 79.9302 0.200001
    endloop
  endfacet
  facet normal 0 0 1
    outer loop
      vertex 22.14 79.9302 0.200001
      vertex 22.2902 79.9302 0.200001
      vertex 22.1571 80.3214 0.200001
    endloop
  endfacet
  facet normal 0 0 1
    outer loop
      vertex 22.2902 79.9302 0.200001
      vertex 22.1423 79.9042 0.200001
      vertex 22.2271 79.5219 0.200001
    endloop
  endfacet
  facet normal 0 0 1
    outer loop
      vertex 22.2902 79.9302 0.200001
      vertex 22.14 79.9302 0.200001
      vertex 22.1423 79.9042 0.200001
    endloop
  endfacet
  facet normal 0 0 -1
    outer loop
      vertex 29.5795 77.3308 1
      vertex 29.7206 77.2795 1
      vertex 29.7096 77.2558 1
    endloop
  endfacet
  facet normal 0 0 -1
    outer loop
      vertex 29.7206 77.2795 1
      vertex 29.6933 77.6918 1
      vertex 29.7098 78.0698 1
    endloop
  endfacet
  facet normal 0 0 -1
    outer loop
      vertex 29.7206 77.2795 1
      vertex 29.5795 77.3308 1
      vertex 29.6933 77.6918 1
    endloop
  endfacet
  facet normal 0 0 -1
    outer loop
      vertex 29.4992 76.9255 1
      vertex 29.5795 77.3308 1
      vertex 29.7096 77.2558 1
    endloop
  endfacet
  facet normal 0 0 -1
    outer loop
      vertex 29.3762 77.0117 1
      vertex 29.4992 76.9255 1
      vertex 29.4824 76.9056 1
    endloop
  endfacet
  facet normal 0 0 -1
    outer loop
      vertex 29.4992 76.9255 1
      vertex 29.3762 77.0117 1
      vertex 29.5795 77.3308 1
    endloop
  endfacet
  facet normal 0 0 -1
    outer loop
      vertex 29.1937 76.641 1
      vertex 29.3762 77.0117 1
      vertex 29.4824 76.9056 1
    endloop
  endfacet
  facet normal 0 0 -1
    outer loop
      vertex 29.0972 76.7561 1
      vertex 29.1937 76.641 1
      vertex 29.1723 76.626 1
    endloop
  endfacet
  facet normal 0 0 -1
    outer loop
      vertex 29.1937 76.641 1
      vertex 29.0972 76.7561 1
      vertex 29.3762 77.0117 1
    endloop
  endfacet
  facet normal 0 0 -1
    outer loop
      vertex 28.825 76.4452 1
      vertex 29.0972 76.7561 1
      vertex 29.1723 76.626 1
    endloop
  endfacet
  facet normal 0 0 -1
    outer loop
      vertex 28.7615 76.5813 1
      vertex 28.825 76.4452 1
      vertex 28.8004 76.4363 1
    endloop
  endfacet
  facet normal 0 0 -1
    outer loop
      vertex 28.825 76.4452 1
      vertex 28.7615 76.5813 1
      vertex 29.0972 76.7561 1
    endloop
  endfacet
  facet normal 0 0 -1
    outer loop
      vertex 28.4182 76.3515 1
      vertex 28.7615 76.5813 1
      vertex 28.8004 76.4363 1
    endloop
  endfacet
  facet normal 0 0 -1
    outer loop
      vertex 28.3921 76.4994 1
      vertex 28.4182 76.3515 1
      vertex 28.3921 76.3493 1
    endloop
  endfacet
  facet normal 0 0 -1
    outer loop
      vertex 28.4182 76.3515 1
      vertex 28.3921 76.4994 1
      vertex 28.7615 76.5813 1
    endloop
  endfacet
  facet normal 0 0 -1
    outer loop
      vertex 28.3921 76.3493 1
      vertex 28.0141 76.5159 1
      vertex 28.3921 76.4994 1
    endloop
  endfacet
  facet normal 0 0 -1
    outer loop
      vertex 28.0009 76.3663 1
      vertex 28.0141 76.5159 1
      vertex 28.3921 76.3493 1
    endloop
  endfacet
  facet normal 0 0 -1
    outer loop
      vertex 27.9752 76.3709 1
      vertex 28.0141 76.5159 1
      vertex 28.0009 76.3663 1
    endloop
  endfacet
  facet normal 0 0 -1
    outer loop
      vertex 27.6018 76.4886 1
      vertex 28.0141 76.5159 1
      vertex 27.9752 76.3709 1
    endloop
  endfacet
  facet normal -0 0 -1
    outer loop
      vertex 28.0141 76.5159 1
      vertex 27.6018 76.4886 1
      vertex 27.65 76.6307 1
    endloop
  endfacet
  facet normal 0 0 -1
    outer loop
      vertex 27.5896 76.4934 1
      vertex 27.65 76.6307 1
      vertex 27.6018 76.4886 1
    endloop
  endfacet
  facet normal 0 0 -1
    outer loop
      vertex 27.5896 76.4934 1
      vertex 23.1244 78.741 1
      vertex 27.65 76.6307 1
    endloop
  endfacet
  facet normal 0 0 -1
    outer loop
      vertex 23.058 78.6064 1
      vertex 23.1244 78.741 1
      vertex 27.5896 76.4934 1
    endloop
  endfacet
  facet normal 0 0 -1
    outer loop
      vertex 23.0466 78.6127 1
      vertex 23.1244 78.741 1
      vertex 23.058 78.6064 1
    endloop
  endfacet
  facet normal 0 0 -1
    outer loop
      vertex 23.0466 78.6127 1
      vertex 22.8025 78.9461 1
      vertex 23.1244 78.741 1
    endloop
  endfacet
  facet normal 0 0 -1
    outer loop
      vertex 22.7163 78.8231 1
      vertex 22.8025 78.9461 1
      vertex 23.0466 78.6127 1
    endloop
  endfacet
  facet normal 0 0 -1
    outer loop
      vertex 22.6963 78.8399 1
      vertex 22.8025 78.9461 1
      vertex 22.7163 78.8231 1
    endloop
  endfacet
  facet normal 0 0 -1
    outer loop
      vertex 22.6963 78.8399 1
      vertex 22.5468 79.2251 1
      vertex 22.8025 78.9461 1
    endloop
  endfacet
  facet normal 0 0 -1
    outer loop
      vertex 22.4318 79.1286 1
      vertex 22.5468 79.2251 1
      vertex 22.6963 78.8399 1
    endloop
  endfacet
  facet normal 0 0 -1
    outer loop
      vertex 22.4168 79.15 1
      vertex 22.5468 79.2251 1
      vertex 22.4318 79.1286 1
    endloop
  endfacet
  facet normal 0 0 -1
    outer loop
      vertex 22.4168 79.15 1
      vertex 22.3721 79.5608 1
      vertex 22.5468 79.2251 1
    endloop
  endfacet
  facet normal 0 0 -1
    outer loop
      vertex 22.236 79.4974 1
      vertex 22.3721 79.5608 1
      vertex 22.4168 79.15 1
    endloop
  endfacet
  facet normal 0 0 -1
    outer loop
      vertex 22.2271 79.5219 1
      vertex 22.3721 79.5608 1
      vertex 22.236 79.4974 1
    endloop
  endfacet
  facet normal -0 0 -1
    outer loop
      vertex 22.3721 79.5608 1
      vertex 22.2271 79.5219 1
      vertex 22.2902 79.9302 1
    endloop
  endfacet
  facet normal 0 0 -1
    outer loop
      vertex 22.1423 79.9042 1
      vertex 22.2902 79.9302 1
      vertex 22.2271 79.5219 1
    endloop
  endfacet
  facet normal 0 0 -1
    outer loop
      vertex 22.2902 79.9302 1
      vertex 22.1616 80.3471 1
      vertex 22.2794 80.7205 1
    endloop
  endfacet
  facet normal 0 0 -1
    outer loop
      vertex 22.2902 79.9302 1
      vertex 22.1571 80.3214 1
      vertex 22.1616 80.3471 1
    endloop
  endfacet
  facet normal 0 0 -1
    outer loop
      vertex 22.14 79.9302 1
      vertex 22.2902 79.9302 1
      vertex 22.1423 79.9042 1
    endloop
  endfacet
  facet normal 0 0 -1
    outer loop
      vertex 22.2902 79.9302 1
      vertex 22.14 79.9302 1
      vertex 22.1571 80.3214 1
    endloop
  endfacet
  facet normal 0 0 -1
    outer loop
      vertex 29.7098 78.0698 1
      vertex 29.86 78.0698 1
      vertex 29.8429 77.6786 1
    endloop
  endfacet
  facet normal 0 0 -1
    outer loop
      vertex 29.7098 78.0698 1
      vertex 29.8429 77.6786 1
      vertex 29.8384 77.6529 1
    endloop
  endfacet
  facet normal 0 0 -1
    outer loop
      vertex 29.86 78.0698 1
      vertex 29.7098 78.0698 1
      vertex 29.8577 78.0958 1
    endloop
  endfacet
  facet normal -0 0 -1
    outer loop
      vertex 29.8577 78.0958 1
      vertex 29.7098 78.0698 1
      vertex 29.7729 78.4781 1
    endloop
  endfacet
  facet normal 0 0 -1
    outer loop
      vertex 29.7098 78.0698 1
      vertex 29.8384 77.6529 1
      vertex 29.7206 77.2795 1
    endloop
  endfacet
  facet normal 0 0 -1
    outer loop
      vertex 29.6279 78.4392 1
      vertex 29.7729 78.4781 1
      vertex 29.7098 78.0698 1
    endloop
  endfacet
  facet normal -0 0 -1
    outer loop
      vertex 29.7729 78.4781 1
      vertex 29.6279 78.4392 1
      vertex 29.764 78.5026 1
    endloop
  endfacet
  facet normal 0 0 -1
    outer loop
      vertex 29.6279 78.4392 1
      vertex 29.5832 78.85 1
      vertex 29.764 78.5026 1
    endloop
  endfacet
  facet normal 0 0 -1
    outer loop
      vertex 29.4532 78.7749 1
      vertex 29.5832 78.85 1
      vertex 29.6279 78.4392 1
    endloop
  endfacet
  facet normal -0 0 -1
    outer loop
      vertex 29.5832 78.85 1
      vertex 29.4532 78.7749 1
      vertex 29.5682 78.8714 1
    endloop
  endfacet
  facet normal 0 0 -1
    outer loop
      vertex 29.4532 78.7749 1
      vertex 29.3037 79.1601 1
      vertex 29.5682 78.8714 1
    endloop
  endfacet
  facet normal 0 0 -1
    outer loop
      vertex 29.1975 79.0539 1
      vertex 29.3037 79.1601 1
      vertex 29.4532 78.7749 1
    endloop
  endfacet
  facet normal -0 0 -1
    outer loop
      vertex 29.3037 79.1601 1
      vertex 29.1975 79.0539 1
      vertex 29.2837 79.1769 1
    endloop
  endfacet
  facet normal 0 0 -1
    outer loop
      vertex 29.1975 79.0539 1
      vertex 28.9534 79.3873 1
      vertex 29.2837 79.1769 1
    endloop
  endfacet
  facet normal 0 0 -1
    outer loop
      vertex 28.8756 79.259 1
      vertex 28.9534 79.3873 1
      vertex 29.1975 79.0539 1
    endloop
  endfacet
  facet normal -0 0 -1
    outer loop
      vertex 28.9534 79.3873 1
      vertex 28.8756 79.259 1
      vertex 28.942 79.3936 1
    endloop
  endfacet
  facet normal 0 0 -1
    outer loop
      vertex 28.8756 79.259 1
      vertex 24.4104 81.5066 1
      vertex 28.942 79.3936 1
    endloop
  endfacet
  facet normal 0 0 -1
    outer loop
      vertex 24.35 81.3693 1
      vertex 24.4104 81.5066 1
      vertex 28.8756 79.259 1
    endloop
  endfacet
  facet normal -0 0 -1
    outer loop
      vertex 24.4104 81.5066 1
      vertex 24.35 81.3693 1
      vertex 24.3982 81.5114 1
    endloop
  endfacet
  facet normal 0 0 -1
    outer loop
      vertex 23.9859 81.4841 1
      vertex 24.3982 81.5114 1
      vertex 24.35 81.3693 1
    endloop
  endfacet
  facet normal -0 0 -1
    outer loop
      vertex 24.3982 81.5114 1
      vertex 23.9859 81.4841 1
      vertex 24.0248 81.6291 1
    endloop
  endfacet
  facet normal -0 0 -1
    outer loop
      vertex 24.0248 81.6291 1
      vertex 23.9859 81.4841 1
      vertex 23.9991 81.6337 1
    endloop
  endfacet
  facet normal 0 0 -1
    outer loop
      vertex 23.6079 81.5006 1
      vertex 23.9991 81.6337 1
      vertex 23.9859 81.4841 1
    endloop
  endfacet
  facet normal 0 0 -1
    outer loop
      vertex 23.6079 81.5006 1
      vertex 23.6079 81.6507 1
      vertex 23.9991 81.6337 1
    endloop
  endfacet
  facet normal 0 0 -1
    outer loop
      vertex 23.6079 81.5006 1
      vertex 23.5818 81.6485 1
      vertex 23.6079 81.6507 1
    endloop
  endfacet
  facet normal 0 0 -1
    outer loop
      vertex 23.2385 81.4187 1
      vertex 23.5818 81.6485 1
      vertex 23.6079 81.5006 1
    endloop
  endfacet
  facet normal 0 0 -1
    outer loop
      vertex 23.2385 81.4187 1
      vertex 23.1996 81.5637 1
      vertex 23.5818 81.6485 1
    endloop
  endfacet
  facet normal 0 0 -1
    outer loop
      vertex 23.2385 81.4187 1
      vertex 23.175 81.5548 1
      vertex 23.1996 81.5637 1
    endloop
  endfacet
  facet normal 0 0 -1
    outer loop
      vertex 22.9028 81.2439 1
      vertex 23.175 81.5548 1
      vertex 23.2385 81.4187 1
    endloop
  endfacet
  facet normal 0 0 -1
    outer loop
      vertex 22.9028 81.2439 1
      vertex 22.8277 81.374 1
      vertex 23.175 81.5548 1
    endloop
  endfacet
  facet normal 0 0 -1
    outer loop
      vertex 22.9028 81.2439 1
      vertex 22.8063 81.359 1
      vertex 22.8277 81.374 1
    endloop
  endfacet
  facet normal 0 0 -1
    outer loop
      vertex 22.6238 80.9883 1
      vertex 22.8063 81.359 1
      vertex 22.9028 81.2439 1
    endloop
  endfacet
  facet normal 0 0 -1
    outer loop
      vertex 22.6238 80.9883 1
      vertex 22.5176 81.0944 1
      vertex 22.8063 81.359 1
    endloop
  endfacet
  facet normal 0 0 -1
    outer loop
      vertex 22.6238 80.9883 1
      vertex 22.5008 81.0745 1
      vertex 22.5176 81.0944 1
    endloop
  endfacet
  facet normal 0 0 -1
    outer loop
      vertex 22.4205 80.6692 1
      vertex 22.5008 81.0745 1
      vertex 22.6238 80.9883 1
    endloop
  endfacet
  facet normal 0 0 -1
    outer loop
      vertex 22.2794 80.7205 1
      vertex 22.4205 80.6692 1
      vertex 22.3067 80.3082 1
    endloop
  endfacet
  facet normal 0 0 -1
    outer loop
      vertex 22.4205 80.6692 1
      vertex 22.2904 80.7442 1
      vertex 22.5008 81.0745 1
    endloop
  endfacet
  facet normal 0 0 -1
    outer loop
      vertex 22.2794 80.7205 1
      vertex 22.3067 80.3082 1
      vertex 22.2902 79.9302 1
    endloop
  endfacet
  facet normal 0 0 -1
    outer loop
      vertex 22.4205 80.6692 1
      vertex 22.2794 80.7205 1
      vertex 22.2904 80.7442 1
    endloop
  endfacet
  facet normal -0.483686 -0.875242 0
    outer loop
      vertex 42.942 79.3936 0.200001
      vertex 42.9534 79.3873 1
      vertex 42.942 79.3936 1
    endloop
  endfacet
  facet normal -0.483686 -0.875242 -0
    outer loop
      vertex 42.9534 79.3873 1
      vertex 42.942 79.3936 0.200001
      vertex 42.9534 79.3873 0.200001
    endloop
  endfacet
  facet normal -0.643192 -0.765705 0
    outer loop
      vertex 43.2837 79.1769 0.200001
      vertex 43.3037 79.1601 1
      vertex 43.2837 79.1769 1
    endloop
  endfacet
  facet normal -0.643192 -0.765705 -0
    outer loop
      vertex 43.3037 79.1601 1
      vertex 43.2837 79.1769 0.200001
      vertex 43.3037 79.1601 0.200001
    endloop
  endfacet
  facet normal -0.422599 -0.906317 0
    outer loop
      vertex 38.4104 81.5066 0.200001
      vertex 42.942 79.3936 1
      vertex 38.4104 81.5066 1
    endloop
  endfacet
  facet normal -0.422599 -0.906317 -0
    outer loop
      vertex 42.942 79.3936 1
      vertex 38.4104 81.5066 0.200001
      vertex 42.942 79.3936 0.200001
    endloop
  endfacet
  facet normal -0.537255 -0.84342 0
    outer loop
      vertex 42.9534 79.3873 0.200001
      vertex 43.2837 79.1769 1
      vertex 42.9534 79.3873 1
    endloop
  endfacet
  facet normal -0.537255 -0.84342 -0
    outer loop
      vertex 43.2837 79.1769 1
      vertex 42.9534 79.3873 0.200001
      vertex 43.2837 79.1769 0.200001
    endloop
  endfacet
  facet normal 0.999046 -0.04367 0
    outer loop
      vertex 36.14 79.9302 1
      vertex 36.1571 80.3214 0.200001
      vertex 36.1571 80.3214 1
    endloop
  endfacet
  facet normal 0.999046 -0.04367 0
    outer loop
      vertex 36.1571 80.3214 0.200001
      vertex 36.14 79.9302 1
      vertex 36.14 79.9302 0.200001
    endloop
  endfacet
  facet normal 0.976271 0.216552 0
    outer loop
      vertex 36.2271 79.5219 1
      vertex 36.1423 79.9042 0.200001
      vertex 36.1423 79.9042 1
    endloop
  endfacet
  facet normal 0.976271 0.216552 0
    outer loop
      vertex 36.1423 79.9042 0.200001
      vertex 36.2271 79.5219 1
      vertex 36.2271 79.5219 0.200001
    endloop
  endfacet
  facet normal -0.818872 -0.573976 0
    outer loop
      vertex 43.5832 78.85 0.200001
      vertex 43.5682 78.8714 1
      vertex 43.5682 78.8714 0.200001
    endloop
  endfacet
  facet normal -0.818872 -0.573976 0
    outer loop
      vertex 43.5682 78.8714 1
      vertex 43.5832 78.85 0.200001
      vertex 43.5832 78.85 1
    endloop
  endfacet
  facet normal 0.887058 0.461658 0
    outer loop
      vertex 36.4168 79.15 1
      vertex 36.236 79.4974 0.200001
      vertex 36.236 79.4974 1
    endloop
  endfacet
  facet normal 0.887058 0.461658 0
    outer loop
      vertex 36.236 79.4974 0.200001
      vertex 36.4168 79.15 1
      vertex 36.4168 79.15 0.200001
    endloop
  endfacet
  facet normal 0.366124 0.930566 -0
    outer loop
      vertex 41.6018 76.4886 0.200001
      vertex 41.5896 76.4934 1
      vertex 41.6018 76.4886 1
    endloop
  endfacet
  facet normal 0.366124 0.930566 0
    outer loop
      vertex 41.5896 76.4934 1
      vertex 41.6018 76.4886 0.200001
      vertex 41.5896 76.4934 0.200001
    endloop
  endfacet
  facet normal 0.483686 0.875242 -0
    outer loop
      vertex 37.058 78.6064 0.200001
      vertex 37.0466 78.6127 1
      vertex 37.058 78.6064 1
    endloop
  endfacet
  facet normal 0.483686 0.875242 0
    outer loop
      vertex 37.0466 78.6127 1
      vertex 37.058 78.6064 0.200001
      vertex 37.0466 78.6127 0.200001
    endloop
  endfacet
  facet normal -0.953668 0.300862 0
    outer loop
      vertex 43.7206 77.2795 0.200001
      vertex 43.8384 77.6529 1
      vertex 43.8384 77.6529 0.200001
    endloop
  endfacet
  facet normal -0.953668 0.300862 0
    outer loop
      vertex 43.8384 77.6529 1
      vertex 43.7206 77.2795 0.200001
      vertex 43.7206 77.2795 1
    endloop
  endfacet
  facet normal 0.0839933 -0.996466 0
    outer loop
      vertex 37.5818 81.6485 0.200001
      vertex 37.6079 81.6507 1
      vertex 37.5818 81.6485 1
    endloop
  endfacet
  facet normal 0.0839933 -0.996466 0
    outer loop
      vertex 37.6079 81.6507 1
      vertex 37.5818 81.6485 0.200001
      vertex 37.6079 81.6507 0.200001
    endloop
  endfacet
  facet normal -0.737334 -0.675528 0
    outer loop
      vertex 43.5682 78.8714 0.200001
      vertex 43.3037 79.1601 1
      vertex 43.3037 79.1601 0.200001
    endloop
  endfacet
  facet normal -0.737334 -0.675528 0
    outer loop
      vertex 43.3037 79.1601 1
      vertex 43.5682 78.8714 0.200001
      vertex 43.5682 78.8714 1
    endloop
  endfacet
  facet normal -0.764114 0.645081 0
    outer loop
      vertex 43.4824 76.9056 0.200001
      vertex 43.4992 76.9255 1
      vertex 43.4992 76.9255 0.200001
    endloop
  endfacet
  facet normal -0.764114 0.645081 0
    outer loop
      vertex 43.4992 76.9255 1
      vertex 43.4824 76.9056 0.200001
      vertex 43.4824 76.9056 1
    endloop
  endfacet
  facet normal 0.30063 0.953741 -0
    outer loop
      vertex 41.9752 76.3709 0.200001
      vertex 41.6018 76.4886 1
      vertex 41.9752 76.3709 1
    endloop
  endfacet
  facet normal 0.30063 0.953741 0
    outer loop
      vertex 41.6018 76.4886 1
      vertex 41.9752 76.3709 0.200001
      vertex 41.6018 76.4886 0.200001
    endloop
  endfacet
  facet normal 0.422599 0.906317 -0
    outer loop
      vertex 41.5896 76.4934 0.200001
      vertex 37.058 78.6064 1
      vertex 41.5896 76.4934 1
    endloop
  endfacet
  facet normal 0.422599 0.906317 0
    outer loop
      vertex 37.058 78.6064 1
      vertex 41.5896 76.4934 0.200001
      vertex 37.058 78.6064 0.200001
    endloop
  endfacet
  facet normal 0.939905 0.341435 0
    outer loop
      vertex 36.236 79.4974 1
      vertex 36.2271 79.5219 0.200001
      vertex 36.2271 79.5219 1
    endloop
  endfacet
  facet normal 0.939905 0.341435 0
    outer loop
      vertex 36.2271 79.5219 0.200001
      vertex 36.236 79.4974 1
      vertex 36.236 79.4974 0.200001
    endloop
  endfacet
  facet normal 0.340208 -0.94035 0
    outer loop
      vertex 37.175 81.5548 0.200001
      vertex 37.1996 81.5637 1
      vertex 37.175 81.5548 1
    endloop
  endfacet
  facet normal 0.340208 -0.94035 0
    outer loop
      vertex 37.1996 81.5637 1
      vertex 37.175 81.5548 0.200001
      vertex 37.1996 81.5637 0.200001
    endloop
  endfacet
  facet normal -0.939905 -0.341435 0
    outer loop
      vertex 43.7729 78.4781 0.200001
      vertex 43.764 78.5026 1
      vertex 43.764 78.5026 0.200001
    endloop
  endfacet
  facet normal -0.939905 -0.341435 0
    outer loop
      vertex 43.764 78.5026 1
      vertex 43.7729 78.4781 0.200001
      vertex 43.7729 78.4781 1
    endloop
  endfacet
  facet normal -0.0434151 -0.999057 0
    outer loop
      vertex 37.6079 81.6507 0.200001
      vertex 37.9991 81.6337 1
      vertex 37.6079 81.6507 1
    endloop
  endfacet
  facet normal -0.0434151 -0.999057 -0
    outer loop
      vertex 37.9991 81.6337 1
      vertex 37.6079 81.6507 0.200001
      vertex 37.9991 81.6337 0.200001
    endloop
  endfacet
  facet normal 0.99611 0.0881174 0
    outer loop
      vertex 36.1423 79.9042 1
      vertex 36.14 79.9302 0.200001
      vertex 36.14 79.9302 1
    endloop
  endfacet
  facet normal 0.99611 0.0881174 0
    outer loop
      vertex 36.14 79.9302 0.200001
      vertex 36.1423 79.9042 1
      vertex 36.1423 79.9042 0.200001
    endloop
  endfacet
  facet normal -0.30063 -0.953741 0
    outer loop
      vertex 38.0248 81.6291 0.200001
      vertex 38.3982 81.5114 1
      vertex 38.0248 81.6291 1
    endloop
  endfacet
  facet normal -0.30063 -0.953741 -0
    outer loop
      vertex 38.3982 81.5114 1
      vertex 38.0248 81.6291 0.200001
      vertex 38.3982 81.5114 0.200001
    endloop
  endfacet
  facet normal -0.573976 0.818872 0
    outer loop
      vertex 43.1937 76.641 0.200001
      vertex 43.1723 76.626 1
      vertex 43.1937 76.641 1
    endloop
  endfacet
  facet normal -0.573976 0.818872 0
    outer loop
      vertex 43.1723 76.626 1
      vertex 43.1937 76.641 0.200001
      vertex 43.1723 76.626 0.200001
    endloop
  endfacet
  facet normal 0.907061 -0.420999 0
    outer loop
      vertex 36.2794 80.7205 1
      vertex 36.2904 80.7442 0.200001
      vertex 36.2904 80.7442 1
    endloop
  endfacet
  facet normal 0.907061 -0.420999 0
    outer loop
      vertex 36.2904 80.7442 0.200001
      vertex 36.2794 80.7205 1
      vertex 36.2794 80.7205 0.200001
    endloop
  endfacet
  facet normal 0.176188 0.984356 -0
    outer loop
      vertex 42.0009 76.3663 0.200001
      vertex 41.9752 76.3709 1
      vertex 42.0009 76.3663 1
    endloop
  endfacet
  facet normal 0.176188 0.984356 0
    outer loop
      vertex 41.9752 76.3709 1
      vertex 42.0009 76.3663 0.200001
      vertex 41.9752 76.3709 0.200001
    endloop
  endfacet
  facet normal -0.84342 0.537255 0
    outer loop
      vertex 43.4992 76.9255 0.200001
      vertex 43.7096 77.2558 1
      vertex 43.7096 77.2558 0.200001
    endloop
  endfacet
  facet normal -0.84342 0.537255 0
    outer loop
      vertex 43.7096 77.2558 1
      vertex 43.4992 76.9255 0.200001
      vertex 43.4992 76.9255 1
    endloop
  endfacet
  facet normal 0.573976 -0.818872 0
    outer loop
      vertex 36.8063 81.359 0.200001
      vertex 36.8277 81.374 1
      vertex 36.8063 81.359 1
    endloop
  endfacet
  facet normal 0.573976 -0.818872 0
    outer loop
      vertex 36.8277 81.374 1
      vertex 36.8063 81.359 0.200001
      vertex 36.8277 81.374 0.200001
    endloop
  endfacet
  facet normal 0.737334 0.675528 0
    outer loop
      vertex 36.6963 78.8399 1
      vertex 36.4318 79.1286 0.200001
      vertex 36.4318 79.1286 1
    endloop
  endfacet
  facet normal 0.737334 0.675528 0
    outer loop
      vertex 36.4318 79.1286 0.200001
      vertex 36.6963 78.8399 1
      vertex 36.6963 78.8399 0.200001
    endloop
  endfacet
  facet normal 0 0 -1
    outer loop
      vertex 43.5795 77.3308 1
      vertex 43.7206 77.2795 1
      vertex 43.7096 77.2558 1
    endloop
  endfacet
  facet normal 0 0 -1
    outer loop
      vertex 43.7206 77.2795 1
      vertex 43.6933 77.6918 1
      vertex 43.7098 78.0698 1
    endloop
  endfacet
  facet normal 0 0 -1
    outer loop
      vertex 43.7206 77.2795 1
      vertex 43.5795 77.3308 1
      vertex 43.6933 77.6918 1
    endloop
  endfacet
  facet normal 0 0 -1
    outer loop
      vertex 43.4992 76.9255 1
      vertex 43.5795 77.3308 1
      vertex 43.7096 77.2558 1
    endloop
  endfacet
  facet normal 0 0 -1
    outer loop
      vertex 43.3762 77.0117 1
      vertex 43.4992 76.9255 1
      vertex 43.4824 76.9056 1
    endloop
  endfacet
  facet normal 0 0 -1
    outer loop
      vertex 43.4992 76.9255 1
      vertex 43.3762 77.0117 1
      vertex 43.5795 77.3308 1
    endloop
  endfacet
  facet normal 0 0 -1
    outer loop
      vertex 43.1937 76.641 1
      vertex 43.3762 77.0117 1
      vertex 43.4824 76.9056 1
    endloop
  endfacet
  facet normal 0 0 -1
    outer loop
      vertex 43.0972 76.7561 1
      vertex 43.1937 76.641 1
      vertex 43.1723 76.626 1
    endloop
  endfacet
  facet normal 0 0 -1
    outer loop
      vertex 43.1937 76.641 1
      vertex 43.0972 76.7561 1
      vertex 43.3762 77.0117 1
    endloop
  endfacet
  facet normal 0 0 -1
    outer loop
      vertex 42.825 76.4452 1
      vertex 43.0972 76.7561 1
      vertex 43.1723 76.626 1
    endloop
  endfacet
  facet normal 0 0 -1
    outer loop
      vertex 42.7615 76.5813 1
      vertex 42.825 76.4452 1
      vertex 42.8004 76.4363 1
    endloop
  endfacet
  facet normal 0 0 -1
    outer loop
      vertex 42.825 76.4452 1
      vertex 42.7615 76.5813 1
      vertex 43.0972 76.7561 1
    endloop
  endfacet
  facet normal 0 0 -1
    outer loop
      vertex 42.4182 76.3515 1
      vertex 42.7615 76.5813 1
      vertex 42.8004 76.4363 1
    endloop
  endfacet
  facet normal 0 0 -1
    outer loop
      vertex 42.3921 76.4994 1
      vertex 42.4182 76.3515 1
      vertex 42.3921 76.3493 1
    endloop
  endfacet
  facet normal 0 0 -1
    outer loop
      vertex 42.4182 76.3515 1
      vertex 42.3921 76.4994 1
      vertex 42.7615 76.5813 1
    endloop
  endfacet
  facet normal 0 0 -1
    outer loop
      vertex 42.3921 76.3493 1
      vertex 42.0141 76.5159 1
      vertex 42.3921 76.4994 1
    endloop
  endfacet
  facet normal 0 0 -1
    outer loop
      vertex 42.0009 76.3663 1
      vertex 42.0141 76.5159 1
      vertex 42.3921 76.3493 1
    endloop
  endfacet
  facet normal 0 0 -1
    outer loop
      vertex 41.9752 76.3709 1
      vertex 42.0141 76.5159 1
      vertex 42.0009 76.3663 1
    endloop
  endfacet
  facet normal 0 0 -1
    outer loop
      vertex 41.6018 76.4886 1
      vertex 42.0141 76.5159 1
      vertex 41.9752 76.3709 1
    endloop
  endfacet
  facet normal -0 0 -1
    outer loop
      vertex 42.0141 76.5159 1
      vertex 41.6018 76.4886 1
      vertex 41.65 76.6307 1
    endloop
  endfacet
  facet normal 0 0 -1
    outer loop
      vertex 41.5896 76.4934 1
      vertex 41.65 76.6307 1
      vertex 41.6018 76.4886 1
    endloop
  endfacet
  facet normal 0 0 -1
    outer loop
      vertex 41.5896 76.4934 1
      vertex 37.1244 78.741 1
      vertex 41.65 76.6307 1
    endloop
  endfacet
  facet normal 0 0 -1
    outer loop
      vertex 37.058 78.6064 1
      vertex 37.1244 78.741 1
      vertex 41.5896 76.4934 1
    endloop
  endfacet
  facet normal 0 0 -1
    outer loop
      vertex 37.0466 78.6127 1
      vertex 37.1244 78.741 1
      vertex 37.058 78.6064 1
    endloop
  endfacet
  facet normal 0 0 -1
    outer loop
      vertex 37.0466 78.6127 1
      vertex 36.8025 78.9461 1
      vertex 37.1244 78.741 1
    endloop
  endfacet
  facet normal 0 0 -1
    outer loop
      vertex 36.7163 78.8231 1
      vertex 36.8025 78.9461 1
      vertex 37.0466 78.6127 1
    endloop
  endfacet
  facet normal 0 0 -1
    outer loop
      vertex 36.6963 78.8399 1
      vertex 36.8025 78.9461 1
      vertex 36.7163 78.8231 1
    endloop
  endfacet
  facet normal 0 0 -1
    outer loop
      vertex 36.6963 78.8399 1
      vertex 36.5468 79.2251 1
      vertex 36.8025 78.9461 1
    endloop
  endfacet
  facet normal 0 0 -1
    outer loop
      vertex 36.4318 79.1286 1
      vertex 36.5468 79.2251 1
      vertex 36.6963 78.8399 1
    endloop
  endfacet
  facet normal 0 0 -1
    outer loop
      vertex 36.4168 79.15 1
      vertex 36.5468 79.2251 1
      vertex 36.4318 79.1286 1
    endloop
  endfacet
  facet normal 0 0 -1
    outer loop
      vertex 36.4168 79.15 1
      vertex 36.3721 79.5608 1
      vertex 36.5468 79.2251 1
    endloop
  endfacet
  facet normal 0 0 -1
    outer loop
      vertex 36.236 79.4974 1
      vertex 36.3721 79.5608 1
      vertex 36.4168 79.15 1
    endloop
  endfacet
  facet normal 0 0 -1
    outer loop
      vertex 36.2271 79.5219 1
      vertex 36.3721 79.5608 1
      vertex 36.236 79.4974 1
    endloop
  endfacet
  facet normal -0 0 -1
    outer loop
      vertex 36.3721 79.5608 1
      vertex 36.2271 79.5219 1
      vertex 36.2902 79.9302 1
    endloop
  endfacet
  facet normal 0 0 -1
    outer loop
      vertex 36.1423 79.9042 1
      vertex 36.2902 79.9302 1
      vertex 36.2271 79.5219 1
    endloop
  endfacet
  facet normal 0 0 -1
    outer loop
      vertex 36.2902 79.9302 1
      vertex 36.1616 80.3471 1
      vertex 36.2794 80.7205 1
    endloop
  endfacet
  facet normal 0 0 -1
    outer loop
      vertex 36.2902 79.9302 1
      vertex 36.1571 80.3214 1
      vertex 36.1616 80.3471 1
    endloop
  endfacet
  facet normal 0 0 -1
    outer loop
      vertex 36.14 79.9302 1
      vertex 36.2902 79.9302 1
      vertex 36.1423 79.9042 1
    endloop
  endfacet
  facet normal 0 0 -1
    outer loop
      vertex 36.2902 79.9302 1
      vertex 36.14 79.9302 1
      vertex 36.1571 80.3214 1
    endloop
  endfacet
  facet normal 0 0 -1
    outer loop
      vertex 43.7098 78.0698 1
      vertex 43.86 78.0698 1
      vertex 43.8429 77.6786 1
    endloop
  endfacet
  facet normal 0 0 -1
    outer loop
      vertex 43.7098 78.0698 1
      vertex 43.8429 77.6786 1
      vertex 43.8384 77.6529 1
    endloop
  endfacet
  facet normal 0 0 -1
    outer loop
      vertex 43.86 78.0698 1
      vertex 43.7098 78.0698 1
      vertex 43.8577 78.0958 1
    endloop
  endfacet
  facet normal -0 0 -1
    outer loop
      vertex 43.8577 78.0958 1
      vertex 43.7098 78.0698 1
      vertex 43.7729 78.4781 1
    endloop
  endfacet
  facet normal 0 0 -1
    outer loop
      vertex 43.7098 78.0698 1
      vertex 43.8384 77.6529 1
      vertex 43.7206 77.2795 1
    endloop
  endfacet
  facet normal 0 0 -1
    outer loop
      vertex 43.6279 78.4392 1
      vertex 43.7729 78.4781 1
      vertex 43.7098 78.0698 1
    endloop
  endfacet
  facet normal -0 0 -1
    outer loop
      vertex 43.7729 78.4781 1
      vertex 43.6279 78.4392 1
      vertex 43.764 78.5026 1
    endloop
  endfacet
  facet normal 0 0 -1
    outer loop
      vertex 43.6279 78.4392 1
      vertex 43.5832 78.85 1
      vertex 43.764 78.5026 1
    endloop
  endfacet
  facet normal 0 0 -1
    outer loop
      vertex 43.4532 78.7749 1
      vertex 43.5832 78.85 1
      vertex 43.6279 78.4392 1
    endloop
  endfacet
  facet normal -0 0 -1
    outer loop
      vertex 43.5832 78.85 1
      vertex 43.4532 78.7749 1
      vertex 43.5682 78.8714 1
    endloop
  endfacet
  facet normal 0 0 -1
    outer loop
      vertex 43.4532 78.7749 1
      vertex 43.3037 79.1601 1
      vertex 43.5682 78.8714 1
    endloop
  endfacet
  facet normal 0 0 -1
    outer loop
      vertex 43.1975 79.0539 1
      vertex 43.3037 79.1601 1
      vertex 43.4532 78.7749 1
    endloop
  endfacet
  facet normal -0 0 -1
    outer loop
      vertex 43.3037 79.1601 1
      vertex 43.1975 79.0539 1
      vertex 43.2837 79.1769 1
    endloop
  endfacet
  facet normal 0 0 -1
    outer loop
      vertex 43.1975 79.0539 1
      vertex 42.9534 79.3873 1
      vertex 43.2837 79.1769 1
    endloop
  endfacet
  facet normal 0 0 -1
    outer loop
      vertex 42.8756 79.259 1
      vertex 42.9534 79.3873 1
      vertex 43.1975 79.0539 1
    endloop
  endfacet
  facet normal -0 0 -1
    outer loop
      vertex 42.9534 79.3873 1
      vertex 42.8756 79.259 1
      vertex 42.942 79.3936 1
    endloop
  endfacet
  facet normal 0 0 -1
    outer loop
      vertex 42.8756 79.259 1
      vertex 38.4104 81.5066 1
      vertex 42.942 79.3936 1
    endloop
  endfacet
  facet normal 0 0 -1
    outer loop
      vertex 38.35 81.3693 1
      vertex 38.4104 81.5066 1
      vertex 42.8756 79.259 1
    endloop
  endfacet
  facet normal -0 0 -1
    outer loop
      vertex 38.4104 81.5066 1
      vertex 38.35 81.3693 1
      vertex 38.3982 81.5114 1
    endloop
  endfacet
  facet normal 0 0 -1
    outer loop
      vertex 37.9859 81.4841 1
      vertex 38.3982 81.5114 1
      vertex 38.35 81.3693 1
    endloop
  endfacet
  facet normal -0 0 -1
    outer loop
      vertex 38.3982 81.5114 1
      vertex 37.9859 81.4841 1
      vertex 38.0248 81.6291 1
    endloop
  endfacet
  facet normal -0 0 -1
    outer loop
      vertex 38.0248 81.6291 1
      vertex 37.9859 81.4841 1
      vertex 37.9991 81.6337 1
    endloop
  endfacet
  facet normal 0 0 -1
    outer loop
      vertex 37.6079 81.5006 1
      vertex 37.9991 81.6337 1
      vertex 37.9859 81.4841 1
    endloop
  endfacet
  facet normal 0 0 -1
    outer loop
      vertex 37.6079 81.5006 1
      vertex 37.6079 81.6507 1
      vertex 37.9991 81.6337 1
    endloop
  endfacet
  facet normal 0 0 -1
    outer loop
      vertex 37.6079 81.5006 1
      vertex 37.5818 81.6485 1
      vertex 37.6079 81.6507 1
    endloop
  endfacet
  facet normal 0 0 -1
    outer loop
      vertex 37.2384 81.4187 1
      vertex 37.5818 81.6485 1
      vertex 37.6079 81.5006 1
    endloop
  endfacet
  facet normal 0 0 -1
    outer loop
      vertex 37.2384 81.4187 1
      vertex 37.1996 81.5637 1
      vertex 37.5818 81.6485 1
    endloop
  endfacet
  facet normal 0 0 -1
    outer loop
      vertex 37.2384 81.4187 1
      vertex 37.175 81.5548 1
      vertex 37.1996 81.5637 1
    endloop
  endfacet
  facet normal 0 0 -1
    outer loop
      vertex 36.9028 81.2439 1
      vertex 37.175 81.5548 1
      vertex 37.2384 81.4187 1
    endloop
  endfacet
  facet normal 0 0 -1
    outer loop
      vertex 36.9028 81.2439 1
      vertex 36.8277 81.374 1
      vertex 37.175 81.5548 1
    endloop
  endfacet
  facet normal 0 0 -1
    outer loop
      vertex 36.9028 81.2439 1
      vertex 36.8063 81.359 1
      vertex 36.8277 81.374 1
    endloop
  endfacet
  facet normal 0 0 -1
    outer loop
      vertex 36.6238 80.9883 1
      vertex 36.8063 81.359 1
      vertex 36.9028 81.2439 1
    endloop
  endfacet
  facet normal 0 0 -1
    outer loop
      vertex 36.6238 80.9883 1
      vertex 36.5176 81.0944 1
      vertex 36.8063 81.359 1
    endloop
  endfacet
  facet normal 0 0 -1
    outer loop
      vertex 36.6238 80.9883 1
      vertex 36.5008 81.0745 1
      vertex 36.5176 81.0944 1
    endloop
  endfacet
  facet normal 0 0 -1
    outer loop
      vertex 36.4205 80.6692 1
      vertex 36.5008 81.0745 1
      vertex 36.6238 80.9883 1
    endloop
  endfacet
  facet normal 0 0 -1
    outer loop
      vertex 36.2794 80.7205 1
      vertex 36.4205 80.6692 1
      vertex 36.3067 80.3082 1
    endloop
  endfacet
  facet normal 0 0 -1
    outer loop
      vertex 36.4205 80.6692 1
      vertex 36.2904 80.7442 1
      vertex 36.5008 81.0745 1
    endloop
  endfacet
  facet normal 0 0 -1
    outer loop
      vertex 36.2794 80.7205 1
      vertex 36.3067 80.3082 1
      vertex 36.2902 79.9302 1
    endloop
  endfacet
  facet normal 0 0 -1
    outer loop
      vertex 36.4205 80.6692 1
      vertex 36.2794 80.7205 1
      vertex 36.2904 80.7442 1
    endloop
  endfacet
  facet normal 0.537255 0.84342 -0
    outer loop
      vertex 37.0466 78.6127 0.200001
      vertex 36.7163 78.8231 1
      vertex 37.0466 78.6127 1
    endloop
  endfacet
  facet normal 0.537255 0.84342 0
    outer loop
      vertex 36.7163 78.8231 1
      vertex 37.0466 78.6127 0.200001
      vertex 36.7163 78.8231 0.200001
    endloop
  endfacet
  facet normal 0.0434151 0.999057 -0
    outer loop
      vertex 42.3921 76.3493 0.200001
      vertex 42.0009 76.3663 1
      vertex 42.3921 76.3493 1
    endloop
  endfacet
  facet normal 0.0434151 0.999057 0
    outer loop
      vertex 42.0009 76.3663 1
      vertex 42.3921 76.3493 0.200001
      vertex 42.0009 76.3663 0.200001
    endloop
  endfacet
  facet normal 0.216606 -0.976259 0
    outer loop
      vertex 37.1996 81.5637 0.200001
      vertex 37.5818 81.6485 1
      vertex 37.1996 81.5637 1
    endloop
  endfacet
  facet normal 0.216606 -0.976259 0
    outer loop
      vertex 37.5818 81.6485 1
      vertex 37.1996 81.5637 0.200001
      vertex 37.5818 81.6485 0.200001
    endloop
  endfacet
  facet normal -0.461763 0.887003 0
    outer loop
      vertex 43.1723 76.626 0.200001
      vertex 42.825 76.4452 1
      vertex 43.1723 76.626 1
    endloop
  endfacet
  facet normal -0.461763 0.887003 0
    outer loop
      vertex 42.825 76.4452 1
      vertex 43.1723 76.626 0.200001
      vertex 42.825 76.4452 0.200001
    endloop
  endfacet
  facet normal -0.176188 -0.984356 0
    outer loop
      vertex 37.9991 81.6337 0.200001
      vertex 38.0248 81.6291 1
      vertex 37.9991 81.6337 1
    endloop
  endfacet
  facet normal -0.176188 -0.984356 -0
    outer loop
      vertex 38.0248 81.6291 1
      vertex 37.9991 81.6337 0.200001
      vertex 38.0248 81.6291 0.200001
    endloop
  endfacet
  facet normal -0.907061 0.420999 0
    outer loop
      vertex 43.7096 77.2558 0.200001
      vertex 43.7206 77.2795 1
      vertex 43.7206 77.2795 0.200001
    endloop
  endfacet
  facet normal -0.907061 0.420999 0
    outer loop
      vertex 43.7206 77.2795 1
      vertex 43.7096 77.2558 0.200001
      vertex 43.7096 77.2558 1
    endloop
  endfacet
  facet normal -0.216606 0.976259 0
    outer loop
      vertex 42.8004 76.4363 0.200001
      vertex 42.4182 76.3515 1
      vertex 42.8004 76.4363 1
    endloop
  endfacet
  facet normal -0.216606 0.976259 0
    outer loop
      vertex 42.4182 76.3515 1
      vertex 42.8004 76.4363 0.200001
      vertex 42.4182 76.3515 0.200001
    endloop
  endfacet
  facet normal 0.84342 -0.537255 0
    outer loop
      vertex 36.2904 80.7442 1
      vertex 36.5008 81.0745 0.200001
      vertex 36.5008 81.0745 1
    endloop
  endfacet
  facet normal 0.84342 -0.537255 0
    outer loop
      vertex 36.5008 81.0745 0.200001
      vertex 36.2904 80.7442 1
      vertex 36.2904 80.7442 0.200001
    endloop
  endfacet
  facet normal -0.887058 -0.461658 0
    outer loop
      vertex 43.764 78.5026 0.200001
      vertex 43.5832 78.85 1
      vertex 43.5832 78.85 0.200001
    endloop
  endfacet
  facet normal -0.887058 -0.461658 0
    outer loop
      vertex 43.5832 78.85 1
      vertex 43.764 78.5026 0.200001
      vertex 43.764 78.5026 1
    endloop
  endfacet
  facet normal 0.643192 0.765705 -0
    outer loop
      vertex 36.7163 78.8231 0.200001
      vertex 36.6963 78.8399 1
      vertex 36.7163 78.8231 1
    endloop
  endfacet
  facet normal 0.643192 0.765705 0
    outer loop
      vertex 36.6963 78.8399 1
      vertex 36.7163 78.8231 0.200001
      vertex 36.6963 78.8399 0.200001
    endloop
  endfacet
  facet normal 0.985014 -0.172473 0
    outer loop
      vertex 36.1571 80.3214 1
      vertex 36.1616 80.3471 0.200001
      vertex 36.1616 80.3471 1
    endloop
  endfacet
  facet normal 0.985014 -0.172473 0
    outer loop
      vertex 36.1616 80.3471 0.200001
      vertex 36.1571 80.3214 1
      vertex 36.1571 80.3214 0.200001
    endloop
  endfacet
  facet normal -0.99611 -0.0881174 0
    outer loop
      vertex 43.86 78.0698 0.200001
      vertex 43.8577 78.0958 1
      vertex 43.8577 78.0958 0.200001
    endloop
  endfacet
  facet normal -0.99611 -0.0881174 0
    outer loop
      vertex 43.8577 78.0958 1
      vertex 43.86 78.0698 0.200001
      vertex 43.86 78.0698 1
    endloop
  endfacet
  facet normal -0.340208 0.94035 0
    outer loop
      vertex 42.825 76.4452 0.200001
      vertex 42.8004 76.4363 1
      vertex 42.825 76.4452 1
    endloop
  endfacet
  facet normal -0.340208 0.94035 0
    outer loop
      vertex 42.8004 76.4363 1
      vertex 42.825 76.4452 0.200001
      vertex 42.8004 76.4363 0.200001
    endloop
  endfacet
  facet normal 0.818872 0.573976 0
    outer loop
      vertex 36.4318 79.1286 1
      vertex 36.4168 79.15 0.200001
      vertex 36.4168 79.15 1
    endloop
  endfacet
  facet normal 0.818872 0.573976 0
    outer loop
      vertex 36.4168 79.15 0.200001
      vertex 36.4318 79.1286 1
      vertex 36.4318 79.1286 0.200001
    endloop
  endfacet
  facet normal 0 0 1
    outer loop
      vertex 43.7098 78.0698 0.200001
      vertex 43.86 78.0698 0.200001
      vertex 43.8577 78.0958 0.200001
    endloop
  endfacet
  facet normal 0 0 1
    outer loop
      vertex 43.86 78.0698 0.200001
      vertex 43.7098 78.0698 0.200001
      vertex 43.8429 77.6786 0.200001
    endloop
  endfacet
  facet normal 0 0 1
    outer loop
      vertex 43.7098 78.0698 0.200001
      vertex 43.8577 78.0958 0.200001
      vertex 43.7729 78.4781 0.200001
    endloop
  endfacet
  facet normal 0 0 1
    outer loop
      vertex 43.6279 78.4392 0.200001
      vertex 43.7729 78.4781 0.200001
      vertex 43.764 78.5026 0.200001
    endloop
  endfacet
  facet normal -0 0 1
    outer loop
      vertex 43.6933 77.6918 0.200001
      vertex 43.8429 77.6786 0.200001
      vertex 43.7098 78.0698 0.200001
    endloop
  endfacet
  facet normal 0 0 1
    outer loop
      vertex 43.8429 77.6786 0.200001
      vertex 43.6933 77.6918 0.200001
      vertex 43.8384 77.6529 0.200001
    endloop
  endfacet
  facet normal 0 0 1
    outer loop
      vertex 43.7729 78.4781 0.200001
      vertex 43.6279 78.4392 0.200001
      vertex 43.7098 78.0698 0.200001
    endloop
  endfacet
  facet normal 0 0 1
    outer loop
      vertex 43.5832 78.85 0.200001
      vertex 43.6279 78.4392 0.200001
      vertex 43.764 78.5026 0.200001
    endloop
  endfacet
  facet normal 0 0 1
    outer loop
      vertex 43.4532 78.7749 0.200001
      vertex 43.5832 78.85 0.200001
      vertex 43.5682 78.8714 0.200001
    endloop
  endfacet
  facet normal 0 0 1
    outer loop
      vertex 43.5832 78.85 0.200001
      vertex 43.4532 78.7749 0.200001
      vertex 43.6279 78.4392 0.200001
    endloop
  endfacet
  facet normal 0 0 1
    outer loop
      vertex 43.3037 79.1601 0.200001
      vertex 43.4532 78.7749 0.200001
      vertex 43.5682 78.8714 0.200001
    endloop
  endfacet
  facet normal 0 0 1
    outer loop
      vertex 43.1975 79.0539 0.200001
      vertex 43.3037 79.1601 0.200001
      vertex 43.2837 79.1769 0.200001
    endloop
  endfacet
  facet normal 0 0 1
    outer loop
      vertex 43.3037 79.1601 0.200001
      vertex 43.1975 79.0539 0.200001
      vertex 43.4532 78.7749 0.200001
    endloop
  endfacet
  facet normal 0 0 1
    outer loop
      vertex 42.9534 79.3873 0.200001
      vertex 43.1975 79.0539 0.200001
      vertex 43.2837 79.1769 0.200001
    endloop
  endfacet
  facet normal 0 0 1
    outer loop
      vertex 42.8756 79.259 0.200001
      vertex 42.9534 79.3873 0.200001
      vertex 42.942 79.3936 0.200001
    endloop
  endfacet
  facet normal 0 0 1
    outer loop
      vertex 42.9534 79.3873 0.200001
      vertex 42.8756 79.259 0.200001
      vertex 43.1975 79.0539 0.200001
    endloop
  endfacet
  facet normal 0 0 1
    outer loop
      vertex 38.4104 81.5066 0.200001
      vertex 42.8756 79.259 0.200001
      vertex 42.942 79.3936 0.200001
    endloop
  endfacet
  facet normal 0 0 1
    outer loop
      vertex 38.35 81.3693 0.200001
      vertex 38.4104 81.5066 0.200001
      vertex 38.3982 81.5114 0.200001
    endloop
  endfacet
  facet normal 0 0 1
    outer loop
      vertex 38.4104 81.5066 0.200001
      vertex 38.35 81.3693 0.200001
      vertex 42.8756 79.259 0.200001
    endloop
  endfacet
  facet normal 0 0 1
    outer loop
      vertex 37.9859 81.4841 0.200001
      vertex 38.3982 81.5114 0.200001
      vertex 38.0248 81.6291 0.200001
    endloop
  endfacet
  facet normal 0 0 1
    outer loop
      vertex 37.9859 81.4841 0.200001
      vertex 38.0248 81.6291 0.200001
      vertex 37.9991 81.6337 0.200001
    endloop
  endfacet
  facet normal 0 0 1
    outer loop
      vertex 38.3982 81.5114 0.200001
      vertex 37.9859 81.4841 0.200001
      vertex 38.35 81.3693 0.200001
    endloop
  endfacet
  facet normal 0 0 1
    outer loop
      vertex 37.9991 81.6337 0.200001
      vertex 37.6079 81.5006 0.200001
      vertex 37.9859 81.4841 0.200001
    endloop
  endfacet
  facet normal 0 0 1
    outer loop
      vertex 37.6079 81.6507 0.200001
      vertex 37.6079 81.5006 0.200001
      vertex 37.9991 81.6337 0.200001
    endloop
  endfacet
  facet normal -0 0 1
    outer loop
      vertex 37.5818 81.6485 0.200001
      vertex 37.6079 81.5006 0.200001
      vertex 37.6079 81.6507 0.200001
    endloop
  endfacet
  facet normal 0 0 1
    outer loop
      vertex 37.5818 81.6485 0.200001
      vertex 37.2384 81.4187 0.200001
      vertex 37.6079 81.5006 0.200001
    endloop
  endfacet
  facet normal -0 0 1
    outer loop
      vertex 37.1996 81.5637 0.200001
      vertex 37.2384 81.4187 0.200001
      vertex 37.5818 81.6485 0.200001
    endloop
  endfacet
  facet normal -0 0 1
    outer loop
      vertex 37.175 81.5548 0.200001
      vertex 37.2384 81.4187 0.200001
      vertex 37.1996 81.5637 0.200001
    endloop
  endfacet
  facet normal 0 0 1
    outer loop
      vertex 37.175 81.5548 0.200001
      vertex 36.9028 81.2439 0.200001
      vertex 37.2384 81.4187 0.200001
    endloop
  endfacet
  facet normal -0 0 1
    outer loop
      vertex 36.8277 81.374 0.200001
      vertex 36.9028 81.2439 0.200001
      vertex 37.175 81.5548 0.200001
    endloop
  endfacet
  facet normal -0 0 1
    outer loop
      vertex 36.8063 81.359 0.200001
      vertex 36.9028 81.2439 0.200001
      vertex 36.8277 81.374 0.200001
    endloop
  endfacet
  facet normal 0 0 1
    outer loop
      vertex 36.8063 81.359 0.200001
      vertex 36.6238 80.9883 0.200001
      vertex 36.9028 81.2439 0.200001
    endloop
  endfacet
  facet normal -0 0 1
    outer loop
      vertex 36.5176 81.0944 0.200001
      vertex 36.6238 80.9883 0.200001
      vertex 36.8063 81.359 0.200001
    endloop
  endfacet
  facet normal -0 0 1
    outer loop
      vertex 36.5008 81.0745 0.200001
      vertex 36.6238 80.9883 0.200001
      vertex 36.5176 81.0944 0.200001
    endloop
  endfacet
  facet normal 0 0 1
    outer loop
      vertex 36.5008 81.0745 0.200001
      vertex 36.4205 80.6692 0.200001
      vertex 36.6238 80.9883 0.200001
    endloop
  endfacet
  facet normal -0 0 1
    outer loop
      vertex 36.2904 80.7442 0.200001
      vertex 36.4205 80.6692 0.200001
      vertex 36.5008 81.0745 0.200001
    endloop
  endfacet
  facet normal -0 0 1
    outer loop
      vertex 36.2794 80.7205 0.200001
      vertex 36.4205 80.6692 0.200001
      vertex 36.2904 80.7442 0.200001
    endloop
  endfacet
  facet normal 0 0 1
    outer loop
      vertex 36.4205 80.6692 0.200001
      vertex 36.2794 80.7205 0.200001
      vertex 36.3067 80.3082 0.200001
    endloop
  endfacet
  facet normal -0 0 1
    outer loop
      vertex 36.1616 80.3471 0.200001
      vertex 36.3067 80.3082 0.200001
      vertex 36.2794 80.7205 0.200001
    endloop
  endfacet
  facet normal 0 0 1
    outer loop
      vertex 43.8384 77.6529 0.200001
      vertex 43.6933 77.6918 0.200001
      vertex 43.7206 77.2795 0.200001
    endloop
  endfacet
  facet normal -0 0 1
    outer loop
      vertex 43.5795 77.3308 0.200001
      vertex 43.7206 77.2795 0.200001
      vertex 43.6933 77.6918 0.200001
    endloop
  endfacet
  facet normal 0 0 1
    outer loop
      vertex 43.7206 77.2795 0.200001
      vertex 43.5795 77.3308 0.200001
      vertex 43.7096 77.2558 0.200001
    endloop
  endfacet
  facet normal 0 0 1
    outer loop
      vertex 43.5795 77.3308 0.200001
      vertex 43.4992 76.9255 0.200001
      vertex 43.7096 77.2558 0.200001
    endloop
  endfacet
  facet normal -0 0 1
    outer loop
      vertex 43.3762 77.0117 0.200001
      vertex 43.4992 76.9255 0.200001
      vertex 43.5795 77.3308 0.200001
    endloop
  endfacet
  facet normal 0 0 1
    outer loop
      vertex 43.4992 76.9255 0.200001
      vertex 43.3762 77.0117 0.200001
      vertex 43.4824 76.9056 0.200001
    endloop
  endfacet
  facet normal 0 0 1
    outer loop
      vertex 43.3762 77.0117 0.200001
      vertex 43.1937 76.641 0.200001
      vertex 43.4824 76.9056 0.200001
    endloop
  endfacet
  facet normal -0 0 1
    outer loop
      vertex 43.0972 76.7561 0.200001
      vertex 43.1937 76.641 0.200001
      vertex 43.3762 77.0117 0.200001
    endloop
  endfacet
  facet normal 0 0 1
    outer loop
      vertex 43.1937 76.641 0.200001
      vertex 43.0972 76.7561 0.200001
      vertex 43.1723 76.626 0.200001
    endloop
  endfacet
  facet normal 0 0 1
    outer loop
      vertex 43.0972 76.7561 0.200001
      vertex 42.825 76.4452 0.200001
      vertex 43.1723 76.626 0.200001
    endloop
  endfacet
  facet normal -0 0 1
    outer loop
      vertex 42.7615 76.5813 0.200001
      vertex 42.825 76.4452 0.200001
      vertex 43.0972 76.7561 0.200001
    endloop
  endfacet
  facet normal 0 0 1
    outer loop
      vertex 42.825 76.4452 0.200001
      vertex 42.7615 76.5813 0.200001
      vertex 42.8004 76.4363 0.200001
    endloop
  endfacet
  facet normal 0 0 1
    outer loop
      vertex 42.7615 76.5813 0.200001
      vertex 42.4182 76.3515 0.200001
      vertex 42.8004 76.4363 0.200001
    endloop
  endfacet
  facet normal -0 0 1
    outer loop
      vertex 42.3921 76.4994 0.200001
      vertex 42.4182 76.3515 0.200001
      vertex 42.7615 76.5813 0.200001
    endloop
  endfacet
  facet normal 0 0 1
    outer loop
      vertex 42.4182 76.3515 0.200001
      vertex 42.3921 76.4994 0.200001
      vertex 42.3921 76.3493 0.200001
    endloop
  endfacet
  facet normal 0 0 1
    outer loop
      vertex 42.0141 76.5159 0.200001
      vertex 42.3921 76.3493 0.200001
      vertex 42.3921 76.4994 0.200001
    endloop
  endfacet
  facet normal 0 0 1
    outer loop
      vertex 42.0141 76.5159 0.200001
      vertex 42.0009 76.3663 0.200001
      vertex 42.3921 76.3493 0.200001
    endloop
  endfacet
  facet normal 0 0 1
    outer loop
      vertex 42.0141 76.5159 0.200001
      vertex 41.9752 76.3709 0.200001
      vertex 42.0009 76.3663 0.200001
    endloop
  endfacet
  facet normal 0 0 1
    outer loop
      vertex 41.6018 76.4886 0.200001
      vertex 42.0141 76.5159 0.200001
      vertex 41.65 76.6307 0.200001
    endloop
  endfacet
  facet normal 0 0 1
    outer loop
      vertex 42.0141 76.5159 0.200001
      vertex 41.6018 76.4886 0.200001
      vertex 41.9752 76.3709 0.200001
    endloop
  endfacet
  facet normal 0 0 1
    outer loop
      vertex 41.65 76.6307 0.200001
      vertex 41.5896 76.4934 0.200001
      vertex 41.6018 76.4886 0.200001
    endloop
  endfacet
  facet normal 0 0 1
    outer loop
      vertex 37.1244 78.741 0.200001
      vertex 41.5896 76.4934 0.200001
      vertex 41.65 76.6307 0.200001
    endloop
  endfacet
  facet normal 0 0 1
    outer loop
      vertex 37.1244 78.741 0.200001
      vertex 37.058 78.6064 0.200001
      vertex 41.5896 76.4934 0.200001
    endloop
  endfacet
  facet normal 0 0 1
    outer loop
      vertex 37.1244 78.741 0.200001
      vertex 37.0466 78.6127 0.200001
      vertex 37.058 78.6064 0.200001
    endloop
  endfacet
  facet normal 0 0 1
    outer loop
      vertex 36.8025 78.9461 0.200001
      vertex 37.0466 78.6127 0.200001
      vertex 37.1244 78.741 0.200001
    endloop
  endfacet
  facet normal 0 0 1
    outer loop
      vertex 36.8025 78.9461 0.200001
      vertex 36.7163 78.8231 0.200001
      vertex 37.0466 78.6127 0.200001
    endloop
  endfacet
  facet normal 0 0 1
    outer loop
      vertex 36.8025 78.9461 0.200001
      vertex 36.6963 78.8399 0.200001
      vertex 36.7163 78.8231 0.200001
    endloop
  endfacet
  facet normal 0 0 1
    outer loop
      vertex 36.5468 79.2251 0.200001
      vertex 36.6963 78.8399 0.200001
      vertex 36.8025 78.9461 0.200001
    endloop
  endfacet
  facet normal 0 0 1
    outer loop
      vertex 36.5468 79.2251 0.200001
      vertex 36.4318 79.1286 0.200001
      vertex 36.6963 78.8399 0.200001
    endloop
  endfacet
  facet normal 0 0 1
    outer loop
      vertex 36.5468 79.2251 0.200001
      vertex 36.4168 79.15 0.200001
      vertex 36.4318 79.1286 0.200001
    endloop
  endfacet
  facet normal 0 0 1
    outer loop
      vertex 36.3721 79.5608 0.200001
      vertex 36.4168 79.15 0.200001
      vertex 36.5468 79.2251 0.200001
    endloop
  endfacet
  facet normal 0 0 1
    outer loop
      vertex 36.2271 79.5219 0.200001
      vertex 36.3721 79.5608 0.200001
      vertex 36.2902 79.9302 0.200001
    endloop
  endfacet
  facet normal 0 0 1
    outer loop
      vertex 36.3721 79.5608 0.200001
      vertex 36.236 79.4974 0.200001
      vertex 36.4168 79.15 0.200001
    endloop
  endfacet
  facet normal -0 0 1
    outer loop
      vertex 36.1571 80.3214 0.200001
      vertex 36.3067 80.3082 0.200001
      vertex 36.1616 80.3471 0.200001
    endloop
  endfacet
  facet normal 0 0 1
    outer loop
      vertex 36.3721 79.5608 0.200001
      vertex 36.2271 79.5219 0.200001
      vertex 36.236 79.4974 0.200001
    endloop
  endfacet
  facet normal 0 0 1
    outer loop
      vertex 36.3067 80.3082 0.200001
      vertex 36.1571 80.3214 0.200001
      vertex 36.2902 79.9302 0.200001
    endloop
  endfacet
  facet normal 0 0 1
    outer loop
      vertex 36.14 79.9302 0.200001
      vertex 36.2902 79.9302 0.200001
      vertex 36.1571 80.3214 0.200001
    endloop
  endfacet
  facet normal 0 0 1
    outer loop
      vertex 36.2902 79.9302 0.200001
      vertex 36.1423 79.9042 0.200001
      vertex 36.2271 79.5219 0.200001
    endloop
  endfacet
  facet normal 0 0 1
    outer loop
      vertex 36.2902 79.9302 0.200001
      vertex 36.14 79.9302 0.200001
      vertex 36.1423 79.9042 0.200001
    endloop
  endfacet
  facet normal -0.976271 -0.216552 0
    outer loop
      vertex 43.8577 78.0958 0.200001
      vertex 43.7729 78.4781 1
      vertex 43.7729 78.4781 0.200001
    endloop
  endfacet
  facet normal -0.976271 -0.216552 0
    outer loop
      vertex 43.7729 78.4781 1
      vertex 43.8577 78.0958 0.200001
      vertex 43.8577 78.0958 1
    endloop
  endfacet
  facet normal 0.764114 -0.645081 0
    outer loop
      vertex 36.5008 81.0745 1
      vertex 36.5176 81.0944 0.200001
      vertex 36.5176 81.0944 1
    endloop
  endfacet
  facet normal 0.764114 -0.645081 0
    outer loop
      vertex 36.5176 81.0944 0.200001
      vertex 36.5008 81.0745 1
      vertex 36.5008 81.0745 0.200001
    endloop
  endfacet
  facet normal 0.953668 -0.300862 0
    outer loop
      vertex 36.1616 80.3471 1
      vertex 36.2794 80.7205 0.200001
      vertex 36.2794 80.7205 1
    endloop
  endfacet
  facet normal 0.953668 -0.300862 0
    outer loop
      vertex 36.2794 80.7205 0.200001
      vertex 36.1616 80.3471 1
      vertex 36.1616 80.3471 0.200001
    endloop
  endfacet
  facet normal 0.675667 -0.737207 0
    outer loop
      vertex 36.5176 81.0944 0.200001
      vertex 36.8063 81.359 1
      vertex 36.5176 81.0944 1
    endloop
  endfacet
  facet normal 0.675667 -0.737207 0
    outer loop
      vertex 36.8063 81.359 1
      vertex 36.5176 81.0944 0.200001
      vertex 36.8063 81.359 0.200001
    endloop
  endfacet
  facet normal -0.366124 -0.930566 0
    outer loop
      vertex 38.3982 81.5114 0.200001
      vertex 38.4104 81.5066 1
      vertex 38.3982 81.5114 1
    endloop
  endfacet
  facet normal -0.366124 -0.930566 -0
    outer loop
      vertex 38.4104 81.5066 1
      vertex 38.3982 81.5114 0.200001
      vertex 38.4104 81.5066 0.200001
    endloop
  endfacet
  facet normal -0.999046 0.04367 0
    outer loop
      vertex 43.8429 77.6786 0.200001
      vertex 43.86 78.0698 1
      vertex 43.86 78.0698 0.200001
    endloop
  endfacet
  facet normal -0.999046 0.04367 0
    outer loop
      vertex 43.86 78.0698 1
      vertex 43.8429 77.6786 0.200001
      vertex 43.8429 77.6786 1
    endloop
  endfacet
  facet normal -0.0839933 0.996466 0
    outer loop
      vertex 42.4182 76.3515 0.200001
      vertex 42.3921 76.3493 1
      vertex 42.4182 76.3515 1
    endloop
  endfacet
  facet normal -0.0839933 0.996466 0
    outer loop
      vertex 42.3921 76.3493 1
      vertex 42.4182 76.3515 0.200001
      vertex 42.3921 76.3493 0.200001
    endloop
  endfacet
  facet normal 0.461763 -0.887003 0
    outer loop
      vertex 36.8277 81.374 0.200001
      vertex 37.175 81.5548 1
      vertex 36.8277 81.374 1
    endloop
  endfacet
  facet normal 0.461763 -0.887003 0
    outer loop
      vertex 37.175 81.5548 1
      vertex 36.8277 81.374 0.200001
      vertex 37.175 81.5548 0.200001
    endloop
  endfacet
  facet normal -0.675667 0.737207 0
    outer loop
      vertex 43.4824 76.9056 0.200001
      vertex 43.1937 76.641 1
      vertex 43.4824 76.9056 1
    endloop
  endfacet
  facet normal -0.675667 0.737207 0
    outer loop
      vertex 43.1937 76.641 1
      vertex 43.4824 76.9056 0.200001
      vertex 43.1937 76.641 0.200001
    endloop
  endfacet
  facet normal -0.985014 0.172473 0
    outer loop
      vertex 43.8384 77.6529 0.200001
      vertex 43.8429 77.6786 1
      vertex 43.8429 77.6786 0.200001
    endloop
  endfacet
  facet normal -0.985014 0.172473 0
    outer loop
      vertex 43.8429 77.6786 1
      vertex 43.8384 77.6529 0.200001
      vertex 43.8384 77.6529 1
    endloop
  endfacet
  facet normal 0.00114919 -0.00087711 0.999999
    outer loop
      vertex 6.79332 47.2067 0.400001
      vertex 6.87868 47.1213 0.399828
      vertex 6.9796 47.1988 0.39978
    endloop
  endfacet
  facet normal 0.00114648 -0.000879812 0.999999
    outer loop
      vertex 6.79332 47.2067 0.400001
      vertex 6.45638 46.571 0.399828
      vertex 6.87868 47.1213 0.399828
    endloop
  endfacet
  facet normal 0.00114699 -0.000880081 0.999999
    outer loop
      vertex 6.45638 46.571 0.399828
      vertex 6.79332 47.2067 0.400001
      vertex 6.30862 46.575 0.400001
    endloop
  endfacet
  facet normal 0.608757 0.793356 -0
    outer loop
      vertex 7.425 4.30862 0.5
      vertex 6.79332 4.79332 1.6
      vertex 7.425 4.30862 1.6
    endloop
  endfacet
  facet normal 0.608757 0.793356 0
    outer loop
      vertex 6.79332 4.79332 1.6
      vertex 7.425 4.30862 0.5
      vertex 6.79332 4.79332 0.5
    endloop
  endfacet
  facet normal -0.634394 -0.77301 0
    outer loop
      vertex 57.4112 47.0804 0.35
      vertex 58.328 46.328 1.6
      vertex 57.4112 47.0804 1.6
    endloop
  endfacet
  facet normal -0.634394 -0.77301 -0
    outer loop
      vertex 58.328 46.328 1.6
      vertex 57.4112 47.0804 0.35
      vertex 58.328 46.328 0.35
    endloop
  endfacet
  facet normal -0.382678 0.923882 0
    outer loop
      vertex 58.575 4.30862 0.5
      vertex 57.8394 4.00393 1.6
      vertex 58.575 4.30862 1.6
    endloop
  endfacet
  facet normal -0.382678 0.923882 0
    outer loop
      vertex 57.8394 4.00393 1.6
      vertex 58.575 4.30862 0.5
      vertex 57.8394 4.00393 0.5
    endloop
  endfacet
  facet normal 0.00117626 -0.000183736 0.999999
    outer loop
      vertex 6.12518 45.8319 0.399857
      vertex 6.12653 45.8351 0.399856
      vertex 6.00393 45.8394 0.400001
    endloop
  endfacet
  facet normal -0.471398 -0.881921 0
    outer loop
      vertex 56.3652 47.6395 0.35
      vertex 57.4112 47.0804 1.6
      vertex 56.3652 47.6395 1.6
    endloop
  endfacet
  facet normal -0.471398 -0.881921 -0
    outer loop
      vertex 57.4112 47.0804 1.6
      vertex 56.3652 47.6395 0.35
      vertex 57.4112 47.0804 0.35
    endloop
  endfacet
  facet normal 0.00119 -0 0.999999
    outer loop
      vertex 6 7.03035 0.399882
      vertex 6 7.03337 0.399882
      vertex 5.9 6.95 0.400001
    endloop
  endfacet
  facet normal -1 0 0
    outer loop
      vertex 60.1 6.95 0.400001
      vertex 60.1 42.05 1.6
      vertex 60.1 42.05 0.35
    endloop
  endfacet
  facet normal -1 -0 0
    outer loop
      vertex 60.1 42.05 1.6
      vertex 60.1 6.95 0.400001
      vertex 60.1 6.95 1.6
    endloop
  endfacet
  facet normal -0.00191523 0.00147078 0.999997
    outer loop
      vertex 59.5981 5.5 0.399712
      vertex 59.6914 5.425 0.400001
      vertex 59.6861 5.7125 0.399568
    endloop
  endfacet
  facet normal -0.00191584 0.00147001 0.999997
    outer loop
      vertex 59.5981 5.5 0.399712
      vertex 59.3653 5 0.400001
      vertex 59.6914 5.425 0.400001
    endloop
  endfacet
  facet normal -0.00191517 0.0014697 0.999997
    outer loop
      vertex 59.3653 5 0.400001
      vertex 59.5981 5.5 0.399712
      vertex 59.2144 5 0.399712
    endloop
  endfacet
  facet normal 0.000824106 0.000451258 1
    outer loop
      vertex 6.10046 6.23694 0.399887
      vertex 6.10008 6.23985 0.399886
      vertex 6.00393 6.1606 0.400001
    endloop
  endfacet
  facet normal -0.0144631 0.00142452 0.999894
    outer loop
      vertex 60 36.1283 0.35699
      vertex 60.1 42.05 0.35
      vertex 60 41.0347 0.35
    endloop
  endfacet
  facet normal -0.0144549 0.00142438 0.999895
    outer loop
      vertex 60.1 42.05 0.35
      vertex 60 36.1283 0.35699
      vertex 60.1 6.95 0.400001
    endloop
  endfacet
  facet normal 0.00116037 -0.000489829 0.999999
    outer loop
      vertex 6.30862 46.575 0.400001
      vertex 6.40192 46.5 0.399856
      vertex 6.45364 46.5674 0.399829
    endloop
  endfacet
  facet normal 0.00116593 -0.00048291 0.999999
    outer loop
      vertex 6.30862 46.575 0.400001
      vertex 6.12653 45.8351 0.399856
      vertex 6.40192 46.5 0.399856
    endloop
  endfacet
  facet normal 0.00116577 -0.00048287 0.999999
    outer loop
      vertex 6.12653 45.8351 0.399856
      vertex 6.30862 46.575 0.400001
      vertex 6.00393 45.8394 0.400001
    endloop
  endfacet
  facet normal 0.00113999 -0.00120313 0.999999
    outer loop
      vertex 6.98482 47.2028 0.399778
      vertex 6.98918 47.2061 0.399777
      vertex 6.79332 47.2067 0.400001
    endloop
  endfacet
  facet normal -0.881921 -0.471398 0
    outer loop
      vertex 59.6395 44.3652 0.35
      vertex 59.0804 45.4112 1.6
      vertex 59.0804 45.4112 0.35
    endloop
  endfacet
  facet normal -0.881921 -0.471398 0
    outer loop
      vertex 59.0804 45.4112 1.6
      vertex 59.6395 44.3652 0.35
      vertex 59.6395 44.3652 1.6
    endloop
  endfacet
  facet normal -0.0980594 -0.995181 0
    outer loop
      vertex 54.05 48.1 0.35
      vertex 55.2303 47.9837 1.6
      vertex 54.05 48.1 1.6
    endloop
  endfacet
  facet normal -0.0980594 -0.995181 -0
    outer loop
      vertex 55.2303 47.9837 1.6
      vertex 54.05 48.1 0.35
      vertex 55.2303 47.9837 0.35
    endloop
  endfacet
  facet normal 0.382688 -0.923878 0
    outer loop
      vertex 7.425 47.6914 0.400001
      vertex 8.1606 47.9961 1.6
      vertex 7.425 47.6914 1.6
    endloop
  endfacet
  facet normal 0.382688 -0.923878 0
    outer loop
      vertex 8.1606 47.9961 1.6
      vertex 7.425 47.6914 0.400001
      vertex 8.1606 47.9961 0.400001
    endloop
  endfacet
  facet normal 0 1 -0
    outer loop
      vertex 57.05 3.9 0.5
      vertex 8.95 3.9 1.6
      vertex 57.05 3.9 1.6
    endloop
  endfacet
  facet normal 0 1 0
    outer loop
      vertex 8.95 3.9 1.6
      vertex 57.05 3.9 0.5
      vertex 8.95 3.9 0.5
    endloop
  endfacet
  facet normal -0.77301 -0.634394 0
    outer loop
      vertex 59.0804 45.4112 0.35
      vertex 58.328 46.328 1.6
      vertex 58.328 46.328 0.35
    endloop
  endfacet
  facet normal -0.77301 -0.634394 0
    outer loop
      vertex 58.328 46.328 1.6
      vertex 59.0804 45.4112 0.35
      vertex 59.0804 45.4112 1.6
    endloop
  endfacet
  facet normal -0.956956 -0.290232 0
    outer loop
      vertex 59.9837 43.2303 0.35
      vertex 59.6395 44.3652 1.6
      vertex 59.6395 44.3652 0.35
    endloop
  endfacet
  facet normal -0.956956 -0.290232 0
    outer loop
      vertex 59.6395 44.3652 1.6
      vertex 59.9837 43.2303 0.35
      vertex 59.9837 43.2303 1.6
    endloop
  endfacet
  facet normal 0.001182 -0.000158959 0.999999
    outer loop
      vertex 6.00559 45.0425 0.399875
      vertex 6.00598 45.0454 0.399875
      vertex 5.9 45.05 0.400001
    endloop
  endfacet
  facet normal 0.00119384 7.68075e-06 0.999999
    outer loop
      vertex 5.9 45.05 0.400001
      vertex 6 45 0.399882
      vertex 6.00559 45.0425 0.399875
    endloop
  endfacet
  facet normal 0.00119 0 0.999999
    outer loop
      vertex 5.9 45.05 0.400001
      vertex 6 7.03337 0.399882
      vertex 6 45 0.399882
    endloop
  endfacet
  facet normal 0.00119 0 0.999999
    outer loop
      vertex 6 7.03337 0.399882
      vertex 5.9 45.05 0.400001
      vertex 5.9 6.95 0.400001
    endloop
  endfacet
  facet normal 0.00111806 -0.00362039 0.999993
    outer loop
      vertex 8.9228 47.9898 0.399126
      vertex 8.96849 47.9959 0.399097
      vertex 8.1606 47.9961 0.400001
    endloop
  endfacet
  facet normal 0.923882 -0.382678 0
    outer loop
      vertex 6.00393 45.8394 1.6
      vertex 6.30862 46.575 0.400001
      vertex 6.30862 46.575 1.6
    endloop
  endfacet
  facet normal 0.923882 -0.382678 0
    outer loop
      vertex 6.30862 46.575 0.400001
      vertex 6.00393 45.8394 1.6
      vertex 6.00393 45.8394 0.400001
    endloop
  endfacet
  facet normal -0.290232 -0.956956 0
    outer loop
      vertex 55.2303 47.9837 0.35
      vertex 56.3652 47.6395 1.6
      vertex 55.2303 47.9837 1.6
    endloop
  endfacet
  facet normal -0.290232 -0.956956 -0
    outer loop
      vertex 56.3652 47.6395 1.6
      vertex 55.2303 47.9837 0.35
      vertex 56.3652 47.6395 0.35
    endloop
  endfacet
  facet normal 0.00112596 -0.00221351 0.999997
    outer loop
      vertex 7.71535 47.6873 0.399665
      vertex 7.7244 47.691 0.399663
      vertex 7.425 47.6914 0.400001
    endloop
  endfacet
  facet normal -0.00350551 0.00145226 0.999993
    outer loop
      vertex 59.8978 6.22354 0.399565
      vertex 59.9961 6.1606 0.400001
      vertex 59.9881 6.90974 0.398885
    endloop
  endfacet
  facet normal -0.00350545 0.00145236 0.999993
    outer loop
      vertex 59.6909 5.72416 0.399565
      vertex 59.9961 6.1606 0.400001
      vertex 59.8978 6.22354 0.399565
    endloop
  endfacet
  facet normal -0.00350429 0.00145155 0.999993
    outer loop
      vertex 59.9961 6.1606 0.400001
      vertex 59.6909 5.72416 0.399565
      vertex 59.6914 5.425 0.400001
    endloop
  endfacet
  facet normal 0.991444 0.130531 0
    outer loop
      vertex 6.00393 6.1606 1.6
      vertex 5.9 6.95 0.400001
      vertex 5.9 6.95 1.6
    endloop
  endfacet
  facet normal 0.991444 0.130531 0
    outer loop
      vertex 5.9 6.95 0.400001
      vertex 6.00393 6.1606 1.6
      vertex 6.00393 6.1606 0.400001
    endloop
  endfacet
  facet normal 0.00114426 -0.000993261 0.999999
    outer loop
      vertex 6.9796 47.1988 0.39978
      vertex 6.98482 47.2028 0.399778
      vertex 6.79332 47.2067 0.400001
    endloop
  endfacet
  facet normal 0.382678 0.923882 -0
    outer loop
      vertex 8.1606 4.00393 0.5
      vertex 7.425 4.30862 1.6
      vertex 8.1606 4.00393 1.6
    endloop
  endfacet
  facet normal 0.382678 0.923882 0
    outer loop
      vertex 7.425 4.30862 1.6
      vertex 8.1606 4.00393 0.5
      vertex 7.425 4.30862 0.5
    endloop
  endfacet
  facet normal -0.608745 0.793366 0
    outer loop
      vertex 59.2067 4.79332 0.5
      vertex 58.575 4.30862 1.6
      vertex 59.2067 4.79332 1.6
    endloop
  endfacet
  facet normal -0.608745 0.793366 0
    outer loop
      vertex 58.575 4.30862 1.6
      vertex 59.2067 4.79332 0.5
      vertex 58.575 4.30862 0.5
    endloop
  endfacet
  facet normal 0 0 -1
    outer loop
      vertex 57.05 3.9 1.6
      vertex 60.1 6.95 1.6
      vertex 59.9961 6.1606 1.6
    endloop
  endfacet
  facet normal 0 0 -1
    outer loop
      vertex 60.1 6.95 1.6
      vertex 54 10 1.6
      vertex 60.1 42.05 1.6
    endloop
  endfacet
  facet normal 0 0 -1
    outer loop
      vertex 57.05 3.9 1.6
      vertex 59.9961 6.1606 1.6
      vertex 59.6914 5.425 1.6
    endloop
  endfacet
  facet normal 0 0 -1
    outer loop
      vertex 54 42 1.6
      vertex 60.1 42.05 1.6
      vertex 54 10 1.6
    endloop
  endfacet
  facet normal 0 0 -1
    outer loop
      vertex 57.05 3.9 1.6
      vertex 59.6914 5.425 1.6
      vertex 59.2067 4.79332 1.6
    endloop
  endfacet
  facet normal -0 0 -1
    outer loop
      vertex 60.1 42.05 1.6
      vertex 54 42 1.6
      vertex 59.9837 43.2303 1.6
    endloop
  endfacet
  facet normal 0 0 -1
    outer loop
      vertex 57.05 3.9 1.6
      vertex 59.2067 4.79332 1.6
      vertex 58.575 4.30862 1.6
    endloop
  endfacet
  facet normal -0 0 -1
    outer loop
      vertex 59.9837 43.2303 1.6
      vertex 54 42 1.6
      vertex 59.6395 44.3652 1.6
    endloop
  endfacet
  facet normal 0 0 -1
    outer loop
      vertex 57.05 3.9 1.6
      vertex 58.575 4.30862 1.6
      vertex 57.8394 4.00393 1.6
    endloop
  endfacet
  facet normal -0 0 -1
    outer loop
      vertex 59.6395 44.3652 1.6
      vertex 54 42 1.6
      vertex 59.0804 45.4112 1.6
    endloop
  endfacet
  facet normal -0 0 -1
    outer loop
      vertex 60.1 6.95 1.6
      vertex 57.05 3.9 1.6
      vertex 54 10 1.6
    endloop
  endfacet
  facet normal -0 0 -1
    outer loop
      vertex 59.0804 45.4112 1.6
      vertex 54 42 1.6
      vertex 58.328 46.328 1.6
    endloop
  endfacet
  facet normal -0 0 -1
    outer loop
      vertex 57.4112 47.0804 1.6
      vertex 54 42 1.6
      vertex 56.3652 47.6395 1.6
    endloop
  endfacet
  facet normal -0 0 -1
    outer loop
      vertex 56.3652 47.6395 1.6
      vertex 54 42 1.6
      vertex 55.2303 47.9837 1.6
    endloop
  endfacet
  facet normal -0 0 -1
    outer loop
      vertex 58.328 46.328 1.6
      vertex 54 42 1.6
      vertex 57.4112 47.0804 1.6
    endloop
  endfacet
  facet normal 0 0 -1
    outer loop
      vertex 57.05 3.9 1.6
      vertex 12 10 1.6
      vertex 54 10 1.6
    endloop
  endfacet
  facet normal 0 0 -1
    outer loop
      vertex 5.9 6.95 1.6
      vertex 12 10 1.6
      vertex 8.95 3.9 1.6
    endloop
  endfacet
  facet normal 0 0 -1
    outer loop
      vertex 8.95 3.9 1.6
      vertex 12 10 1.6
      vertex 57.05 3.9 1.6
    endloop
  endfacet
  facet normal -0 0 -1
    outer loop
      vertex 55.2303 47.9837 1.6
      vertex 54 42 1.6
      vertex 54.05 48.1 1.6
    endloop
  endfacet
  facet normal 0 0 -1
    outer loop
      vertex 12 42 1.6
      vertex 54.05 48.1 1.6
      vertex 54 42 1.6
    endloop
  endfacet
  facet normal 0 0 -1
    outer loop
      vertex 12 42 1.6
      vertex 8.95 48.1 1.6
      vertex 54.05 48.1 1.6
    endloop
  endfacet
  facet normal -0 0 -1
    outer loop
      vertex 12 10 1.6
      vertex 5.9 6.95 1.6
      vertex 12 42 1.6
    endloop
  endfacet
  facet normal 0 0 -1
    outer loop
      vertex 5.9 6.95 1.6
      vertex 8.95 3.9 1.6
      vertex 8.1606 4.00393 1.6
    endloop
  endfacet
  facet normal 0 0 -1
    outer loop
      vertex 5.9 45.05 1.6
      vertex 12 42 1.6
      vertex 5.9 6.95 1.6
    endloop
  endfacet
  facet normal 0 0 -1
    outer loop
      vertex 5.9 6.95 1.6
      vertex 8.1606 4.00393 1.6
      vertex 7.425 4.30862 1.6
    endloop
  endfacet
  facet normal 0 0 -1
    outer loop
      vertex 12 42 1.6
      vertex 5.9 45.05 1.6
      vertex 8.95 48.1 1.6
    endloop
  endfacet
  facet normal 0 0 -1
    outer loop
      vertex 5.9 6.95 1.6
      vertex 7.425 4.30862 1.6
      vertex 6.79332 4.79332 1.6
    endloop
  endfacet
  facet normal 0 0 -1
    outer loop
      vertex 8.95 48.1 1.6
      vertex 5.9 45.05 1.6
      vertex 8.1606 47.9961 1.6
    endloop
  endfacet
  facet normal 0 0 -1
    outer loop
      vertex 5.9 6.95 1.6
      vertex 6.79332 4.79332 1.6
      vertex 6.30862 5.425 1.6
    endloop
  endfacet
  facet normal 0 0 -1
    outer loop
      vertex 8.1606 47.9961 1.6
      vertex 5.9 45.05 1.6
      vertex 7.425 47.6914 1.6
    endloop
  endfacet
  facet normal 0 0 -1
    outer loop
      vertex 5.9 6.95 1.6
      vertex 6.30862 5.425 1.6
      vertex 6.00393 6.1606 1.6
    endloop
  endfacet
  facet normal 0 0 -1
    outer loop
      vertex 7.425 47.6914 1.6
      vertex 5.9 45.05 1.6
      vertex 6.79332 47.2067 1.6
    endloop
  endfacet
  facet normal 0 0 -1
    outer loop
      vertex 6.79332 47.2067 1.6
      vertex 5.9 45.05 1.6
      vertex 6.30862 46.575 1.6
    endloop
  endfacet
  facet normal 0 0 -1
    outer loop
      vertex 6.30862 46.575 1.6
      vertex 5.9 45.05 1.6
      vertex 6.00393 45.8394 1.6
    endloop
  endfacet
  facet normal 1 -0 0
    outer loop
      vertex 5.9 6.95 1.6
      vertex 5.9 45.05 0.400001
      vertex 5.9 45.05 1.6
    endloop
  endfacet
  facet normal 1 0 0
    outer loop
      vertex 5.9 45.05 0.400001
      vertex 5.9 6.95 1.6
      vertex 5.9 6.95 0.400001
    endloop
  endfacet
  facet normal 0.793366 -0.608745 0
    outer loop
      vertex 6.30862 46.575 1.6
      vertex 6.79332 47.2067 0.400001
      vertex 6.79332 47.2067 1.6
    endloop
  endfacet
  facet normal 0.793366 -0.608745 0
    outer loop
      vertex 6.79332 47.2067 0.400001
      vertex 6.30862 46.575 1.6
      vertex 6.30862 46.575 0.400001
    endloop
  endfacet
  facet normal -0.0029035 0.00145255 0.999995
    outer loop
      vertex 59.6914 5.425 0.400001
      vertex 59.6909 5.72416 0.399565
      vertex 59.6861 5.7125 0.399568
    endloop
  endfacet
  facet normal 0.608757 -0.793356 0
    outer loop
      vertex 6.79332 47.2067 0.400001
      vertex 7.425 47.6914 1.6
      vertex 6.79332 47.2067 1.6
    endloop
  endfacet
  facet normal 0.608757 -0.793356 0
    outer loop
      vertex 7.425 47.6914 1.6
      vertex 6.79332 47.2067 0.400001
      vertex 7.425 47.6914 0.400001
    endloop
  endfacet
  facet normal -0.991449 0.130493 0
    outer loop
      vertex 59.9961 6.1606 0.400001
      vertex 60.1 6.95 1.6
      vertex 60.1 6.95 0.400001
    endloop
  endfacet
  facet normal -0.991449 0.130493 0
    outer loop
      vertex 60.1 6.95 1.6
      vertex 59.9961 6.1606 0.400001
      vertex 59.9961 6.1606 1.6
    endloop
  endfacet
  facet normal -0.130531 0.991444 0
    outer loop
      vertex 57.8394 4.00393 0.5
      vertex 57.05 3.9 1.6
      vertex 57.8394 4.00393 1.6
    endloop
  endfacet
  facet normal -0.130531 0.991444 0
    outer loop
      vertex 57.05 3.9 1.6
      vertex 57.8394 4.00393 0.5
      vertex 57.05 3.9 0.5
    endloop
  endfacet
  facet normal 0.00112552 -0.00271778 0.999996
    outer loop
      vertex 8.1606 47.9961 0.400001
      vertex 8.22354 47.8978 0.399663
      vertex 8.9228 47.9898 0.399126
    endloop
  endfacet
  facet normal 0.00112591 -0.00271754 0.999996
    outer loop
      vertex 8.1606 47.9961 0.400001
      vertex 7.7244 47.691 0.399663
      vertex 8.22354 47.8978 0.399663
    endloop
  endfacet
  facet normal 0.00112529 -0.00271665 0.999996
    outer loop
      vertex 7.7244 47.691 0.399663
      vertex 8.1606 47.9961 0.400001
      vertex 7.425 47.6914 0.400001
    endloop
  endfacet
  facet normal 0.00115455 -0.000600962 0.999999
    outer loop
      vertex 6.45364 46.5674 0.399829
      vertex 6.45638 46.571 0.399828
      vertex 6.30862 46.575 0.400001
    endloop
  endfacet
  facet normal 0.0010841 0.000131796 0.999999
    outer loop
      vertex 6 7.03035 0.399882
      vertex 5.9 6.95 0.400001
      vertex 6 7 0.399886
    endloop
  endfacet
  facet normal 0.00107897 0.000142055 0.999999
    outer loop
      vertex 5.9 6.95 0.400001
      vertex 6.10008 6.23985 0.399886
      vertex 6 7 0.399886
    endloop
  endfacet
  facet normal 0.00107896 0.000142053 0.999999
    outer loop
      vertex 6.10008 6.23985 0.399886
      vertex 5.9 6.95 0.400001
      vertex 6.00393 6.1606 0.400001
    endloop
  endfacet
  facet normal 0 -1 0
    outer loop
      vertex 8.95 48.1 0.400001
      vertex 54.05 48.1 1.6
      vertex 8.95 48.1 1.6
    endloop
  endfacet
  facet normal 0 -1 -0
    outer loop
      vertex 54.05 48.1 1.6
      vertex 8.95 48.1 0.400001
      vertex 54.05 48.1 0.35
    endloop
  endfacet
  facet normal 0.00111597 -0.00848168 0.999963
    outer loop
      vertex 8.95 48.1 0.400001
      vertex 9 48 0.399097
      vertex 46.7308 48 0.356989
    endloop
  endfacet
  facet normal 0.00110437 -0.00848748 0.999963
    outer loop
      vertex 8.95 48.1 0.400001
      vertex 8.96849 47.9959 0.399097
      vertex 9 48 0.399097
    endloop
  endfacet
  facet normal 0.00111682 -0.00848527 0.999963
    outer loop
      vertex 8.96849 47.9959 0.399097
      vertex 8.95 48.1 0.400001
      vertex 8.1606 47.9961 0.400001
    endloop
  endfacet
  facet normal 0.130493 -0.991449 0
    outer loop
      vertex 8.1606 47.9961 0.400001
      vertex 8.95 48.1 1.6
      vertex 8.1606 47.9961 1.6
    endloop
  endfacet
  facet normal 0.130493 -0.991449 0
    outer loop
      vertex 8.95 48.1 1.6
      vertex 8.1606 47.9961 0.400001
      vertex 8.95 48.1 0.400001
    endloop
  endfacet
  facet normal 0.000892563 0.000369717 1
    outer loop
      vertex 6.00393 6.1606 0.400001
      vertex 6.40163 5.50071 0.39989
      vertex 6.10222 6.22354 0.39989
    endloop
  endfacet
  facet normal 0.000892501 0.000369679 1
    outer loop
      vertex 6.40163 5.50071 0.39989
      vertex 6.00393 6.1606 0.400001
      vertex 6.30862 5.425 0.400001
    endloop
  endfacet
  facet normal 0.000909458 0.000343332 1
    outer loop
      vertex 6.00393 6.1606 0.400001
      vertex 6.10222 6.22354 0.39989
      vertex 6.10046 6.23694 0.399887
    endloop
  endfacet
  facet normal 0.000733409 0.000567639 1
    outer loop
      vertex 6.40192 5.5 0.39989
      vertex 6.30862 5.425 0.400001
      vertex 6.40305 5.49854 0.39989
    endloop
  endfacet
  facet normal 0.000895639 0.000365824 1
    outer loop
      vertex 6.30862 5.425 0.400001
      vertex 6.40192 5.5 0.39989
      vertex 6.40163 5.50071 0.39989
    endloop
  endfacet
  facet normal 0.00073583 0.000564617 1
    outer loop
      vertex 6.40305 5.49854 0.39989
      vertex 6.63474 5 0.400001
      vertex 6.78559 5 0.39989
    endloop
  endfacet
  facet normal 0.00073578 0.000564594 1
    outer loop
      vertex 6.63474 5 0.400001
      vertex 6.40305 5.49854 0.39989
      vertex 6.30862 5.425 0.400001
    endloop
  endfacet
  facet normal 0.991444 -0.130531 0
    outer loop
      vertex 5.9 45.05 1.6
      vertex 6.00393 45.8394 0.400001
      vertex 6.00393 45.8394 1.6
    endloop
  endfacet
  facet normal 0.991444 -0.130531 0
    outer loop
      vertex 6.00393 45.8394 0.400001
      vertex 5.9 45.05 1.6
      vertex 5.9 45.05 0.400001
    endloop
  endfacet
  facet normal 0.00110861 -0.0112557 0.999936
    outer loop
      vertex 54.05 48.1 0.35
      vertex 46.7308 48 0.356989
      vertex 53.0347 48 0.35
    endloop
  endfacet
  facet normal 0.0011086 -0.011255 0.999936
    outer loop
      vertex 46.7308 48 0.356989
      vertex 54.05 48.1 0.35
      vertex 8.95 48.1 0.400001
    endloop
  endfacet
  facet normal 0.00117754 -0.00016311 0.999999
    outer loop
      vertex 6.00393 45.8394 0.400001
      vertex 6.10222 45.7765 0.399875
      vertex 6.12518 45.8319 0.399857
    endloop
  endfacet
  facet normal 0.00118231 -0.000155659 0.999999
    outer loop
      vertex 5.9 45.05 0.400001
      vertex 6.10222 45.7765 0.399875
      vertex 6.00393 45.8394 0.400001
    endloop
  endfacet
  facet normal 0.00118215 -0.000155615 0.999999
    outer loop
      vertex 6.10222 45.7765 0.399875
      vertex 5.9 45.05 0.400001
      vertex 6.00598 45.0454 0.399875
    endloop
  endfacet
  facet normal 0.00113622 -0.0014875 0.999998
    outer loop
      vertex 7.425 47.6914 0.400001
      vertex 7.5 47.5981 0.399777
      vertex 7.71535 47.6873 0.399665
    endloop
  endfacet
  facet normal 0.00113948 -0.00148487 0.999998
    outer loop
      vertex 7.425 47.6914 0.400001
      vertex 6.98918 47.2061 0.399777
      vertex 7.5 47.5981 0.399777
    endloop
  endfacet
  facet normal 0.00113912 -0.00148455 0.999998
    outer loop
      vertex 6.98918 47.2061 0.399777
      vertex 7.425 47.6914 0.400001
      vertex 6.79332 47.2067 0.400001
    endloop
  endfacet
  facet normal -0.995181 -0.0980594 0
    outer loop
      vertex 60.1 42.05 0.35
      vertex 59.9837 43.2303 1.6
      vertex 59.9837 43.2303 0.35
    endloop
  endfacet
  facet normal -0.995181 -0.0980594 0
    outer loop
      vertex 59.9837 43.2303 1.6
      vertex 60.1 42.05 0.35
      vertex 60.1 42.05 1.6
    endloop
  endfacet
  facet normal 0.923882 0.382678 0
    outer loop
      vertex 6.30862 5.425 1.6
      vertex 6.00393 6.1606 0.400001
      vertex 6.00393 6.1606 1.6
    endloop
  endfacet
  facet normal 0.923882 0.382678 0
    outer loop
      vertex 6.00393 6.1606 0.400001
      vertex 6.30862 5.425 1.6
      vertex 6.30862 5.425 0.400001
    endloop
  endfacet
  facet normal -0 0 1
    outer loop
      vertex 59.8847 43.1705 0.35
      vertex 60.1 42.05 0.35
      vertex 59.9837 43.2303 0.35
    endloop
  endfacet
  facet normal 0 0 1
    outer loop
      vertex 60.1 42.05 0.35
      vertex 59.8847 43.1705 0.35
      vertex 60 42 0.35
    endloop
  endfacet
  facet normal -0 0 1
    outer loop
      vertex 59.5433 44.2961 0.35
      vertex 59.9837 43.2303 0.35
      vertex 59.6395 44.3652 0.35
    endloop
  endfacet
  facet normal 0 0 1
    outer loop
      vertex 59.9837 43.2303 0.35
      vertex 59.5433 44.2961 0.35
      vertex 59.8847 43.1705 0.35
    endloop
  endfacet
  facet normal -0 0 1
    outer loop
      vertex 58.9888 45.3334 0.35
      vertex 59.6395 44.3652 0.35
      vertex 59.0804 45.4112 0.35
    endloop
  endfacet
  facet normal 0 0 1
    outer loop
      vertex 59.6395 44.3652 0.35
      vertex 58.9888 45.3334 0.35
      vertex 59.5433 44.2961 0.35
    endloop
  endfacet
  facet normal -0 0 1
    outer loop
      vertex 58.2426 46.2426 0.35
      vertex 59.0804 45.4112 0.35
      vertex 58.328 46.328 0.35
    endloop
  endfacet
  facet normal 0 0 1
    outer loop
      vertex 59.0804 45.4112 0.35
      vertex 58.2426 46.2426 0.35
      vertex 58.9888 45.3334 0.35
    endloop
  endfacet
  facet normal 0 0 1
    outer loop
      vertex 57.4112 47.0804 0.35
      vertex 58.2426 46.2426 0.35
      vertex 58.328 46.328 0.35
    endloop
  endfacet
  facet normal 0 0 1
    outer loop
      vertex 57.4112 47.0804 0.35
      vertex 57.3334 46.9888 0.35
      vertex 58.2426 46.2426 0.35
    endloop
  endfacet
  facet normal 0 0 1
    outer loop
      vertex 56.3652 47.6395 0.35
      vertex 57.3334 46.9888 0.35
      vertex 57.4112 47.0804 0.35
    endloop
  endfacet
  facet normal 0 0 1
    outer loop
      vertex 56.3652 47.6395 0.35
      vertex 56.2961 47.5433 0.35
      vertex 57.3334 46.9888 0.35
    endloop
  endfacet
  facet normal 0 0 1
    outer loop
      vertex 55.2303 47.9837 0.35
      vertex 56.2961 47.5433 0.35
      vertex 56.3652 47.6395 0.35
    endloop
  endfacet
  facet normal 0 0 1
    outer loop
      vertex 55.2303 47.9837 0.35
      vertex 55.1705 47.8847 0.35
      vertex 56.2961 47.5433 0.35
    endloop
  endfacet
  facet normal 0 0 1
    outer loop
      vertex 54.05 48.1 0.35
      vertex 55.1705 47.8847 0.35
      vertex 55.2303 47.9837 0.35
    endloop
  endfacet
  facet normal 0 0 1
    outer loop
      vertex 54.05 48.1 0.35
      vertex 54 48 0.35
      vertex 55.1705 47.8847 0.35
    endloop
  endfacet
  facet normal 0 -0 1
    outer loop
      vertex 54 48 0.35
      vertex 54.05 48.1 0.35
      vertex 53.0347 48 0.35
    endloop
  endfacet
  facet normal 0 0 1
    outer loop
      vertex 60.1 42.05 0.35
      vertex 60 42 0.35
      vertex 60 41.0347 0.35
    endloop
  endfacet
  facet normal 0.793348 0.608769 0
    outer loop
      vertex 6.30862 5.425 1.6
      vertex 6.63474 5 0.5
      vertex 6.30862 5.425 0.400001
    endloop
  endfacet
  facet normal 0.793356 0.608757 6.82961e-06
    outer loop
      vertex 6.79332 4.79332 1.6
      vertex 6.63474 5 0.5
      vertex 6.30862 5.425 1.6
    endloop
  endfacet
  facet normal 0.793374 0.608735 0
    outer loop
      vertex 6.63474 5 0.5
      vertex 6.79332 4.79332 1.6
      vertex 6.79332 4.79332 0.5
    endloop
  endfacet
  facet normal 0.793348 0.608769 0
    outer loop
      vertex 6.30862 5.425 0.400001
      vertex 6.63474 5 0.5
      vertex 6.63474 5 0.400001
    endloop
  endfacet
  facet normal -0.010921 0.00143656 0.999939
    outer loop
      vertex 60 7 0.398837
      vertex 60.1 6.95 0.400001
      vertex 60 36.1283 0.35699
    endloop
  endfacet
  facet normal -0.0109225 0.00143358 0.999939
    outer loop
      vertex 59.9958 6.968 0.398837
      vertex 60.1 6.95 0.400001
      vertex 60 7 0.398837
    endloop
  endfacet
  facet normal -0.0109218 0.00143752 0.999939
    outer loop
      vertex 60.1 6.95 0.400001
      vertex 59.9958 6.968 0.398837
      vertex 59.9961 6.1606 0.400001
    endloop
  endfacet
  facet normal -0.00466105 0.00143992 0.999988
    outer loop
      vertex 59.9961 6.1606 0.400001
      vertex 59.9958 6.968 0.398837
      vertex 59.9881 6.90974 0.398885
    endloop
  endfacet
  facet normal 0.130531 0.991444 -0
    outer loop
      vertex 8.95 3.9 0.5
      vertex 8.1606 4.00393 1.6
      vertex 8.95 3.9 1.6
    endloop
  endfacet
  facet normal 0.130531 0.991444 0
    outer loop
      vertex 8.1606 4.00393 1.6
      vertex 8.95 3.9 0.5
      vertex 8.1606 4.00393 0.5
    endloop
  endfacet
  facet normal -0.923878 0.382688 0
    outer loop
      vertex 59.6914 5.425 0.400001
      vertex 59.9961 6.1606 1.6
      vertex 59.9961 6.1606 0.400001
    endloop
  endfacet
  facet normal -0.923878 0.382688 0
    outer loop
      vertex 59.9961 6.1606 1.6
      vertex 59.6914 5.425 0.400001
      vertex 59.6914 5.425 1.6
    endloop
  endfacet
  facet normal -0.793366 0.608745 0
    outer loop
      vertex 59.3653 5 0.5
      vertex 59.6914 5.425 0.400001
      vertex 59.3653 5 0.400001
    endloop
  endfacet
  facet normal -0.793366 0.608745 0
    outer loop
      vertex 59.6914 5.425 0.400001
      vertex 59.3653 5 0.5
      vertex 59.6914 5.425 1.6
    endloop
  endfacet
  facet normal -0.793337 0.608783 0
    outer loop
      vertex 59.2067 4.79332 1.6
      vertex 59.3653 5 0.5
      vertex 59.2067 4.79332 0.5
    endloop
  endfacet
  facet normal -0.793356 0.608757 -7.59505e-06
    outer loop
      vertex 59.3653 5 0.5
      vertex 59.2067 4.79332 1.6
      vertex 59.6914 5.425 1.6
    endloop
  endfacet
  facet normal 0.995185 0.0980158 0
    outer loop
      vertex 2.5 8 9.99
      vertex 2.59849 7 4
      vertex 2.5 8 2.49
    endloop
  endfacet
  facet normal 0.995185 0.098016 -3.56127e-08
    outer loop
      vertex 2.60568 6.927 9.99
      vertex 2.59849 7 4
      vertex 2.5 8 9.99
    endloop
  endfacet
  facet normal 0.995185 0.0980189 0
    outer loop
      vertex 2.59849 7 4
      vertex 2.60568 6.927 9.99
      vertex 2.60568 6.927 4
    endloop
  endfacet
  facet normal 0.995185 0.0980158 -0
    outer loop
      vertex 2.59849 7 2.5
      vertex 2.5 8 2.49
      vertex 2.59849 7 4
    endloop
  endfacet
  facet normal 0.995185 0.0980189 -0
    outer loop
      vertex 2.60568 6.927 2.49
      vertex 2.59849 7 2.5
      vertex 2.60568 6.927 2.5
    endloop
  endfacet
  facet normal 0.995185 0.098016 2.1332e-05
    outer loop
      vertex 2.59849 7 2.5
      vertex 2.60568 6.927 2.49
      vertex 2.5 8 2.49
    endloop
  endfacet
  facet normal -0.831493 -0.555536 0
    outer loop
      vertex 62.2272 89.75 2.49
      vertex 61.5369 90.7832 9.99
      vertex 61.5369 90.7832 2.49
    endloop
  endfacet
  facet normal -0.831493 -0.555536 0
    outer loop
      vertex 61.5369 90.7832 9.99
      vertex 62.2272 89.75 2.49
      vertex 62.2272 89.75 9.99
    endloop
  endfacet
  facet normal -0.956935 0.290301 0
    outer loop
      vertex 63.0813 5.89524 2.49
      vertex 63.3943 6.927 2.5
      vertex 63.3943 6.927 2.49
    endloop
  endfacet
  facet normal -0.956935 0.290301 0
    outer loop
      vertex 63.3943 6.927 2.5
      vertex 63.0813 5.89524 2.49
      vertex 63.0813 5.89524 2.5
    endloop
  endfacet
  facet normal -0.956935 0.290301 0
    outer loop
      vertex 63.0813 5.89524 4
      vertex 63.3943 6.927 9.99
      vertex 63.3943 6.927 4
    endloop
  endfacet
  facet normal -0.956935 0.290301 0
    outer loop
      vertex 63.3943 6.927 9.99
      vertex 63.0813 5.89524 4
      vertex 63.0813 5.89524 9.99
    endloop
  endfacet
  facet normal 0.098016 0.995185 -0
    outer loop
      vertex 8 2.5 2.49
      vertex 6.927 2.60568 9.99
      vertex 8 2.5 9.99
    endloop
  endfacet
  facet normal 0.098016 0.995185 0
    outer loop
      vertex 6.927 2.60568 9.99
      vertex 8 2.5 2.49
      vertex 6.927 2.60568 2.49
    endloop
  endfacet
  facet normal 0 -1 0
    outer loop
      vertex 8 94.5 2.49
      vertex 54 94.5 9.99
      vertex 8 94.5 9.99
    endloop
  endfacet
  facet normal 0 -1 -0
    outer loop
      vertex 54 94.5 9.99
      vertex 8 94.5 2.49
      vertex 54 94.5 2.49
    endloop
  endfacet
  facet normal -1 0 0
    outer loop
      vertex 63.5 47 4
      vertex 63.5 85 2.49
      vertex 63.5 47 2.5
    endloop
  endfacet
  facet normal -1 0 0
    outer loop
      vertex 63.5 85 2.49
      vertex 63.5 45 2.5
      vertex 63.5 47 2.5
    endloop
  endfacet
  facet normal -1 -0 0
    outer loop
      vertex 63.5 45 2.5
      vertex 63.5 8 2.49
      vertex 63.5 45 4
    endloop
  endfacet
  facet normal -1 0 0
    outer loop
      vertex 63.5 8 2.49
      vertex 63.5 45 2.5
      vertex 63.5 85 2.49
    endloop
  endfacet
  facet normal -1 0 0
    outer loop
      vertex 63.5 85 2.49
      vertex 63.5 47 4
      vertex 63.5 85 9.99
    endloop
  endfacet
  facet normal -1 0 0
    outer loop
      vertex 63.5 45 4
      vertex 63.5 85 9.99
      vertex 63.5 47 4
    endloop
  endfacet
  facet normal -1 0 0
    outer loop
      vertex 63.5 8 9.99
      vertex 63.5 45 4
      vertex 63.5 8 2.49
    endloop
  endfacet
  facet normal -1 0 0
    outer loop
      vertex 63.5 45 4
      vertex 63.5 8 9.99
      vertex 63.5 85 9.99
    endloop
  endfacet
  facet normal -0.065424 -0.997858 0
    outer loop
      vertex 54 94.5 2.49
      vertex 55.24 94.4187 9.99
      vertex 54 94.5 9.99
    endloop
  endfacet
  facet normal -0.065424 -0.997858 -0
    outer loop
      vertex 55.24 94.4187 9.99
      vertex 54 94.5 2.49
      vertex 55.24 94.4187 2.49
    endloop
  endfacet
  facet normal 0 1 -0
    outer loop
      vertex 58 2.5 2.49
      vertex 8 2.5 9.99
      vertex 58 2.5 9.99
    endloop
  endfacet
  facet normal 0 1 0
    outer loop
      vertex 8 2.5 9.99
      vertex 58 2.5 2.49
      vertex 8 2.5 2.49
    endloop
  endfacet
  facet normal 0.290301 -0.956935 0
    outer loop
      vertex 5.89524 94.0813 2.49
      vertex 6.927 94.3943 9.99
      vertex 5.89524 94.0813 9.99
    endloop
  endfacet
  facet normal 0.290301 -0.956935 0
    outer loop
      vertex 6.927 94.3943 9.99
      vertex 5.89524 94.0813 2.49
      vertex 6.927 94.3943 2.49
    endloop
  endfacet
  facet normal 0.634396 -0.773008 0
    outer loop
      vertex 4.11091 92.8891 2.49
      vertex 4.94436 93.5731 9.99
      vertex 4.11091 92.8891 9.99
    endloop
  endfacet
  facet normal 0.634396 -0.773008 0
    outer loop
      vertex 4.94436 93.5731 9.99
      vertex 4.11091 92.8891 2.49
      vertex 4.94436 93.5731 2.49
    endloop
  endfacet
  facet normal 0.290284 0.956941 -0
    outer loop
      vertex 6.927 2.60568 2.49
      vertex 5.89524 2.91866 9.99
      vertex 6.927 2.60568 9.99
    endloop
  endfacet
  facet normal 0.290284 0.956941 0
    outer loop
      vertex 5.89524 2.91866 9.99
      vertex 6.927 2.60568 2.49
      vertex 5.89524 2.91866 2.49
    endloop
  endfacet
  facet normal -0.098016 0.995185 0
    outer loop
      vertex 59.073 2.60568 2.49
      vertex 58 2.5 9.99
      vertex 59.073 2.60568 9.99
    endloop
  endfacet
  facet normal -0.098016 0.995185 0
    outer loop
      vertex 58 2.5 9.99
      vertex 59.073 2.60568 2.49
      vertex 58 2.5 2.49
    endloop
  endfacet
  facet normal 0.88192 0.4714 0
    outer loop
      vertex 2.91866 5.89524 9.99
      vertex 3.39718 5 4
      vertex 2.91866 5.89524 4
    endloop
  endfacet
  facet normal 0.881923 0.471394 -0
    outer loop
      vertex 3.42692 4.94436 2.49
      vertex 3.39718 5 4
      vertex 3.42692 4.94436 9.99
    endloop
  endfacet
  facet normal 0.88192 0.4714 6.42886e-08
    outer loop
      vertex 3.42692 4.94436 9.99
      vertex 3.39718 5 4
      vertex 2.91866 5.89524 9.99
    endloop
  endfacet
  facet normal 0.88192 0.4714 0
    outer loop
      vertex 3.39718 5 2.5
      vertex 2.91866 5.89524 2.49
      vertex 2.91866 5.89524 2.5
    endloop
  endfacet
  facet normal 0.88192 0.4714 -3.85089e-05
    outer loop
      vertex 3.39718 5 2.5
      vertex 3.42692 4.94436 2.49
      vertex 2.91866 5.89524 2.49
    endloop
  endfacet
  facet normal 0.881923 0.471394 0
    outer loop
      vertex 3.39718 5 4
      vertex 3.42692 4.94436 2.49
      vertex 3.39718 5 2.5
    endloop
  endfacet
  facet normal -0.946939 -0.321414 0
    outer loop
      vertex 63.1763 87.4588 2.49
      vertex 62.7769 88.6355 9.99
      vertex 62.7769 88.6355 2.49
    endloop
  endfacet
  facet normal -0.946939 -0.321414 0
    outer loop
      vertex 62.7769 88.6355 9.99
      vertex 63.1763 87.4588 2.49
      vertex 63.1763 87.4588 9.99
    endloop
  endfacet
  facet normal 1 0 0
    outer loop
      vertex 2.5 89 9.99
      vertex 2.5 47 4
      vertex 2.5 89 2.49
    endloop
  endfacet
  facet normal 1 -0 0
    outer loop
      vertex 2.5 8 9.99
      vertex 2.5 47 4
      vertex 2.5 89 9.99
    endloop
  endfacet
  facet normal 1 0 0
    outer loop
      vertex 2.5 8 2.49
      vertex 2.5 45 4
      vertex 2.5 8 9.99
    endloop
  endfacet
  facet normal 1 0 0
    outer loop
      vertex 2.5 47 4
      vertex 2.5 8 9.99
      vertex 2.5 45 4
    endloop
  endfacet
  facet normal 1 -0 0
    outer loop
      vertex 2.5 47 2.5
      vertex 2.5 89 2.49
      vertex 2.5 47 4
    endloop
  endfacet
  facet normal 1 -0 0
    outer loop
      vertex 2.5 45 2.5
      vertex 2.5 89 2.49
      vertex 2.5 47 2.5
    endloop
  endfacet
  facet normal 1 0 0
    outer loop
      vertex 2.5 45 2.5
      vertex 2.5 8 2.49
      vertex 2.5 89 2.49
    endloop
  endfacet
  facet normal 1 0 0
    outer loop
      vertex 2.5 45 4
      vertex 2.5 8 2.49
      vertex 2.5 45 2.5
    endloop
  endfacet
  facet normal -0.555536 -0.831493 0
    outer loop
      vertex 58.75 93.2272 2.49
      vertex 59.7832 92.5369 9.99
      vertex 58.75 93.2272 9.99
    endloop
  endfacet
  facet normal -0.555536 -0.831493 -0
    outer loop
      vertex 59.7832 92.5369 9.99
      vertex 58.75 93.2272 2.49
      vertex 59.7832 92.5369 2.49
    endloop
  endfacet
  facet normal -0.634368 0.773031 0
    outer loop
      vertex 61.8891 4.11091 2.49
      vertex 61.0556 3.42692 9.99
      vertex 61.8891 4.11091 9.99
    endloop
  endfacet
  facet normal -0.634368 0.773031 0
    outer loop
      vertex 61.0556 3.42692 9.99
      vertex 61.8891 4.11091 2.49
      vertex 61.0556 3.42692 2.49
    endloop
  endfacet
  facet normal 0.634391 0.773013 -0
    outer loop
      vertex 4.94436 3.42692 2.49
      vertex 4.11091 4.11091 9.99
      vertex 4.94436 3.42692 9.99
    endloop
  endfacet
  facet normal 0.634391 0.773013 0
    outer loop
      vertex 4.11091 4.11091 9.99
      vertex 4.94436 3.42692 2.49
      vertex 4.11091 4.11091 2.49
    endloop
  endfacet
  facet normal -0.773008 0.634396 0
    outer loop
      vertex 61.8891 4.11091 2.49
      vertex 62.5731 4.94436 9.99
      vertex 62.5731 4.94436 2.49
    endloop
  endfacet
  facet normal -0.773008 0.634396 0
    outer loop
      vertex 62.5731 4.94436 9.99
      vertex 61.8891 4.11091 2.49
      vertex 61.8891 4.11091 9.99
    endloop
  endfacet
  facet normal -0.881928 0.471385 0
    outer loop
      vertex 63.0813 5.89524 2.49
      vertex 62.6028 5 2.5
      vertex 63.0813 5.89524 2.5
    endloop
  endfacet
  facet normal -0.882186 0.470901 0
    outer loop
      vertex 62.6028 5 2.5
      vertex 62.5731 4.94436 2.49
      vertex 62.6028 5 4
    endloop
  endfacet
  facet normal -0.881938 0.471354 -0.00325663
    outer loop
      vertex 62.5731 4.94436 2.49
      vertex 62.6028 5 2.5
      vertex 63.0813 5.89524 2.49
    endloop
  endfacet
  facet normal -0.881928 0.471385 0
    outer loop
      vertex 62.6028 5 4
      vertex 63.0813 5.89524 9.99
      vertex 63.0813 5.89524 4
    endloop
  endfacet
  facet normal -0.881943 0.471356 5.4368e-06
    outer loop
      vertex 62.6028 5 4
      vertex 62.5731 4.94436 9.99
      vertex 63.0813 5.89524 9.99
    endloop
  endfacet
  facet normal -0.882186 0.470901 0
    outer loop
      vertex 62.5731 4.94436 9.99
      vertex 62.6028 5 4
      vertex 62.5731 4.94436 2.49
    endloop
  endfacet
  facet normal -0.290274 0.956944 0
    outer loop
      vertex 60.1048 2.91866 2.49
      vertex 59.073 2.60568 9.99
      vertex 60.1048 2.91866 9.99
    endloop
  endfacet
  facet normal -0.290274 0.956944 0
    outer loop
      vertex 59.073 2.60568 9.99
      vertex 60.1048 2.91866 2.49
      vertex 59.073 2.60568 2.49
    endloop
  endfacet
  facet normal 0.995185 -0.098016 0
    outer loop
      vertex 2.5 89 9.99
      vertex 2.60568 90.073 2.49
      vertex 2.60568 90.073 9.99
    endloop
  endfacet
  facet normal 0.995185 -0.098016 0
    outer loop
      vertex 2.60568 90.073 2.49
      vertex 2.5 89 9.99
      vertex 2.5 89 2.49
    endloop
  endfacet
  facet normal -0.195064 -0.980791 0
    outer loop
      vertex 55.24 94.4187 2.49
      vertex 56.4588 94.1763 9.99
      vertex 55.24 94.4187 9.99
    endloop
  endfacet
  facet normal -0.195064 -0.980791 -0
    outer loop
      vertex 56.4588 94.1763 9.99
      vertex 55.24 94.4187 2.49
      vertex 56.4588 94.1763 2.49
    endloop
  endfacet
  facet normal -0.980791 -0.195064 0
    outer loop
      vertex 63.4187 86.24 2.49
      vertex 63.1763 87.4588 9.99
      vertex 63.1763 87.4588 2.49
    endloop
  endfacet
  facet normal -0.980791 -0.195064 0
    outer loop
      vertex 63.1763 87.4588 9.99
      vertex 63.4187 86.24 2.49
      vertex 63.4187 86.24 9.99
    endloop
  endfacet
  facet normal -0.995184 0.0980256 0
    outer loop
      vertex 63.4015 7 4
      vertex 63.5 8 2.49
      vertex 63.4015 7 2.5
    endloop
  endfacet
  facet normal -0.995183 0.0980343 0.000881103
    outer loop
      vertex 63.3943 6.927 2.49
      vertex 63.4015 7 2.5
      vertex 63.5 8 2.49
    endloop
  endfacet
  facet normal -0.995171 0.0981539 0
    outer loop
      vertex 63.4015 7 2.5
      vertex 63.3943 6.927 2.49
      vertex 63.3943 6.927 2.5
    endloop
  endfacet
  facet normal -0.995184 0.0980256 0
    outer loop
      vertex 63.5 8 2.49
      vertex 63.4015 7 4
      vertex 63.5 8 9.99
    endloop
  endfacet
  facet normal -0.995171 0.0981539 0
    outer loop
      vertex 63.3943 6.927 9.99
      vertex 63.4015 7 4
      vertex 63.3943 6.927 4
    endloop
  endfacet
  facet normal -0.995183 0.0980343 -1.47096e-06
    outer loop
      vertex 63.4015 7 4
      vertex 63.3943 6.927 9.99
      vertex 63.5 8 9.99
    endloop
  endfacet
  facet normal -0.659364 -0.751823 0
    outer loop
      vertex 59.7832 92.5369 2.49
      vertex 60.7175 91.7175 9.99
      vertex 59.7832 92.5369 9.99
    endloop
  endfacet
  facet normal -0.659364 -0.751823 -0
    outer loop
      vertex 60.7175 91.7175 9.99
      vertex 59.7832 92.5369 2.49
      vertex 60.7175 91.7175 2.49
    endloop
  endfacet
  facet normal 0.773031 -0.634368 0
    outer loop
      vertex 3.42692 92.0556 9.99
      vertex 4.11091 92.8891 2.49
      vertex 4.11091 92.8891 9.99
    endloop
  endfacet
  facet normal 0.773031 -0.634368 0
    outer loop
      vertex 4.11091 92.8891 2.49
      vertex 3.42692 92.0556 9.99
      vertex 3.42692 92.0556 2.49
    endloop
  endfacet
  facet normal 0.956941 0.290284 0
    outer loop
      vertex 2.91866 5.89524 2.5
      vertex 2.60568 6.927 2.49
      vertex 2.60568 6.927 2.5
    endloop
  endfacet
  facet normal 0.956941 0.290284 0
    outer loop
      vertex 2.60568 6.927 2.49
      vertex 2.91866 5.89524 2.5
      vertex 2.91866 5.89524 2.49
    endloop
  endfacet
  facet normal 0.956941 0.290284 0
    outer loop
      vertex 2.91866 5.89524 9.99
      vertex 2.60568 6.927 4
      vertex 2.60568 6.927 9.99
    endloop
  endfacet
  facet normal 0.956941 0.290284 0
    outer loop
      vertex 2.60568 6.927 4
      vertex 2.91866 5.89524 9.99
      vertex 2.91866 5.89524 4
    endloop
  endfacet
  facet normal -0.896844 -0.442347 0
    outer loop
      vertex 62.7769 88.6355 2.49
      vertex 62.2272 89.75 9.99
      vertex 62.2272 89.75 2.49
    endloop
  endfacet
  facet normal -0.896844 -0.442347 0
    outer loop
      vertex 62.2272 89.75 9.99
      vertex 62.7769 88.6355 2.49
      vertex 62.7769 88.6355 9.99
    endloop
  endfacet
  facet normal 0.0980343 -0.995183 0
    outer loop
      vertex 6.927 94.3943 2.49
      vertex 8 94.5 9.99
      vertex 6.927 94.3943 9.99
    endloop
  endfacet
  facet normal 0.0980343 -0.995183 0
    outer loop
      vertex 8 94.5 9.99
      vertex 6.927 94.3943 2.49
      vertex 8 94.5 2.49
    endloop
  endfacet
  facet normal 0.881903 -0.471431 0
    outer loop
      vertex 2.91866 91.1048 9.99
      vertex 3.42692 92.0556 2.49
      vertex 3.42692 92.0556 9.99
    endloop
  endfacet
  facet normal 0.881903 -0.471431 0
    outer loop
      vertex 3.42692 92.0556 2.49
      vertex 2.91866 91.1048 9.99
      vertex 2.91866 91.1048 2.49
    endloop
  endfacet
  facet normal -0.997858 -0.065424 0
    outer loop
      vertex 63.5 85 2.49
      vertex 63.4187 86.24 9.99
      vertex 63.4187 86.24 2.49
    endloop
  endfacet
  facet normal -0.997858 -0.065424 0
    outer loop
      vertex 63.4187 86.24 9.99
      vertex 63.5 85 2.49
      vertex 63.5 85 9.99
    endloop
  endfacet
  facet normal -0.751823 -0.659364 0
    outer loop
      vertex 61.5369 90.7832 2.49
      vertex 60.7175 91.7175 9.99
      vertex 60.7175 91.7175 2.49
    endloop
  endfacet
  facet normal -0.751823 -0.659364 0
    outer loop
      vertex 60.7175 91.7175 9.99
      vertex 61.5369 90.7832 2.49
      vertex 61.5369 90.7832 9.99
    endloop
  endfacet
  facet normal -0.321414 -0.946939 0
    outer loop
      vertex 56.4588 94.1763 2.49
      vertex 57.6355 93.7769 9.99
      vertex 56.4588 94.1763 9.99
    endloop
  endfacet
  facet normal -0.321414 -0.946939 -0
    outer loop
      vertex 57.6355 93.7769 9.99
      vertex 56.4588 94.1763 2.49
      vertex 57.6355 93.7769 2.49
    endloop
  endfacet
  facet normal -0.442347 -0.896844 0
    outer loop
      vertex 57.6355 93.7769 2.49
      vertex 58.75 93.2272 9.99
      vertex 57.6355 93.7769 9.99
    endloop
  endfacet
  facet normal -0.442347 -0.896844 -0
    outer loop
      vertex 58.75 93.2272 9.99
      vertex 57.6355 93.7769 2.49
      vertex 58.75 93.2272 2.49
    endloop
  endfacet
  facet normal 0.773013 0.634391 0
    outer loop
      vertex 4.11091 4.11091 9.99
      vertex 3.42692 4.94436 2.49
      vertex 3.42692 4.94436 9.99
    endloop
  endfacet
  facet normal 0.773013 0.634391 0
    outer loop
      vertex 3.42692 4.94436 2.49
      vertex 4.11091 4.11091 9.99
      vertex 4.11091 4.11091 2.49
    endloop
  endfacet
  facet normal 0.4714 0.88192 -0
    outer loop
      vertex 5.89524 2.91866 2.49
      vertex 4.94436 3.42692 9.99
      vertex 5.89524 2.91866 9.99
    endloop
  endfacet
  facet normal 0.4714 0.88192 0
    outer loop
      vertex 4.94436 3.42692 9.99
      vertex 5.89524 2.91866 2.49
      vertex 4.94436 3.42692 2.49
    endloop
  endfacet
  facet normal -0.471431 0.881903 0
    outer loop
      vertex 61.0556 3.42692 2.49
      vertex 60.1048 2.91866 9.99
      vertex 61.0556 3.42692 9.99
    endloop
  endfacet
  facet normal -0.471431 0.881903 0
    outer loop
      vertex 60.1048 2.91866 9.99
      vertex 61.0556 3.42692 2.49
      vertex 60.1048 2.91866 2.49
    endloop
  endfacet
  facet normal 0.471356 -0.881943 0
    outer loop
      vertex 4.94436 93.5731 2.49
      vertex 5.89524 94.0813 9.99
      vertex 4.94436 93.5731 9.99
    endloop
  endfacet
  facet normal 0.471356 -0.881943 0
    outer loop
      vertex 5.89524 94.0813 9.99
      vertex 4.94436 93.5731 2.49
      vertex 5.89524 94.0813 2.49
    endloop
  endfacet
  facet normal -0 0 1
    outer loop
      vertex 6.75 58.75 2.49
      vertex 12.75 52.75 2.49
      vertex 12.75 58.75 2.49
    endloop
  endfacet
  facet normal 0 0 1
    outer loop
      vertex 2.5 8 2.49
      vertex 12 10 2.49
      vertex 12 42 2.49
    endloop
  endfacet
  facet normal 0 0 1
    outer loop
      vertex 12.75 52.75 2.49
      vertex 6.75 58.75 2.49
      vertex 12 42 2.49
    endloop
  endfacet
  facet normal 0 -0 1
    outer loop
      vertex 2.60568 6.927 2.49
      vertex 12 10 2.49
      vertex 2.5 8 2.49
    endloop
  endfacet
  facet normal 0 0 1
    outer loop
      vertex 12 42 2.49
      vertex 6.75 58.75 2.49
      vertex 2.5 8 2.49
    endloop
  endfacet
  facet normal 0 0 1
    outer loop
      vertex 6.75 65.25 2.49
      vertex 2.5 89 2.49
      vertex 6.75 58.75 2.49
    endloop
  endfacet
  facet normal 0 0 1
    outer loop
      vertex 2.5 8 2.49
      vertex 6.75 58.75 2.49
      vertex 2.5 89 2.49
    endloop
  endfacet
  facet normal 0 0 1
    outer loop
      vertex 2.5 89 2.49
      vertex 5.89524 94.0813 2.49
      vertex 4.94436 93.5731 2.49
    endloop
  endfacet
  facet normal 0 0 1
    outer loop
      vertex 12 10 2.49
      vertex 6.927 2.60568 2.49
      vertex 8 2.5 2.49
    endloop
  endfacet
  facet normal 0 0 1
    outer loop
      vertex 2.5 89 2.49
      vertex 4.94436 93.5731 2.49
      vertex 4.11091 92.8891 2.49
    endloop
  endfacet
  facet normal 0 0 1
    outer loop
      vertex 12 10 2.49
      vertex 5.89524 2.91866 2.49
      vertex 6.927 2.60568 2.49
    endloop
  endfacet
  facet normal 0 0 1
    outer loop
      vertex 2.5 89 2.49
      vertex 4.11091 92.8891 2.49
      vertex 3.42692 92.0556 2.49
    endloop
  endfacet
  facet normal 0 0 1
    outer loop
      vertex 12 10 2.49
      vertex 4.94436 3.42692 2.49
      vertex 5.89524 2.91866 2.49
    endloop
  endfacet
  facet normal 0 0 1
    outer loop
      vertex 2.5 89 2.49
      vertex 3.42692 92.0556 2.49
      vertex 2.91866 91.1048 2.49
    endloop
  endfacet
  facet normal 0 0 1
    outer loop
      vertex 12 10 2.49
      vertex 4.11091 4.11091 2.49
      vertex 4.94436 3.42692 2.49
    endloop
  endfacet
  facet normal 0 0 1
    outer loop
      vertex 2.5 89 2.49
      vertex 2.91866 91.1048 2.49
      vertex 2.60568 90.073 2.49
    endloop
  endfacet
  facet normal 0 0 1
    outer loop
      vertex 12 10 2.49
      vertex 3.42692 4.94436 2.49
      vertex 4.11091 4.11091 2.49
    endloop
  endfacet
  facet normal 0 0 1
    outer loop
      vertex 12 10 2.49
      vertex 2.91866 5.89524 2.49
      vertex 3.42692 4.94436 2.49
    endloop
  endfacet
  facet normal 0 0 1
    outer loop
      vertex 12 10 2.49
      vertex 2.60568 6.927 2.49
      vertex 2.91866 5.89524 2.49
    endloop
  endfacet
  facet normal 0 0 1
    outer loop
      vertex 25.25 65.25 2.49
      vertex 19.25 71.25 2.49
      vertex 19.25 65.25 2.49
    endloop
  endfacet
  facet normal -0 0 1
    outer loop
      vertex 53.8177 53.6116 2.49
      vertex 54 42 2.49
      vertex 54.639 54.0505 2.49
    endloop
  endfacet
  facet normal -0 0 1
    outer loop
      vertex 52.9267 53.3413 2.49
      vertex 54 42 2.49
      vertex 53.8177 53.6116 2.49
    endloop
  endfacet
  facet normal -0 0 1
    outer loop
      vertex 52 53.25 2.49
      vertex 54 42 2.49
      vertex 52.9267 53.3413 2.49
    endloop
  endfacet
  facet normal 0 0 1
    outer loop
      vertex 51.0733 53.3413 2.49
      vertex 54 42 2.49
      vertex 52 53.25 2.49
    endloop
  endfacet
  facet normal 0 0 1
    outer loop
      vertex 50.1823 53.6116 2.49
      vertex 54 42 2.49
      vertex 51.0733 53.3413 2.49
    endloop
  endfacet
  facet normal 0 0 1
    outer loop
      vertex 49.361 54.0505 2.49
      vertex 54 42 2.49
      vertex 50.1823 53.6116 2.49
    endloop
  endfacet
  facet normal 0 0 1
    outer loop
      vertex 48.6412 54.6412 2.49
      vertex 54 42 2.49
      vertex 49.361 54.0505 2.49
    endloop
  endfacet
  facet normal 0 0 1
    outer loop
      vertex 25.25 58.75 2.49
      vertex 48.6412 54.6412 2.49
      vertex 48.0505 55.361 2.49
    endloop
  endfacet
  facet normal 0 0 1
    outer loop
      vertex 41.0733 61.3413 2.49
      vertex 48.0505 55.361 2.49
      vertex 47.6116 56.1823 2.49
    endloop
  endfacet
  facet normal 0 0 1
    outer loop
      vertex 48.6412 61.3588 2.49
      vertex 45.9495 63.361 2.49
      vertex 48.0505 60.639 2.49
    endloop
  endfacet
  facet normal -0 0 1
    outer loop
      vertex 45.3588 62.6412 2.49
      vertex 48.0505 60.639 2.49
      vertex 45.9495 63.361 2.49
    endloop
  endfacet
  facet normal 0 0 1
    outer loop
      vertex 48.0505 60.639 2.49
      vertex 45.3588 62.6412 2.49
      vertex 47.6116 59.8177 2.49
    endloop
  endfacet
  facet normal -0 0 1
    outer loop
      vertex 44.639 62.0505 2.49
      vertex 47.6116 59.8177 2.49
      vertex 45.3588 62.6412 2.49
    endloop
  endfacet
  facet normal 0 0 1
    outer loop
      vertex 47.6116 59.8177 2.49
      vertex 44.639 62.0505 2.49
      vertex 47.3413 58.9267 2.49
    endloop
  endfacet
  facet normal -0 0 1
    outer loop
      vertex 43.8177 61.6116 2.49
      vertex 47.3413 58.9267 2.49
      vertex 44.639 62.0505 2.49
    endloop
  endfacet
  facet normal 0 0 1
    outer loop
      vertex 47.3413 58.9267 2.49
      vertex 43.8177 61.6116 2.49
      vertex 47.25 58 2.49
    endloop
  endfacet
  facet normal -0 0 1
    outer loop
      vertex 42.9267 61.3413 2.49
      vertex 47.25 58 2.49
      vertex 43.8177 61.6116 2.49
    endloop
  endfacet
  facet normal 0 0 1
    outer loop
      vertex 47.25 58 2.49
      vertex 42.9267 61.3413 2.49
      vertex 47.3413 57.0733 2.49
    endloop
  endfacet
  facet normal -0 0 1
    outer loop
      vertex 42 61.25 2.49
      vertex 47.3413 57.0733 2.49
      vertex 42.9267 61.3413 2.49
    endloop
  endfacet
  facet normal 0 0 1
    outer loop
      vertex 47.3413 57.0733 2.49
      vertex 42 61.25 2.49
      vertex 47.6116 56.1823 2.49
    endloop
  endfacet
  facet normal 0 0 1
    outer loop
      vertex 41.0733 61.3413 2.49
      vertex 47.6116 56.1823 2.49
      vertex 42 61.25 2.49
    endloop
  endfacet
  facet normal 0 0 1
    outer loop
      vertex 48.0505 55.361 2.49
      vertex 41.0733 61.3413 2.49
      vertex 40.1823 61.6116 2.49
    endloop
  endfacet
  facet normal 0 0 1
    outer loop
      vertex 48.0505 55.361 2.49
      vertex 40.1823 61.6116 2.49
      vertex 25.25 58.75 2.49
    endloop
  endfacet
  facet normal 0 0 1
    outer loop
      vertex 25.25 58.75 2.49
      vertex 40.1823 61.6116 2.49
      vertex 39.361 62.0505 2.49
    endloop
  endfacet
  facet normal 0 0 1
    outer loop
      vertex 25.25 58.75 2.49
      vertex 39.361 62.0505 2.49
      vertex 38.6412 62.6412 2.49
    endloop
  endfacet
  facet normal 0 0 1
    outer loop
      vertex 25.25 58.75 2.49
      vertex 38.6412 62.6412 2.49
      vertex 38.0505 63.361 2.49
    endloop
  endfacet
  facet normal -0 0 1
    outer loop
      vertex 25.25 65.25 2.49
      vertex 37.3413 65.0733 2.49
      vertex 37.25 66 2.49
    endloop
  endfacet
  facet normal 0 0 1
    outer loop
      vertex 25.25 65.25 2.49
      vertex 37.6116 64.1823 2.49
      vertex 37.3413 65.0733 2.49
    endloop
  endfacet
  facet normal 0 0 1
    outer loop
      vertex 25.25 58.75 2.49
      vertex 37.6116 64.1823 2.49
      vertex 25.25 65.25 2.49
    endloop
  endfacet
  facet normal 0 0 1
    outer loop
      vertex 37.6116 64.1823 2.49
      vertex 25.25 58.75 2.49
      vertex 38.0505 63.361 2.49
    endloop
  endfacet
  facet normal 0 0 1
    outer loop
      vertex 48.6412 54.6412 2.49
      vertex 25.25 58.75 2.49
      vertex 19.25 52.75 2.49
    endloop
  endfacet
  facet normal 0 0 1
    outer loop
      vertex 19.25 52.75 2.49
      vertex 25.25 58.75 2.49
      vertex 19.25 58.75 2.49
    endloop
  endfacet
  facet normal 0 0 1
    outer loop
      vertex 48.6412 54.6412 2.49
      vertex 19.25 52.75 2.49
      vertex 54 42 2.49
    endloop
  endfacet
  facet normal 0 0 1
    outer loop
      vertex 12 42 2.49
      vertex 19.25 52.75 2.49
      vertex 12.75 52.75 2.49
    endloop
  endfacet
  facet normal 0 0 1
    outer loop
      vertex 19.25 52.75 2.49
      vertex 12 42 2.49
      vertex 54 42 2.49
    endloop
  endfacet
  facet normal 0 0 1
    outer loop
      vertex 55.9564 87.4981 2.49
      vertex 54.4096 88.2868 2.49
      vertex 54.4981 88.0436 2.49
    endloop
  endfacet
  facet normal 0 0 1
    outer loop
      vertex 56.4588 94.1763 2.49
      vertex 54.2113 88.4532 2.49
      vertex 54.4096 88.2868 2.49
    endloop
  endfacet
  facet normal 0 0 1
    outer loop
      vertex 52.4096 89.2868 2.49
      vertex 55.24 94.4187 2.49
      vertex 54 94.5 2.49
    endloop
  endfacet
  facet normal 0 0 1
    outer loop
      vertex 55.24 94.4187 2.49
      vertex 53.9564 88.4981 2.49
      vertex 54.2113 88.4532 2.49
    endloop
  endfacet
  facet normal 0 0 1
    outer loop
      vertex 55.24 94.4187 2.49
      vertex 52.4096 89.2868 2.49
      vertex 53.9564 88.4981 2.49
    endloop
  endfacet
  facet normal -0 -0 1
    outer loop
      vertex 52.4981 89.0436 2.49
      vertex 53.9564 88.4981 2.49
      vertex 52.4096 89.2868 2.49
    endloop
  endfacet
  facet normal 0 0 1
    outer loop
      vertex 53.9564 88.4981 2.49
      vertex 52.4981 89.0436 2.49
      vertex 53.7132 88.4096 2.49
    endloop
  endfacet
  facet normal -0 0 1
    outer loop
      vertex 52.4532 88.7887 2.49
      vertex 53.7132 88.4096 2.49
      vertex 52.4981 89.0436 2.49
    endloop
  endfacet
  facet normal 0 0 1
    outer loop
      vertex 54 94.5 2.49
      vertex 52.2113 89.4532 2.49
      vertex 52.4096 89.2868 2.49
    endloop
  endfacet
  facet normal 0 0 1
    outer loop
      vertex 54 94.5 2.49
      vertex 51.9564 89.4981 2.49
      vertex 52.2113 89.4532 2.49
    endloop
  endfacet
  facet normal -0 0 1
    outer loop
      vertex 50.4096 90.2868 2.49
      vertex 51.9564 89.4981 2.49
      vertex 54 94.5 2.49
    endloop
  endfacet
  facet normal -0 -0 1
    outer loop
      vertex 50.4981 90.0436 2.49
      vertex 51.9564 89.4981 2.49
      vertex 50.4096 90.2868 2.49
    endloop
  endfacet
  facet normal 0 0 1
    outer loop
      vertex 51.9564 89.4981 2.49
      vertex 50.4981 90.0436 2.49
      vertex 51.7132 89.4096 2.49
    endloop
  endfacet
  facet normal -0 0 1
    outer loop
      vertex 50.4532 89.7887 2.49
      vertex 51.7132 89.4096 2.49
      vertex 50.4981 90.0436 2.49
    endloop
  endfacet
  facet normal 0 0 1
    outer loop
      vertex 54 94.5 2.49
      vertex 50.2113 90.4532 2.49
      vertex 50.4096 90.2868 2.49
    endloop
  endfacet
  facet normal 0 0 1
    outer loop
      vertex 54 94.5 2.49
      vertex 49.9564 90.4981 2.49
      vertex 50.2113 90.4532 2.49
    endloop
  endfacet
  facet normal 0 0 1
    outer loop
      vertex 54 94.5 2.49
      vertex 49.7132 90.4096 2.49
      vertex 49.9564 90.4981 2.49
    endloop
  endfacet
  facet normal 0 0 1
    outer loop
      vertex 47.1775 84.9717 2.49
      vertex 46.6587 66.9267 2.49
      vertex 46.75 66 2.49
    endloop
  endfacet
  facet normal 0 0 1
    outer loop
      vertex 47.1775 84.9717 2.49
      vertex 46.3884 67.8177 2.49
      vertex 46.6587 66.9267 2.49
    endloop
  endfacet
  facet normal 0 0 1
    outer loop
      vertex 47.1775 84.9717 2.49
      vertex 45.9495 68.639 2.49
      vertex 46.3884 67.8177 2.49
    endloop
  endfacet
  facet normal 0 0 1
    outer loop
      vertex 47.1775 84.9717 2.49
      vertex 45.3588 69.3588 2.49
      vertex 45.9495 68.639 2.49
    endloop
  endfacet
  facet normal 0 0 1
    outer loop
      vertex 47.1775 84.9717 2.49
      vertex 44.639 69.9495 2.49
      vertex 45.3588 69.3588 2.49
    endloop
  endfacet
  facet normal 0 0 1
    outer loop
      vertex 47.1775 84.9717 2.49
      vertex 43.8177 70.3884 2.49
      vertex 44.639 69.9495 2.49
    endloop
  endfacet
  facet normal 0 0 1
    outer loop
      vertex 19.25 71.25 2.49
      vertex 47.1775 84.9717 2.49
      vertex 47.2224 85.2266 2.49
    endloop
  endfacet
  facet normal 0 0 1
    outer loop
      vertex 47.1775 84.9717 2.49
      vertex 42.9267 70.6587 2.49
      vertex 43.8177 70.3884 2.49
    endloop
  endfacet
  facet normal 0 0 1
    outer loop
      vertex 47.1775 84.9717 2.49
      vertex 42 70.75 2.49
      vertex 42.9267 70.6587 2.49
    endloop
  endfacet
  facet normal 0 0 1
    outer loop
      vertex 47.1775 84.9717 2.49
      vertex 41.0733 70.6587 2.49
      vertex 42 70.75 2.49
    endloop
  endfacet
  facet normal 0 0 1
    outer loop
      vertex 47.1775 84.9717 2.49
      vertex 40.1823 70.3884 2.49
      vertex 41.0733 70.6587 2.49
    endloop
  endfacet
  facet normal 0 0 1
    outer loop
      vertex 8 94.5 2.49
      vertex 47.2224 85.2266 2.49
      vertex 49.5468 90.2113 2.49
    endloop
  endfacet
  facet normal 0 0 1
    outer loop
      vertex 47.1775 84.9717 2.49
      vertex 39.361 69.9495 2.49
      vertex 40.1823 70.3884 2.49
    endloop
  endfacet
  facet normal 0 0 1
    outer loop
      vertex 47.1775 84.9717 2.49
      vertex 19.25 71.25 2.49
      vertex 39.361 69.9495 2.49
    endloop
  endfacet
  facet normal 0 0 1
    outer loop
      vertex 39.361 69.9495 2.49
      vertex 19.25 71.25 2.49
      vertex 38.6412 69.3588 2.49
    endloop
  endfacet
  facet normal 0 0 1
    outer loop
      vertex 38.6412 69.3588 2.49
      vertex 19.25 71.25 2.49
      vertex 38.0505 68.639 2.49
    endloop
  endfacet
  facet normal 0 0 1
    outer loop
      vertex 37.3413 66.9267 2.49
      vertex 25.25 65.25 2.49
      vertex 37.25 66 2.49
    endloop
  endfacet
  facet normal 0 0 1
    outer loop
      vertex 37.6116 67.8177 2.49
      vertex 25.25 65.25 2.49
      vertex 37.3413 66.9267 2.49
    endloop
  endfacet
  facet normal 0 -0 1
    outer loop
      vertex 25.25 65.25 2.49
      vertex 38.0505 68.639 2.49
      vertex 19.25 71.25 2.49
    endloop
  endfacet
  facet normal 0 0 1
    outer loop
      vertex 8 94.5 2.49
      vertex 49.5468 90.2113 2.49
      vertex 49.7132 90.4096 2.49
    endloop
  endfacet
  facet normal 0 0 1
    outer loop
      vertex 38.0505 68.639 2.49
      vertex 25.25 65.25 2.49
      vertex 37.6116 67.8177 2.49
    endloop
  endfacet
  facet normal -0 0 1
    outer loop
      vertex 8 94.5 2.49
      vertex 49.7132 90.4096 2.49
      vertex 54 94.5 2.49
    endloop
  endfacet
  facet normal 0 0 1
    outer loop
      vertex 47.2224 85.2266 2.49
      vertex 8 94.5 2.49
      vertex 19.25 71.25 2.49
    endloop
  endfacet
  facet normal 0 0 1
    outer loop
      vertex 19.25 71.25 2.49
      vertex 8 94.5 2.49
      vertex 12.75 71.25 2.49
    endloop
  endfacet
  facet normal 0 0 1
    outer loop
      vertex 2.5 89 2.49
      vertex 8 94.5 2.49
      vertex 5.89524 94.0813 2.49
    endloop
  endfacet
  facet normal 0 0 1
    outer loop
      vertex 5.89524 94.0813 2.49
      vertex 8 94.5 2.49
      vertex 6.927 94.3943 2.49
    endloop
  endfacet
  facet normal 0 0 1
    outer loop
      vertex 8 94.5 2.49
      vertex 2.5 89 2.49
      vertex 12.75 71.25 2.49
    endloop
  endfacet
  facet normal 0 0 1
    outer loop
      vertex 12.75 71.25 2.49
      vertex 2.5 89 2.49
      vertex 6.75 65.25 2.49
    endloop
  endfacet
  facet normal 0 0 1
    outer loop
      vertex 12.75 71.25 2.49
      vertex 6.75 65.25 2.49
      vertex 12.75 65.25 2.49
    endloop
  endfacet
  facet normal 0 0 1
    outer loop
      vertex 63.1763 87.4588 2.49
      vertex 58.4096 86.2868 2.49
      vertex 58.4981 86.0436 2.49
    endloop
  endfacet
  facet normal 0 0 1
    outer loop
      vertex 59.7832 92.5369 2.49
      vertex 58.2113 86.4532 2.49
      vertex 58.4096 86.2868 2.49
    endloop
  endfacet
  facet normal 0 0 1
    outer loop
      vertex 59.7832 92.5369 2.49
      vertex 57.9564 86.4981 2.49
      vertex 58.2113 86.4532 2.49
    endloop
  endfacet
  facet normal 0 0 1
    outer loop
      vertex 59.7832 92.5369 2.49
      vertex 56.4096 87.2868 2.49
      vertex 57.9564 86.4981 2.49
    endloop
  endfacet
  facet normal 0 0 1
    outer loop
      vertex 56.2113 87.4532 2.49
      vertex 58.75 93.2272 2.49
      vertex 57.6355 93.7769 2.49
    endloop
  endfacet
  facet normal -0 -0 1
    outer loop
      vertex 56.4981 87.0436 2.49
      vertex 57.9564 86.4981 2.49
      vertex 56.4096 87.2868 2.49
    endloop
  endfacet
  facet normal 0 0 1
    outer loop
      vertex 57.9564 86.4981 2.49
      vertex 56.4981 87.0436 2.49
      vertex 57.7132 86.4096 2.49
    endloop
  endfacet
  facet normal 0 0 1
    outer loop
      vertex 54.4096 88.2868 2.49
      vertex 57.6355 93.7769 2.49
      vertex 56.4588 94.1763 2.49
    endloop
  endfacet
  facet normal -0 0 1
    outer loop
      vertex 56.4532 86.7887 2.49
      vertex 57.7132 86.4096 2.49
      vertex 56.4981 87.0436 2.49
    endloop
  endfacet
  facet normal 0 0 1
    outer loop
      vertex 59.7832 92.5369 2.49
      vertex 56.2113 87.4532 2.49
      vertex 56.4096 87.2868 2.49
    endloop
  endfacet
  facet normal 0 0 1
    outer loop
      vertex 57.6355 93.7769 2.49
      vertex 55.9564 87.4981 2.49
      vertex 56.2113 87.4532 2.49
    endloop
  endfacet
  facet normal -0 0 1
    outer loop
      vertex 54.4096 88.2868 2.49
      vertex 55.9564 87.4981 2.49
      vertex 57.6355 93.7769 2.49
    endloop
  endfacet
  facet normal 0 0 1
    outer loop
      vertex 55.9564 87.4981 2.49
      vertex 54.4981 88.0436 2.49
      vertex 55.7132 87.4096 2.49
    endloop
  endfacet
  facet normal 0 0 1
    outer loop
      vertex 54.2113 88.4532 2.49
      vertex 56.4588 94.1763 2.49
      vertex 55.24 94.4187 2.49
    endloop
  endfacet
  facet normal -0 0 1
    outer loop
      vertex 54.4532 87.7887 2.49
      vertex 55.7132 87.4096 2.49
      vertex 54.4981 88.0436 2.49
    endloop
  endfacet
  facet normal 0 0 1
    outer loop
      vertex 55.7132 87.4096 2.49
      vertex 54.4532 87.7887 2.49
      vertex 55.5468 87.2113 2.49
    endloop
  endfacet
  facet normal 0 0 1
    outer loop
      vertex 52.1288 82.804 2.49
      vertex 55.5468 87.2113 2.49
      vertex 54.4532 87.7887 2.49
    endloop
  endfacet
  facet normal 0 0 1
    outer loop
      vertex 55.5468 87.2113 2.49
      vertex 52.1288 82.804 2.49
      vertex 53.2224 82.2266 2.49
    endloop
  endfacet
  facet normal -0 0 1
    outer loop
      vertex 51.9624 82.6057 2.49
      vertex 53.2224 82.2266 2.49
      vertex 52.1288 82.804 2.49
    endloop
  endfacet
  facet normal -0 0 1
    outer loop
      vertex 51.7192 82.5172 2.49
      vertex 53.1775 81.9717 2.49
      vertex 51.9624 82.6057 2.49
    endloop
  endfacet
  facet normal 0 0 1
    outer loop
      vertex 53.1775 81.9717 2.49
      vertex 51.7192 82.5172 2.49
      vertex 53.266 81.7285 2.49
    endloop
  endfacet
  facet normal 0 0 1
    outer loop
      vertex 51.4643 82.5622 2.49
      vertex 53.266 81.7285 2.49
      vertex 51.7192 82.5172 2.49
    endloop
  endfacet
  facet normal 0 0 1
    outer loop
      vertex 55.4643 80.5622 2.49
      vertex 46.75 66 2.49
      vertex 52.9267 62.6587 2.49
    endloop
  endfacet
  facet normal 0 0 1
    outer loop
      vertex 46.75 66 2.49
      vertex 53.266 81.7285 2.49
      vertex 51.4643 82.5622 2.49
    endloop
  endfacet
  facet normal 0 0 1
    outer loop
      vertex 49.4643 83.5622 2.49
      vertex 51.4643 82.5622 2.49
      vertex 51.266 82.7285 2.49
    endloop
  endfacet
  facet normal 0 0 1
    outer loop
      vertex 49.7192 83.5172 2.49
      vertex 51.266 82.7285 2.49
      vertex 51.1775 82.9717 2.49
    endloop
  endfacet
  facet normal 0 0 1
    outer loop
      vertex 52.9267 62.6587 2.49
      vertex 46.75 66 2.49
      vertex 52 62.75 2.49
    endloop
  endfacet
  facet normal -0 0 1
    outer loop
      vertex 58.4532 85.7887 2.49
      vertex 63.5 85 2.49
      vertex 63.4187 86.24 2.49
    endloop
  endfacet
  facet normal 0 0 1
    outer loop
      vertex 63.5 85 2.49
      vertex 56.75 58 2.49
      vertex 63.5 8 2.49
    endloop
  endfacet
  facet normal 0 0 1
    outer loop
      vertex 58.4981 86.0436 2.49
      vertex 63.4187 86.24 2.49
      vertex 63.1763 87.4588 2.49
    endloop
  endfacet
  facet normal -0 0 1
    outer loop
      vertex 56.6587 57.0733 2.49
      vertex 63.5 8 2.49
      vertex 56.75 58 2.49
    endloop
  endfacet
  facet normal 0 0 1
    outer loop
      vertex 58.4096 86.2868 2.49
      vertex 63.1763 87.4588 2.49
      vertex 62.7769 88.6355 2.49
    endloop
  endfacet
  facet normal -0 0 1
    outer loop
      vertex 54 42 2.49
      vertex 63.5 8 2.49
      vertex 56.6587 57.0733 2.49
    endloop
  endfacet
  facet normal 0 0 1
    outer loop
      vertex 58.4096 86.2868 2.49
      vertex 62.7769 88.6355 2.49
      vertex 62.2272 89.75 2.49
    endloop
  endfacet
  facet normal -0 0 1
    outer loop
      vertex 54 10 2.49
      vertex 63.5 8 2.49
      vertex 54 42 2.49
    endloop
  endfacet
  facet normal 0 0 1
    outer loop
      vertex 58.4096 86.2868 2.49
      vertex 62.2272 89.75 2.49
      vertex 61.5369 90.7832 2.49
    endloop
  endfacet
  facet normal 0 0 1
    outer loop
      vertex 63.5 8 2.49
      vertex 54 10 2.49
      vertex 63.3943 6.927 2.49
    endloop
  endfacet
  facet normal 0 0 1
    outer loop
      vertex 58.4096 86.2868 2.49
      vertex 61.5369 90.7832 2.49
      vertex 60.7175 91.7175 2.49
    endloop
  endfacet
  facet normal 0 0 1
    outer loop
      vertex 63.3943 6.927 2.49
      vertex 54 10 2.49
      vertex 63.0813 5.89524 2.49
    endloop
  endfacet
  facet normal 0 0 1
    outer loop
      vertex 58.4096 86.2868 2.49
      vertex 60.7175 91.7175 2.49
      vertex 59.7832 92.5369 2.49
    endloop
  endfacet
  facet normal 0 0 1
    outer loop
      vertex 63.0813 5.89524 2.49
      vertex 54 10 2.49
      vertex 62.5731 4.94436 2.49
    endloop
  endfacet
  facet normal 0 0 1
    outer loop
      vertex 56.2113 87.4532 2.49
      vertex 59.7832 92.5369 2.49
      vertex 58.75 93.2272 2.49
    endloop
  endfacet
  facet normal 0 0 1
    outer loop
      vertex 63.4187 86.24 2.49
      vertex 58.4981 86.0436 2.49
      vertex 58.4532 85.7887 2.49
    endloop
  endfacet
  facet normal 0 0 1
    outer loop
      vertex 63.5 85 2.49
      vertex 58.4532 85.7887 2.49
      vertex 56.1288 80.804 2.49
    endloop
  endfacet
  facet normal 0 0 1
    outer loop
      vertex 62.5731 4.94436 2.49
      vertex 54 10 2.49
      vertex 61.8891 4.11091 2.49
    endloop
  endfacet
  facet normal 0 0 1
    outer loop
      vertex 61.8891 4.11091 2.49
      vertex 54 10 2.49
      vertex 61.0556 3.42692 2.49
    endloop
  endfacet
  facet normal 0 0 1
    outer loop
      vertex 63.5 85 2.49
      vertex 56.6587 58.9267 2.49
      vertex 56.75 58 2.49
    endloop
  endfacet
  facet normal 0 0 1
    outer loop
      vertex 63.5 85 2.49
      vertex 56.3884 59.8177 2.49
      vertex 56.6587 58.9267 2.49
    endloop
  endfacet
  facet normal 0 0 1
    outer loop
      vertex 55.9624 80.6057 2.49
      vertex 63.5 85 2.49
      vertex 56.1288 80.804 2.49
    endloop
  endfacet
  facet normal 0 0 1
    outer loop
      vertex 55.3588 61.3588 2.49
      vertex 63.5 85 2.49
      vertex 55.9624 80.6057 2.49
    endloop
  endfacet
  facet normal 0 0 1
    outer loop
      vertex 63.5 85 2.49
      vertex 55.9495 60.639 2.49
      vertex 56.3884 59.8177 2.49
    endloop
  endfacet
  facet normal 0 0 1
    outer loop
      vertex 54.639 61.9495 2.49
      vertex 55.9624 80.6057 2.49
      vertex 55.7192 80.5172 2.49
    endloop
  endfacet
  facet normal 0 0 1
    outer loop
      vertex 52.9267 62.6587 2.49
      vertex 55.7192 80.5172 2.49
      vertex 55.4643 80.5622 2.49
    endloop
  endfacet
  facet normal 0 0 1
    outer loop
      vertex 63.5 85 2.49
      vertex 55.3588 61.3588 2.49
      vertex 55.9495 60.639 2.49
    endloop
  endfacet
  facet normal 0 0 1
    outer loop
      vertex 53.4643 81.5622 2.49
      vertex 55.4643 80.5622 2.49
      vertex 55.266 80.7285 2.49
    endloop
  endfacet
  facet normal 0 0 1
    outer loop
      vertex 53.7192 81.5172 2.49
      vertex 55.266 80.7285 2.49
      vertex 55.1775 80.9717 2.49
    endloop
  endfacet
  facet normal 0 0 1
    outer loop
      vertex 55.9624 80.6057 2.49
      vertex 54.639 61.9495 2.49
      vertex 55.3588 61.3588 2.49
    endloop
  endfacet
  facet normal 0 0 1
    outer loop
      vertex 61.0556 3.42692 2.49
      vertex 54 10 2.49
      vertex 60.1048 2.91866 2.49
    endloop
  endfacet
  facet normal 0 0 1
    outer loop
      vertex 54 42 2.49
      vertex 56.6587 57.0733 2.49
      vertex 56.3884 56.1823 2.49
    endloop
  endfacet
  facet normal 0 0 1
    outer loop
      vertex 54 42 2.49
      vertex 56.3884 56.1823 2.49
      vertex 55.9495 55.361 2.49
    endloop
  endfacet
  facet normal 0 0 1
    outer loop
      vertex 54 42 2.49
      vertex 55.9495 55.361 2.49
      vertex 55.3588 54.6412 2.49
    endloop
  endfacet
  facet normal 0 0 1
    outer loop
      vertex 54 42 2.49
      vertex 55.3588 54.6412 2.49
      vertex 54.639 54.0505 2.49
    endloop
  endfacet
  facet normal 0 0 1
    outer loop
      vertex 60.1048 2.91866 2.49
      vertex 54 10 2.49
      vertex 59.073 2.60568 2.49
    endloop
  endfacet
  facet normal 0 0 1
    outer loop
      vertex 59.073 2.60568 2.49
      vertex 54 10 2.49
      vertex 58 2.5 2.49
    endloop
  endfacet
  facet normal -0 0 1
    outer loop
      vertex 12 10 2.49
      vertex 58 2.5 2.49
      vertex 54 10 2.49
    endloop
  endfacet
  facet normal 0 0 1
    outer loop
      vertex 58 2.5 2.49
      vertex 12 10 2.49
      vertex 8 2.5 2.49
    endloop
  endfacet
  facet normal 0 0 1
    outer loop
      vertex 57.7132 86.4096 2.49
      vertex 56.4532 86.7887 2.49
      vertex 57.5468 86.2113 2.49
    endloop
  endfacet
  facet normal 0 0 1
    outer loop
      vertex 54.1288 81.804 2.49
      vertex 57.5468 86.2113 2.49
      vertex 56.4532 86.7887 2.49
    endloop
  endfacet
  facet normal 0 0 1
    outer loop
      vertex 57.5468 86.2113 2.49
      vertex 54.1288 81.804 2.49
      vertex 55.2224 81.2266 2.49
    endloop
  endfacet
  facet normal -0 0 1
    outer loop
      vertex 53.9624 81.6057 2.49
      vertex 55.2224 81.2266 2.49
      vertex 54.1288 81.804 2.49
    endloop
  endfacet
  facet normal 0 0 1
    outer loop
      vertex 55.2224 81.2266 2.49
      vertex 53.9624 81.6057 2.49
      vertex 55.1775 80.9717 2.49
    endloop
  endfacet
  facet normal -0 0 1
    outer loop
      vertex 53.7192 81.5172 2.49
      vertex 55.1775 80.9717 2.49
      vertex 53.9624 81.6057 2.49
    endloop
  endfacet
  facet normal 0 0 1
    outer loop
      vertex 55.7192 80.5172 2.49
      vertex 53.8177 62.3884 2.49
      vertex 54.639 61.9495 2.49
    endloop
  endfacet
  facet normal 0 0 1
    outer loop
      vertex 55.266 80.7285 2.49
      vertex 53.7192 81.5172 2.49
      vertex 53.4643 81.5622 2.49
    endloop
  endfacet
  facet normal 0 0 1
    outer loop
      vertex 46.75 66 2.49
      vertex 55.4643 80.5622 2.49
      vertex 53.4643 81.5622 2.49
    endloop
  endfacet
  facet normal 0 0 1
    outer loop
      vertex 46.75 66 2.49
      vertex 53.4643 81.5622 2.49
      vertex 53.266 81.7285 2.49
    endloop
  endfacet
  facet normal 0 0 1
    outer loop
      vertex 53.2224 82.2266 2.49
      vertex 51.9624 82.6057 2.49
      vertex 53.1775 81.9717 2.49
    endloop
  endfacet
  facet normal 0 0 1
    outer loop
      vertex 55.7192 80.5172 2.49
      vertex 52.9267 62.6587 2.49
      vertex 53.8177 62.3884 2.49
    endloop
  endfacet
  facet normal 0 0 1
    outer loop
      vertex 53.7132 88.4096 2.49
      vertex 52.4532 88.7887 2.49
      vertex 53.5468 88.2113 2.49
    endloop
  endfacet
  facet normal 0 0 1
    outer loop
      vertex 50.1288 83.804 2.49
      vertex 53.5468 88.2113 2.49
      vertex 52.4532 88.7887 2.49
    endloop
  endfacet
  facet normal 0 0 1
    outer loop
      vertex 52 62.75 2.49
      vertex 46.75 66 2.49
      vertex 51.0733 62.6587 2.49
    endloop
  endfacet
  facet normal 0 0 1
    outer loop
      vertex 53.5468 88.2113 2.49
      vertex 50.1288 83.804 2.49
      vertex 51.2224 83.2266 2.49
    endloop
  endfacet
  facet normal -0 0 1
    outer loop
      vertex 49.9624 83.6057 2.49
      vertex 51.2224 83.2266 2.49
      vertex 50.1288 83.804 2.49
    endloop
  endfacet
  facet normal 0 0 1
    outer loop
      vertex 51.2224 83.2266 2.49
      vertex 49.9624 83.6057 2.49
      vertex 51.1775 82.9717 2.49
    endloop
  endfacet
  facet normal -0 0 1
    outer loop
      vertex 49.7192 83.5172 2.49
      vertex 51.1775 82.9717 2.49
      vertex 49.9624 83.6057 2.49
    endloop
  endfacet
  facet normal 0 0 1
    outer loop
      vertex 51.266 82.7285 2.49
      vertex 49.7192 83.5172 2.49
      vertex 49.4643 83.5622 2.49
    endloop
  endfacet
  facet normal 0 0 1
    outer loop
      vertex 46.75 66 2.49
      vertex 51.4643 82.5622 2.49
      vertex 49.4643 83.5622 2.49
    endloop
  endfacet
  facet normal 0 0 1
    outer loop
      vertex 51.0733 62.6587 2.49
      vertex 46.75 66 2.49
      vertex 50.1823 62.3884 2.49
    endloop
  endfacet
  facet normal 0 0 1
    outer loop
      vertex 47.4643 84.5622 2.49
      vertex 49.4643 83.5622 2.49
      vertex 49.266 83.7285 2.49
    endloop
  endfacet
  facet normal 0 0 1
    outer loop
      vertex 47.7192 84.5172 2.49
      vertex 49.266 83.7285 2.49
      vertex 49.1775 83.9717 2.49
    endloop
  endfacet
  facet normal 0 0 1
    outer loop
      vertex 46.75 66 2.49
      vertex 49.4643 83.5622 2.49
      vertex 47.4643 84.5622 2.49
    endloop
  endfacet
  facet normal 0 0 1
    outer loop
      vertex 51.7132 89.4096 2.49
      vertex 50.4532 89.7887 2.49
      vertex 51.5468 89.2113 2.49
    endloop
  endfacet
  facet normal 0 0 1
    outer loop
      vertex 48.1288 84.804 2.49
      vertex 51.5468 89.2113 2.49
      vertex 50.4532 89.7887 2.49
    endloop
  endfacet
  facet normal 0 0 1
    outer loop
      vertex 51.5468 89.2113 2.49
      vertex 48.1288 84.804 2.49
      vertex 49.2224 84.2266 2.49
    endloop
  endfacet
  facet normal -0 0 1
    outer loop
      vertex 47.9624 84.6057 2.49
      vertex 49.2224 84.2266 2.49
      vertex 48.1288 84.804 2.49
    endloop
  endfacet
  facet normal 0 0 1
    outer loop
      vertex 49.2224 84.2266 2.49
      vertex 47.9624 84.6057 2.49
      vertex 49.1775 83.9717 2.49
    endloop
  endfacet
  facet normal -0 0 1
    outer loop
      vertex 47.7192 84.5172 2.49
      vertex 49.1775 83.9717 2.49
      vertex 47.9624 84.6057 2.49
    endloop
  endfacet
  facet normal 0 0 1
    outer loop
      vertex 49.266 83.7285 2.49
      vertex 47.7192 84.5172 2.49
      vertex 47.4643 84.5622 2.49
    endloop
  endfacet
  facet normal -0 0 1
    outer loop
      vertex 46.6587 65.0733 2.49
      vertex 50.1823 62.3884 2.49
      vertex 46.75 66 2.49
    endloop
  endfacet
  facet normal 0 0 1
    outer loop
      vertex 46.75 66 2.49
      vertex 47.4643 84.5622 2.49
      vertex 47.266 84.7285 2.49
    endloop
  endfacet
  facet normal 0 0 1
    outer loop
      vertex 50.1823 62.3884 2.49
      vertex 46.6587 65.0733 2.49
      vertex 49.361 61.9495 2.49
    endloop
  endfacet
  facet normal -0 0 1
    outer loop
      vertex 46.3884 64.1823 2.49
      vertex 49.361 61.9495 2.49
      vertex 46.6587 65.0733 2.49
    endloop
  endfacet
  facet normal 0 0 1
    outer loop
      vertex 46.75 66 2.49
      vertex 47.266 84.7285 2.49
      vertex 47.1775 84.9717 2.49
    endloop
  endfacet
  facet normal 0 0 1
    outer loop
      vertex 49.361 61.9495 2.49
      vertex 46.3884 64.1823 2.49
      vertex 48.6412 61.3588 2.49
    endloop
  endfacet
  facet normal -0 0 1
    outer loop
      vertex 45.9495 63.361 2.49
      vertex 48.6412 61.3588 2.49
      vertex 46.3884 64.1823 2.49
    endloop
  endfacet
  facet normal 0.956944 -0.290274 0
    outer loop
      vertex 2.60568 90.073 9.99
      vertex 2.91866 91.1048 2.49
      vertex 2.91866 91.1048 9.99
    endloop
  endfacet
  facet normal 0.956944 -0.290274 0
    outer loop
      vertex 2.91866 91.1048 2.49
      vertex 2.60568 90.073 9.99
      vertex 2.60568 90.073 2.49
    endloop
  endfacet
  facet normal -1 0 0
    outer loop
      vertex 63.7 8 9.99
      vertex 63.7 85 12
      vertex 63.7 85 9.99
    endloop
  endfacet
  facet normal -1 -0 0
    outer loop
      vertex 63.7 85 12
      vertex 63.7 8 9.99
      vertex 63.7 8 12
    endloop
  endfacet
  facet normal 0.290291 0.956938 -0
    outer loop
      vertex 6.88798 2.40952 9.99
      vertex 5.8187 2.73389 12
      vertex 6.88798 2.40952 12
    endloop
  endfacet
  facet normal 0.290291 0.956938 0
    outer loop
      vertex 5.8187 2.73389 12
      vertex 6.88798 2.40952 9.99
      vertex 5.8187 2.73389 9.99
    endloop
  endfacet
  facet normal 0.471373 -0.881934 0
    outer loop
      vertex 4.83325 93.7394 9.99
      vertex 5.8187 94.2661 12
      vertex 4.83325 93.7394 12
    endloop
  endfacet
  facet normal 0.471373 -0.881934 0
    outer loop
      vertex 5.8187 94.2661 12
      vertex 4.83325 93.7394 9.99
      vertex 5.8187 94.2661 9.99
    endloop
  endfacet
  facet normal 0.881913 -0.471413 0
    outer loop
      vertex 2.73389 91.1813 12
      vertex 3.26062 92.1667 9.99
      vertex 3.26062 92.1667 12
    endloop
  endfacet
  facet normal 0.881913 -0.471413 0
    outer loop
      vertex 3.26062 92.1667 9.99
      vertex 2.73389 91.1813 12
      vertex 2.73389 91.1813 9.99
    endloop
  endfacet
  facet normal 0.881923 0.471394 0
    outer loop
      vertex 3.26062 4.83325 12
      vertex 2.73389 5.8187 9.99
      vertex 2.73389 5.8187 12
    endloop
  endfacet
  facet normal 0.881923 0.471394 0
    outer loop
      vertex 2.73389 5.8187 9.99
      vertex 3.26062 4.83325 12
      vertex 3.26062 4.83325 9.99
    endloop
  endfacet
  facet normal 0.95694 -0.290286 0
    outer loop
      vertex 2.40952 90.112 12
      vertex 2.73389 91.1813 9.99
      vertex 2.73389 91.1813 12
    endloop
  endfacet
  facet normal 0.95694 -0.290286 0
    outer loop
      vertex 2.73389 91.1813 9.99
      vertex 2.40952 90.112 12
      vertex 2.40952 90.112 9.99
    endloop
  endfacet
  facet normal 1 -0 0
    outer loop
      vertex 2.3 8 12
      vertex 2.3 89 9.99
      vertex 2.3 89 12
    endloop
  endfacet
  facet normal 1 0 0
    outer loop
      vertex 2.3 89 9.99
      vertex 2.3 8 12
      vertex 2.3 8 9.99
    endloop
  endfacet
  facet normal 0.0979955 -0.995187 0
    outer loop
      vertex 6.88798 94.5905 9.99
      vertex 8 94.7 12
      vertex 6.88798 94.5905 12
    endloop
  endfacet
  facet normal 0.0979955 -0.995187 0
    outer loop
      vertex 8 94.7 12
      vertex 6.88798 94.5905 9.99
      vertex 8 94.7 9.99
    endloop
  endfacet
  facet normal 0.471394 0.881923 -0
    outer loop
      vertex 5.8187 2.73389 9.99
      vertex 4.83325 3.26062 12
      vertex 5.8187 2.73389 12
    endloop
  endfacet
  facet normal 0.471394 0.881923 0
    outer loop
      vertex 4.83325 3.26062 12
      vertex 5.8187 2.73389 9.99
      vertex 4.83325 3.26062 9.99
    endloop
  endfacet
  facet normal 0 -1 0
    outer loop
      vertex 8 94.7 9.99
      vertex 54 94.7 12
      vertex 8 94.7 12
    endloop
  endfacet
  facet normal 0 -1 -0
    outer loop
      vertex 54 94.7 12
      vertex 8 94.7 9.99
      vertex 54 94.7 9.99
    endloop
  endfacet
  facet normal -0.751819 -0.659369 0
    outer loop
      vertex 61.6955 90.905 9.99
      vertex 60.8589 91.8589 12
      vertex 60.8589 91.8589 9.99
    endloop
  endfacet
  facet normal -0.751819 -0.659369 0
    outer loop
      vertex 60.8589 91.8589 12
      vertex 61.6955 90.905 9.99
      vertex 61.6955 90.905 12
    endloop
  endfacet
  facet normal -0.0654152 -0.997858 0
    outer loop
      vertex 54 94.7 9.99
      vertex 55.2661 94.617 12
      vertex 54 94.7 12
    endloop
  endfacet
  facet normal -0.0654152 -0.997858 -0
    outer loop
      vertex 55.2661 94.617 12
      vertex 54 94.7 9.99
      vertex 55.2661 94.617 9.99
    endloop
  endfacet
  facet normal -0.956932 0.290313 0
    outer loop
      vertex 63.2661 5.8187 9.99
      vertex 63.5905 6.88799 12
      vertex 63.5905 6.88799 9.99
    endloop
  endfacet
  facet normal -0.956932 0.290313 0
    outer loop
      vertex 63.5905 6.88799 12
      vertex 63.2661 5.8187 9.99
      vertex 63.2661 5.8187 12
    endloop
  endfacet
  facet normal 0.63441 -0.772997 0
    outer loop
      vertex 3.96949 93.0305 9.99
      vertex 4.83325 93.7394 12
      vertex 3.96949 93.0305 12
    endloop
  endfacet
  facet normal 0.63441 -0.772997 0
    outer loop
      vertex 4.83325 93.7394 12
      vertex 3.96949 93.0305 9.99
      vertex 4.83325 93.7394 9.99
    endloop
  endfacet
  facet normal 0.956939 0.290288 0
    outer loop
      vertex 2.73389 5.8187 12
      vertex 2.40952 6.88799 9.99
      vertex 2.40952 6.88799 12
    endloop
  endfacet
  facet normal 0.956939 0.290288 0
    outer loop
      vertex 2.40952 6.88799 9.99
      vertex 2.73389 5.8187 12
      vertex 2.73389 5.8187 9.99
    endloop
  endfacet
  facet normal 0.995185 -0.098015 0
    outer loop
      vertex 2.3 89 12
      vertex 2.40952 90.112 9.99
      vertex 2.40952 90.112 12
    endloop
  endfacet
  facet normal 0.995185 -0.098015 0
    outer loop
      vertex 2.40952 90.112 9.99
      vertex 2.3 89 12
      vertex 2.3 89 9.99
    endloop
  endfacet
  facet normal -0.997858 -0.0654152 0
    outer loop
      vertex 63.7 85 9.99
      vertex 63.617 86.2661 12
      vertex 63.617 86.2661 9.99
    endloop
  endfacet
  facet normal -0.997858 -0.0654152 0
    outer loop
      vertex 63.617 86.2661 12
      vertex 63.7 85 9.99
      vertex 63.7 85 12
    endloop
  endfacet
  facet normal -0.896873 -0.442289 0
    outer loop
      vertex 62.9616 88.712 9.99
      vertex 62.4004 89.85 12
      vertex 62.4004 89.85 9.99
    endloop
  endfacet
  facet normal -0.896873 -0.442289 0
    outer loop
      vertex 62.4004 89.85 12
      vertex 62.9616 88.712 9.99
      vertex 62.9616 88.712 12
    endloop
  endfacet
  facet normal 0.0980132 0.995185 -0
    outer loop
      vertex 8 2.3 9.99
      vertex 6.88798 2.40952 12
      vertex 8 2.3 12
    endloop
  endfacet
  facet normal 0.0980132 0.995185 0
    outer loop
      vertex 6.88798 2.40952 12
      vertex 8 2.3 9.99
      vertex 6.88798 2.40952 9.99
    endloop
  endfacet
  facet normal -0.980789 -0.19507 0
    outer loop
      vertex 63.617 86.2661 9.99
      vertex 63.3695 87.5105 12
      vertex 63.3695 87.5105 9.99
    endloop
  endfacet
  facet normal -0.980789 -0.19507 0
    outer loop
      vertex 63.3695 87.5105 12
      vertex 63.617 86.2661 9.99
      vertex 63.617 86.2661 12
    endloop
  endfacet
  facet normal -0.881934 0.471373 0
    outer loop
      vertex 62.7394 4.83325 9.99
      vertex 63.2661 5.8187 12
      vertex 63.2661 5.8187 9.99
    endloop
  endfacet
  facet normal -0.881934 0.471373 0
    outer loop
      vertex 63.2661 5.8187 12
      vertex 62.7394 4.83325 9.99
      vertex 62.7394 4.83325 12
    endloop
  endfacet
  facet normal -0.098015 0.995185 0
    outer loop
      vertex 59.112 2.40952 9.99
      vertex 58 2.3 12
      vertex 59.112 2.40952 12
    endloop
  endfacet
  facet normal -0.098015 0.995185 0
    outer loop
      vertex 58 2.3 12
      vertex 59.112 2.40952 9.99
      vertex 58 2.3 9.99
    endloop
  endfacet
  facet normal -0.290286 0.95694 0
    outer loop
      vertex 60.1813 2.73389 9.99
      vertex 59.112 2.40952 12
      vertex 60.1813 2.73389 12
    endloop
  endfacet
  facet normal -0.290286 0.95694 0
    outer loop
      vertex 59.112 2.40952 12
      vertex 60.1813 2.73389 9.99
      vertex 59.112 2.40952 9.99
    endloop
  endfacet
  facet normal 0.634394 0.77301 -0
    outer loop
      vertex 4.83325 3.26062 9.99
      vertex 3.96949 3.96949 12
      vertex 4.83325 3.26062 12
    endloop
  endfacet
  facet normal 0.634394 0.77301 0
    outer loop
      vertex 3.96949 3.96949 12
      vertex 4.83325 3.26062 9.99
      vertex 3.96949 3.96949 9.99
    endloop
  endfacet
  facet normal -0.946919 -0.321472 0
    outer loop
      vertex 63.3695 87.5105 9.99
      vertex 62.9616 88.712 12
      vertex 62.9616 88.712 9.99
    endloop
  endfacet
  facet normal -0.946919 -0.321472 0
    outer loop
      vertex 62.9616 88.712 12
      vertex 63.3695 87.5105 9.99
      vertex 63.3695 87.5105 12
    endloop
  endfacet
  facet normal -0.995187 0.0979964 0
    outer loop
      vertex 63.5905 6.88799 9.99
      vertex 63.7 8 12
      vertex 63.7 8 9.99
    endloop
  endfacet
  facet normal -0.995187 0.0979964 0
    outer loop
      vertex 63.7 8 12
      vertex 63.5905 6.88799 9.99
      vertex 63.5905 6.88799 12
    endloop
  endfacet
  facet normal 0.290315 -0.956931 0
    outer loop
      vertex 5.8187 94.2661 9.99
      vertex 6.88798 94.5905 12
      vertex 5.8187 94.2661 12
    endloop
  endfacet
  facet normal 0.290315 -0.956931 0
    outer loop
      vertex 6.88798 94.5905 12
      vertex 5.8187 94.2661 9.99
      vertex 6.88798 94.5905 9.99
    endloop
  endfacet
  facet normal -0.659369 -0.751819 0
    outer loop
      vertex 59.905 92.6955 9.99
      vertex 60.8589 91.8589 12
      vertex 59.905 92.6955 12
    endloop
  endfacet
  facet normal -0.659369 -0.751819 -0
    outer loop
      vertex 60.8589 91.8589 12
      vertex 59.905 92.6955 9.99
      vertex 60.8589 91.8589 9.99
    endloop
  endfacet
  facet normal -0.442289 -0.896873 0
    outer loop
      vertex 57.712 93.9616 9.99
      vertex 58.85 93.4004 12
      vertex 57.712 93.9616 12
    endloop
  endfacet
  facet normal -0.442289 -0.896873 -0
    outer loop
      vertex 58.85 93.4004 12
      vertex 57.712 93.9616 9.99
      vertex 58.85 93.4004 9.99
    endloop
  endfacet
  facet normal 0.995185 0.0980141 0
    outer loop
      vertex 2.40952 6.88799 12
      vertex 2.3 8 9.99
      vertex 2.3 8 12
    endloop
  endfacet
  facet normal 0.995185 0.0980141 0
    outer loop
      vertex 2.3 8 9.99
      vertex 2.40952 6.88799 12
      vertex 2.40952 6.88799 9.99
    endloop
  endfacet
  facet normal 0 1 -0
    outer loop
      vertex 58 2.3 9.99
      vertex 8 2.3 12
      vertex 58 2.3 12
    endloop
  endfacet
  facet normal 0 1 0
    outer loop
      vertex 8 2.3 12
      vertex 58 2.3 9.99
      vertex 8 2.3 9.99
    endloop
  endfacet
  facet normal -0.83148 -0.555555 0
    outer loop
      vertex 62.4004 89.85 9.99
      vertex 61.6955 90.905 12
      vertex 61.6955 90.905 9.99
    endloop
  endfacet
  facet normal -0.83148 -0.555555 0
    outer loop
      vertex 61.6955 90.905 12
      vertex 62.4004 89.85 9.99
      vertex 62.4004 89.85 12
    endloop
  endfacet
  facet normal 0.773025 -0.634376 0
    outer loop
      vertex 3.26062 92.1667 12
      vertex 3.96949 93.0305 9.99
      vertex 3.96949 93.0305 12
    endloop
  endfacet
  facet normal 0.773025 -0.634376 0
    outer loop
      vertex 3.96949 93.0305 9.99
      vertex 3.26062 92.1667 12
      vertex 3.26062 92.1667 9.99
    endloop
  endfacet
  facet normal -0.19507 -0.980789 0
    outer loop
      vertex 55.2661 94.617 9.99
      vertex 56.5105 94.3695 12
      vertex 55.2661 94.617 12
    endloop
  endfacet
  facet normal -0.19507 -0.980789 -0
    outer loop
      vertex 56.5105 94.3695 12
      vertex 55.2661 94.617 9.99
      vertex 56.5105 94.3695 9.99
    endloop
  endfacet
  facet normal -0.471413 0.881913 0
    outer loop
      vertex 61.1667 3.26062 9.99
      vertex 60.1813 2.73389 12
      vertex 61.1667 3.26062 12
    endloop
  endfacet
  facet normal -0.471413 0.881913 0
    outer loop
      vertex 60.1813 2.73389 12
      vertex 61.1667 3.26062 9.99
      vertex 60.1813 2.73389 9.99
    endloop
  endfacet
  facet normal -0.555555 -0.83148 0
    outer loop
      vertex 58.85 93.4004 9.99
      vertex 59.905 92.6955 12
      vertex 58.85 93.4004 12
    endloop
  endfacet
  facet normal -0.555555 -0.83148 -0
    outer loop
      vertex 59.905 92.6955 12
      vertex 58.85 93.4004 9.99
      vertex 59.905 92.6955 9.99
    endloop
  endfacet
  facet normal -0.634376 0.773025 0
    outer loop
      vertex 62.0305 3.96949 9.99
      vertex 61.1667 3.26062 12
      vertex 62.0305 3.96949 12
    endloop
  endfacet
  facet normal -0.634376 0.773025 0
    outer loop
      vertex 61.1667 3.26062 12
      vertex 62.0305 3.96949 9.99
      vertex 61.1667 3.26062 9.99
    endloop
  endfacet
  facet normal 0.77301 0.634394 0
    outer loop
      vertex 3.96949 3.96949 12
      vertex 3.26062 4.83325 9.99
      vertex 3.26062 4.83325 12
    endloop
  endfacet
  facet normal 0.77301 0.634394 0
    outer loop
      vertex 3.26062 4.83325 9.99
      vertex 3.96949 3.96949 12
      vertex 3.96949 3.96949 9.99
    endloop
  endfacet
  facet normal 0 0 1
    outer loop
      vertex 63.5 85 9.99
      vertex 63.7 85 9.99
      vertex 63.617 86.2661 9.99
    endloop
  endfacet
  facet normal 0 0 1
    outer loop
      vertex 63.7 85 9.99
      vertex 63.5 85 9.99
      vertex 63.7 8 9.99
    endloop
  endfacet
  facet normal 0 0 1
    outer loop
      vertex 63.7 8 9.99
      vertex 63.5 85 9.99
      vertex 63.5 8 9.99
    endloop
  endfacet
  facet normal 0 0 1
    outer loop
      vertex 63.617 86.2661 9.99
      vertex 63.4187 86.24 9.99
      vertex 63.5 85 9.99
    endloop
  endfacet
  facet normal 0 0 1
    outer loop
      vertex 63.3695 87.5105 9.99
      vertex 63.4187 86.24 9.99
      vertex 63.617 86.2661 9.99
    endloop
  endfacet
  facet normal 0 0 1
    outer loop
      vertex 63.3695 87.5105 9.99
      vertex 63.1763 87.4588 9.99
      vertex 63.4187 86.24 9.99
    endloop
  endfacet
  facet normal 0 0 1
    outer loop
      vertex 62.9616 88.712 9.99
      vertex 63.1763 87.4588 9.99
      vertex 63.3695 87.5105 9.99
    endloop
  endfacet
  facet normal 0 0 1
    outer loop
      vertex 62.9616 88.712 9.99
      vertex 62.7769 88.6355 9.99
      vertex 63.1763 87.4588 9.99
    endloop
  endfacet
  facet normal 0 0 1
    outer loop
      vertex 62.4004 89.85 9.99
      vertex 62.7769 88.6355 9.99
      vertex 62.9616 88.712 9.99
    endloop
  endfacet
  facet normal 0 0 1
    outer loop
      vertex 62.4004 89.85 9.99
      vertex 62.2272 89.75 9.99
      vertex 62.7769 88.6355 9.99
    endloop
  endfacet
  facet normal 0 0 1
    outer loop
      vertex 61.6955 90.905 9.99
      vertex 62.2272 89.75 9.99
      vertex 62.4004 89.85 9.99
    endloop
  endfacet
  facet normal 0 0 1
    outer loop
      vertex 61.6955 90.905 9.99
      vertex 61.5369 90.7832 9.99
      vertex 62.2272 89.75 9.99
    endloop
  endfacet
  facet normal 0 0 1
    outer loop
      vertex 60.8589 91.8589 9.99
      vertex 61.5369 90.7832 9.99
      vertex 61.6955 90.905 9.99
    endloop
  endfacet
  facet normal 0 0 1
    outer loop
      vertex 60.8589 91.8589 9.99
      vertex 60.7175 91.7175 9.99
      vertex 61.5369 90.7832 9.99
    endloop
  endfacet
  facet normal 0 0 1
    outer loop
      vertex 59.905 92.6955 9.99
      vertex 60.7175 91.7175 9.99
      vertex 60.8589 91.8589 9.99
    endloop
  endfacet
  facet normal 0 0 1
    outer loop
      vertex 59.905 92.6955 9.99
      vertex 59.7832 92.5369 9.99
      vertex 60.7175 91.7175 9.99
    endloop
  endfacet
  facet normal 0 0 1
    outer loop
      vertex 58.85 93.4004 9.99
      vertex 59.7832 92.5369 9.99
      vertex 59.905 92.6955 9.99
    endloop
  endfacet
  facet normal 0 0 1
    outer loop
      vertex 58.85 93.4004 9.99
      vertex 58.75 93.2272 9.99
      vertex 59.7832 92.5369 9.99
    endloop
  endfacet
  facet normal 0 0 1
    outer loop
      vertex 57.712 93.9616 9.99
      vertex 58.75 93.2272 9.99
      vertex 58.85 93.4004 9.99
    endloop
  endfacet
  facet normal 0 0 1
    outer loop
      vertex 57.712 93.9616 9.99
      vertex 57.6355 93.7769 9.99
      vertex 58.75 93.2272 9.99
    endloop
  endfacet
  facet normal 0 0 1
    outer loop
      vertex 56.5105 94.3695 9.99
      vertex 57.6355 93.7769 9.99
      vertex 57.712 93.9616 9.99
    endloop
  endfacet
  facet normal 0 0 1
    outer loop
      vertex 56.5105 94.3695 9.99
      vertex 56.4588 94.1763 9.99
      vertex 57.6355 93.7769 9.99
    endloop
  endfacet
  facet normal 0 0 1
    outer loop
      vertex 55.2661 94.617 9.99
      vertex 56.4588 94.1763 9.99
      vertex 56.5105 94.3695 9.99
    endloop
  endfacet
  facet normal 0 0 1
    outer loop
      vertex 55.2661 94.617 9.99
      vertex 55.24 94.4187 9.99
      vertex 56.4588 94.1763 9.99
    endloop
  endfacet
  facet normal 0 0 1
    outer loop
      vertex 54 94.7 9.99
      vertex 55.24 94.4187 9.99
      vertex 55.2661 94.617 9.99
    endloop
  endfacet
  facet normal 0 0 1
    outer loop
      vertex 54 94.7 9.99
      vertex 54 94.5 9.99
      vertex 55.24 94.4187 9.99
    endloop
  endfacet
  facet normal -0 0 1
    outer loop
      vertex 8 94.7 9.99
      vertex 54 94.5 9.99
      vertex 54 94.7 9.99
    endloop
  endfacet
  facet normal 0 0 1
    outer loop
      vertex 8 94.7 9.99
      vertex 8 94.5 9.99
      vertex 54 94.5 9.99
    endloop
  endfacet
  facet normal 0 0 1
    outer loop
      vertex 8 94.7 9.99
      vertex 6.927 94.3943 9.99
      vertex 8 94.5 9.99
    endloop
  endfacet
  facet normal -0 0 1
    outer loop
      vertex 6.88798 94.5905 9.99
      vertex 6.927 94.3943 9.99
      vertex 8 94.7 9.99
    endloop
  endfacet
  facet normal 0 0 1
    outer loop
      vertex 6.88798 94.5905 9.99
      vertex 5.89524 94.0813 9.99
      vertex 6.927 94.3943 9.99
    endloop
  endfacet
  facet normal -0 0 1
    outer loop
      vertex 5.8187 94.2661 9.99
      vertex 5.89524 94.0813 9.99
      vertex 6.88798 94.5905 9.99
    endloop
  endfacet
  facet normal 0 0 1
    outer loop
      vertex 5.8187 94.2661 9.99
      vertex 4.94436 93.5731 9.99
      vertex 5.89524 94.0813 9.99
    endloop
  endfacet
  facet normal -0 0 1
    outer loop
      vertex 4.83325 93.7394 9.99
      vertex 4.94436 93.5731 9.99
      vertex 5.8187 94.2661 9.99
    endloop
  endfacet
  facet normal 0 0 1
    outer loop
      vertex 4.83325 93.7394 9.99
      vertex 4.11091 92.8891 9.99
      vertex 4.94436 93.5731 9.99
    endloop
  endfacet
  facet normal -0 0 1
    outer loop
      vertex 3.96949 93.0305 9.99
      vertex 4.11091 92.8891 9.99
      vertex 4.83325 93.7394 9.99
    endloop
  endfacet
  facet normal 0 0 1
    outer loop
      vertex 3.96949 93.0305 9.99
      vertex 3.42692 92.0556 9.99
      vertex 4.11091 92.8891 9.99
    endloop
  endfacet
  facet normal -0 0 1
    outer loop
      vertex 3.26062 92.1667 9.99
      vertex 3.42692 92.0556 9.99
      vertex 3.96949 93.0305 9.99
    endloop
  endfacet
  facet normal 0 0 1
    outer loop
      vertex 3.26062 92.1667 9.99
      vertex 2.91866 91.1048 9.99
      vertex 3.42692 92.0556 9.99
    endloop
  endfacet
  facet normal -0 0 1
    outer loop
      vertex 2.73389 91.1813 9.99
      vertex 2.91866 91.1048 9.99
      vertex 3.26062 92.1667 9.99
    endloop
  endfacet
  facet normal 0 0 1
    outer loop
      vertex 2.73389 91.1813 9.99
      vertex 2.60568 90.073 9.99
      vertex 2.91866 91.1048 9.99
    endloop
  endfacet
  facet normal 0 0 1
    outer loop
      vertex 2.3 89 9.99
      vertex 2.5 89 9.99
      vertex 2.40952 90.112 9.99
    endloop
  endfacet
  facet normal 0 0 1
    outer loop
      vertex 2.60568 90.073 9.99
      vertex 2.40952 90.112 9.99
      vertex 2.5 89 9.99
    endloop
  endfacet
  facet normal -0 0 1
    outer loop
      vertex 2.40952 90.112 9.99
      vertex 2.60568 90.073 9.99
      vertex 2.73389 91.1813 9.99
    endloop
  endfacet
  facet normal 0 0 1
    outer loop
      vertex 63.7 8 9.99
      vertex 63.5 8 9.99
      vertex 63.5905 6.88799 9.99
    endloop
  endfacet
  facet normal -0 0 1
    outer loop
      vertex 63.3943 6.927 9.99
      vertex 63.5905 6.88799 9.99
      vertex 63.5 8 9.99
    endloop
  endfacet
  facet normal 0 0 1
    outer loop
      vertex 63.3943 6.927 9.99
      vertex 63.2661 5.8187 9.99
      vertex 63.5905 6.88799 9.99
    endloop
  endfacet
  facet normal -0 0 1
    outer loop
      vertex 63.0813 5.89524 9.99
      vertex 63.2661 5.8187 9.99
      vertex 63.3943 6.927 9.99
    endloop
  endfacet
  facet normal 0 0 1
    outer loop
      vertex 63.0813 5.89524 9.99
      vertex 62.7394 4.83325 9.99
      vertex 63.2661 5.8187 9.99
    endloop
  endfacet
  facet normal -0 0 1
    outer loop
      vertex 62.5731 4.94436 9.99
      vertex 62.7394 4.83325 9.99
      vertex 63.0813 5.89524 9.99
    endloop
  endfacet
  facet normal 0 0 1
    outer loop
      vertex 62.5731 4.94436 9.99
      vertex 62.0305 3.96949 9.99
      vertex 62.7394 4.83325 9.99
    endloop
  endfacet
  facet normal -0 0 1
    outer loop
      vertex 61.8891 4.11091 9.99
      vertex 62.0305 3.96949 9.99
      vertex 62.5731 4.94436 9.99
    endloop
  endfacet
  facet normal 0 0 1
    outer loop
      vertex 61.8891 4.11091 9.99
      vertex 61.1667 3.26062 9.99
      vertex 62.0305 3.96949 9.99
    endloop
  endfacet
  facet normal -0 0 1
    outer loop
      vertex 61.0556 3.42692 9.99
      vertex 61.1667 3.26062 9.99
      vertex 61.8891 4.11091 9.99
    endloop
  endfacet
  facet normal 0 0 1
    outer loop
      vertex 61.0556 3.42692 9.99
      vertex 60.1813 2.73389 9.99
      vertex 61.1667 3.26062 9.99
    endloop
  endfacet
  facet normal -0 0 1
    outer loop
      vertex 60.1048 2.91866 9.99
      vertex 60.1813 2.73389 9.99
      vertex 61.0556 3.42692 9.99
    endloop
  endfacet
  facet normal 0 0 1
    outer loop
      vertex 60.1048 2.91866 9.99
      vertex 59.112 2.40952 9.99
      vertex 60.1813 2.73389 9.99
    endloop
  endfacet
  facet normal -0 0 1
    outer loop
      vertex 59.073 2.60568 9.99
      vertex 59.112 2.40952 9.99
      vertex 60.1048 2.91866 9.99
    endloop
  endfacet
  facet normal -0 0 1
    outer loop
      vertex 58 2.5 9.99
      vertex 59.112 2.40952 9.99
      vertex 59.073 2.60568 9.99
    endloop
  endfacet
  facet normal 0 0 1
    outer loop
      vertex 58 2.5 9.99
      vertex 58 2.3 9.99
      vertex 59.112 2.40952 9.99
    endloop
  endfacet
  facet normal -0 0 1
    outer loop
      vertex 8 2.5 9.99
      vertex 58 2.3 9.99
      vertex 58 2.5 9.99
    endloop
  endfacet
  facet normal 0 0 1
    outer loop
      vertex 8 2.5 9.99
      vertex 8 2.3 9.99
      vertex 58 2.3 9.99
    endloop
  endfacet
  facet normal 0 0 1
    outer loop
      vertex 6.927 2.60568 9.99
      vertex 8 2.3 9.99
      vertex 8 2.5 9.99
    endloop
  endfacet
  facet normal 0 0 1
    outer loop
      vertex 6.927 2.60568 9.99
      vertex 6.88798 2.40952 9.99
      vertex 8 2.3 9.99
    endloop
  endfacet
  facet normal 0 0 1
    outer loop
      vertex 5.89524 2.91866 9.99
      vertex 6.88798 2.40952 9.99
      vertex 6.927 2.60568 9.99
    endloop
  endfacet
  facet normal 0 0 1
    outer loop
      vertex 5.89524 2.91866 9.99
      vertex 5.8187 2.73389 9.99
      vertex 6.88798 2.40952 9.99
    endloop
  endfacet
  facet normal 0 0 1
    outer loop
      vertex 4.94436 3.42692 9.99
      vertex 5.8187 2.73389 9.99
      vertex 5.89524 2.91866 9.99
    endloop
  endfacet
  facet normal 0 0 1
    outer loop
      vertex 4.94436 3.42692 9.99
      vertex 4.83325 3.26062 9.99
      vertex 5.8187 2.73389 9.99
    endloop
  endfacet
  facet normal 0 0 1
    outer loop
      vertex 4.11091 4.11091 9.99
      vertex 4.83325 3.26062 9.99
      vertex 4.94436 3.42692 9.99
    endloop
  endfacet
  facet normal 0 0 1
    outer loop
      vertex 4.11091 4.11091 9.99
      vertex 3.96949 3.96949 9.99
      vertex 4.83325 3.26062 9.99
    endloop
  endfacet
  facet normal 0 0 1
    outer loop
      vertex 3.42692 4.94436 9.99
      vertex 3.96949 3.96949 9.99
      vertex 4.11091 4.11091 9.99
    endloop
  endfacet
  facet normal 0 0 1
    outer loop
      vertex 3.42692 4.94436 9.99
      vertex 3.26062 4.83325 9.99
      vertex 3.96949 3.96949 9.99
    endloop
  endfacet
  facet normal 0 0 1
    outer loop
      vertex 2.91866 5.89524 9.99
      vertex 3.26062 4.83325 9.99
      vertex 3.42692 4.94436 9.99
    endloop
  endfacet
  facet normal 0 0 1
    outer loop
      vertex 2.91866 5.89524 9.99
      vertex 2.73389 5.8187 9.99
      vertex 3.26062 4.83325 9.99
    endloop
  endfacet
  facet normal 0 0 1
    outer loop
      vertex 2.60568 6.927 9.99
      vertex 2.73389 5.8187 9.99
      vertex 2.91866 5.89524 9.99
    endloop
  endfacet
  facet normal 0 0 1
    outer loop
      vertex 2.60568 6.927 9.99
      vertex 2.40952 6.88799 9.99
      vertex 2.73389 5.8187 9.99
    endloop
  endfacet
  facet normal 0 0 1
    outer loop
      vertex 2.5 8 9.99
      vertex 2.40952 6.88799 9.99
      vertex 2.60568 6.927 9.99
    endloop
  endfacet
  facet normal 0 0 1
    outer loop
      vertex 2.5 89 9.99
      vertex 2.3 89 9.99
      vertex 2.5 8 9.99
    endloop
  endfacet
  facet normal 0 0 1
    outer loop
      vertex 2.3 8 9.99
      vertex 2.5 8 9.99
      vertex 2.3 89 9.99
    endloop
  endfacet
  facet normal 0 0 1
    outer loop
      vertex 2.5 8 9.99
      vertex 2.3 8 9.99
      vertex 2.40952 6.88799 9.99
    endloop
  endfacet
  facet normal -0.772997 0.63441 0
    outer loop
      vertex 62.0305 3.96949 9.99
      vertex 62.7394 4.83325 12
      vertex 62.7394 4.83325 9.99
    endloop
  endfacet
  facet normal -0.772997 0.63441 0
    outer loop
      vertex 62.7394 4.83325 12
      vertex 62.0305 3.96949 9.99
      vertex 62.0305 3.96949 12
    endloop
  endfacet
  facet normal -0.321472 -0.946919 0
    outer loop
      vertex 56.5105 94.3695 9.99
      vertex 57.712 93.9616 12
      vertex 56.5105 94.3695 12
    endloop
  endfacet
  facet normal -0.321472 -0.946919 -0
    outer loop
      vertex 57.712 93.9616 12
      vertex 56.5105 94.3695 9.99
      vertex 57.712 93.9616 9.99
    endloop
  endfacet
  facet normal -1 0 0
    outer loop
      vertex 54 10 0.390499
      vertex 54 42 0.35
      vertex 54 42 5.72205e-07
    endloop
  endfacet
  facet normal -1 0 0
    outer loop
      vertex 54 10 0.390499
      vertex 54 42 5.72205e-07
      vertex 54 10 5.72205e-07
    endloop
  endfacet
  facet normal -1 0 0
    outer loop
      vertex 54 42 0.35
      vertex 54 10 0.390499
      vertex 54 42 1.6
    endloop
  endfacet
  facet normal -1 -0 0
    outer loop
      vertex 54 42 1.6
      vertex 54 10 0.390499
      vertex 54 10 1.6
    endloop
  endfacet
  facet normal -1 0 0
    outer loop
      vertex 54 10 1.6
      vertex 54 42 2.49
      vertex 54 42 1.6
    endloop
  endfacet
  facet normal -1 -0 0
    outer loop
      vertex 54 42 2.49
      vertex 54 10 1.6
      vertex 54 10 2.49
    endloop
  endfacet
  facet normal 1 -0 0
    outer loop
      vertex 12 10 0.393275
      vertex 12 42 0.392756
      vertex 12 42 1.6
    endloop
  endfacet
  facet normal 1 0 0
    outer loop
      vertex 12 10 0.393275
      vertex 12 42 1.6
      vertex 12 10 1.6
    endloop
  endfacet
  facet normal 1 0 0
    outer loop
      vertex 12 42 0.392756
      vertex 12 10 0.393275
      vertex 12 42 5.72205e-07
    endloop
  endfacet
  facet normal 1 0 0
    outer loop
      vertex 12 42 5.72205e-07
      vertex 12 10 0.393275
      vertex 12 10 5.72205e-07
    endloop
  endfacet
  facet normal 1 -0 0
    outer loop
      vertex 12 10 2.49
      vertex 12 42 1.6
      vertex 12 42 2.49
    endloop
  endfacet
  facet normal 1 0 0
    outer loop
      vertex 12 42 1.6
      vertex 12 10 2.49
      vertex 12 10 1.6
    endloop
  endfacet
  facet normal 0 1 0
    outer loop
      vertex 54 10 1.6
      vertex 12 10 0.393275
      vertex 12 10 1.6
    endloop
  endfacet
  facet normal 0 1 -0
    outer loop
      vertex 54 10 0.390499
      vertex 12 10 0.393275
      vertex 54 10 1.6
    endloop
  endfacet
  facet normal 0 1 -0
    outer loop
      vertex 54 10 5.72205e-07
      vertex 12 10 0.393275
      vertex 54 10 0.390499
    endloop
  endfacet
  facet normal 0 1 0
    outer loop
      vertex 12 10 0.393275
      vertex 54 10 5.72205e-07
      vertex 12 10 5.72205e-07
    endloop
  endfacet
  facet normal 0 1 -0
    outer loop
      vertex 54 10 1.6
      vertex 12 10 2.49
      vertex 54 10 2.49
    endloop
  endfacet
  facet normal 0 1 0
    outer loop
      vertex 12 10 2.49
      vertex 54 10 1.6
      vertex 12 10 1.6
    endloop
  endfacet
  facet normal 0 -1 0
    outer loop
      vertex 12 42 0.392756
      vertex 54 42 1.6
      vertex 12 42 1.6
    endloop
  endfacet
  facet normal 0 -1 0
    outer loop
      vertex 12 42 0.392756
      vertex 54 42 0.35
      vertex 54 42 1.6
    endloop
  endfacet
  facet normal 0 -1 0
    outer loop
      vertex 12 42 5.72205e-07
      vertex 54 42 0.35
      vertex 12 42 0.392756
    endloop
  endfacet
  facet normal 0 -1 -0
    outer loop
      vertex 54 42 0.35
      vertex 12 42 5.72205e-07
      vertex 54 42 5.72205e-07
    endloop
  endfacet
  facet normal 0 -1 0
    outer loop
      vertex 12 42 1.6
      vertex 54 42 2.49
      vertex 12 42 2.49
    endloop
  endfacet
  facet normal 0 -1 -0
    outer loop
      vertex 54 42 2.49
      vertex 12 42 1.6
      vertex 54 42 1.6
    endloop
  endfacet
  facet normal -0.956935 0.290302 0
    outer loop
      vertex 56.3884 56.1823 0.00921631
      vertex 56.6587 57.0733 2.49
      vertex 56.6587 57.0733 0.00921631
    endloop
  endfacet
  facet normal -0.956935 0.290302 0
    outer loop
      vertex 56.6587 57.0733 2.49
      vertex 56.3884 56.1823 0.00921631
      vertex 56.3884 56.1823 2.49
    endloop
  endfacet
  facet normal -0.995182 0.0980469 0
    outer loop
      vertex 56.6587 57.0733 0.00921631
      vertex 56.75 58 2.49
      vertex 56.75 58 0.00921631
    endloop
  endfacet
  facet normal -0.995182 0.0980469 0
    outer loop
      vertex 56.75 58 2.49
      vertex 56.6587 57.0733 0.00921631
      vertex 56.6587 57.0733 2.49
    endloop
  endfacet
  facet normal -0.881963 0.471318 0
    outer loop
      vertex 55.9495 55.361 0.00921631
      vertex 56.3884 56.1823 2.49
      vertex 56.3884 56.1823 0.00921631
    endloop
  endfacet
  facet normal -0.881963 0.471318 0
    outer loop
      vertex 56.3884 56.1823 2.49
      vertex 55.9495 55.361 0.00921631
      vertex 55.9495 55.361 2.49
    endloop
  endfacet
  facet normal -0.995182 -0.0980469 0
    outer loop
      vertex 56.75 58 0.00921631
      vertex 56.6587 58.9267 2.49
      vertex 56.6587 58.9267 0.00921631
    endloop
  endfacet
  facet normal -0.995182 -0.0980469 0
    outer loop
      vertex 56.6587 58.9267 2.49
      vertex 56.75 58 0.00921631
      vertex 56.75 58 2.49
    endloop
  endfacet
  facet normal -0.471318 -0.881963 0
    outer loop
      vertex 53.8177 62.3884 0.00921631
      vertex 54.639 61.9495 2.49
      vertex 53.8177 62.3884 2.49
    endloop
  endfacet
  facet normal -0.471318 -0.881963 -0
    outer loop
      vertex 54.639 61.9495 2.49
      vertex 53.8177 62.3884 0.00921631
      vertex 54.639 61.9495 0.00921631
    endloop
  endfacet
  facet normal 0.634378 -0.773023 0
    outer loop
      vertex 48.6412 61.3588 0.00921631
      vertex 49.361 61.9495 2.49
      vertex 48.6412 61.3588 2.49
    endloop
  endfacet
  facet normal 0.634378 -0.773023 0
    outer loop
      vertex 49.361 61.9495 2.49
      vertex 48.6412 61.3588 0.00921631
      vertex 49.361 61.9495 0.00921631
    endloop
  endfacet
  facet normal -0.881963 -0.471318 0
    outer loop
      vertex 56.3884 59.8177 0.00921631
      vertex 55.9495 60.639 2.49
      vertex 55.9495 60.639 0.00921631
    endloop
  endfacet
  facet normal -0.881963 -0.471318 0
    outer loop
      vertex 55.9495 60.639 2.49
      vertex 56.3884 59.8177 0.00921631
      vertex 56.3884 59.8177 2.49
    endloop
  endfacet
  facet normal -0.634378 0.773023 0
    outer loop
      vertex 55.3588 54.6412 0.00921631
      vertex 54.639 54.0505 2.49
      vertex 55.3588 54.6412 2.49
    endloop
  endfacet
  facet normal -0.634378 0.773023 0
    outer loop
      vertex 54.639 54.0505 2.49
      vertex 55.3588 54.6412 0.00921631
      vertex 54.639 54.0505 0.00921631
    endloop
  endfacet
  facet normal 0.634378 0.773023 -0
    outer loop
      vertex 49.361 54.0505 0.00921631
      vertex 48.6412 54.6412 2.49
      vertex 49.361 54.0505 2.49
    endloop
  endfacet
  facet normal 0.634378 0.773023 0
    outer loop
      vertex 48.6412 54.6412 2.49
      vertex 49.361 54.0505 0.00921631
      vertex 48.6412 54.6412 0.00921631
    endloop
  endfacet
  facet normal -0.773023 -0.634378 0
    outer loop
      vertex 55.9495 60.639 0.00921631
      vertex 55.3588 61.3588 2.49
      vertex 55.3588 61.3588 0.00921631
    endloop
  endfacet
  facet normal -0.773023 -0.634378 0
    outer loop
      vertex 55.3588 61.3588 2.49
      vertex 55.9495 60.639 0.00921631
      vertex 55.9495 60.639 2.49
    endloop
  endfacet
  facet normal 0.290302 0.956935 -0
    outer loop
      vertex 51.0733 53.3413 0.00921631
      vertex 50.1823 53.6116 2.49
      vertex 51.0733 53.3413 2.49
    endloop
  endfacet
  facet normal 0.290302 0.956935 0
    outer loop
      vertex 50.1823 53.6116 2.49
      vertex 51.0733 53.3413 0.00921631
      vertex 50.1823 53.6116 0.00921631
    endloop
  endfacet
  facet normal -0.0980469 -0.995182 0
    outer loop
      vertex 52 62.75 0.00921631
      vertex 52.9267 62.6587 2.49
      vertex 52 62.75 2.49
    endloop
  endfacet
  facet normal -0.0980469 -0.995182 -0
    outer loop
      vertex 52.9267 62.6587 2.49
      vertex 52 62.75 0.00921631
      vertex 52.9267 62.6587 0.00921631
    endloop
  endfacet
  facet normal 0.956935 -0.290302 0
    outer loop
      vertex 47.3413 58.9267 2.49
      vertex 47.6116 59.8177 0.00921631
      vertex 47.6116 59.8177 2.49
    endloop
  endfacet
  facet normal 0.956935 -0.290302 0
    outer loop
      vertex 47.6116 59.8177 0.00921631
      vertex 47.3413 58.9267 2.49
      vertex 47.3413 58.9267 0.00921631
    endloop
  endfacet
  facet normal 0.995182 -0.0980469 0
    outer loop
      vertex 47.25 58 2.49
      vertex 47.3413 58.9267 0.00921631
      vertex 47.3413 58.9267 2.49
    endloop
  endfacet
  facet normal 0.995182 -0.0980469 0
    outer loop
      vertex 47.3413 58.9267 0.00921631
      vertex 47.25 58 2.49
      vertex 47.25 58 0.00921631
    endloop
  endfacet
  facet normal 0.290302 -0.956935 0
    outer loop
      vertex 50.1823 62.3884 0.00921631
      vertex 51.0733 62.6587 2.49
      vertex 50.1823 62.3884 2.49
    endloop
  endfacet
  facet normal 0.290302 -0.956935 0
    outer loop
      vertex 51.0733 62.6587 2.49
      vertex 50.1823 62.3884 0.00921631
      vertex 51.0733 62.6587 0.00921631
    endloop
  endfacet
  facet normal 0.881963 -0.471318 0
    outer loop
      vertex 47.6116 59.8177 2.49
      vertex 48.0505 60.639 0.00921631
      vertex 48.0505 60.639 2.49
    endloop
  endfacet
  facet normal 0.881963 -0.471318 0
    outer loop
      vertex 48.0505 60.639 0.00921631
      vertex 47.6116 59.8177 2.49
      vertex 47.6116 59.8177 0.00921631
    endloop
  endfacet
  facet normal -0.290302 -0.956935 0
    outer loop
      vertex 52.9267 62.6587 0.00921631
      vertex 53.8177 62.3884 2.49
      vertex 52.9267 62.6587 2.49
    endloop
  endfacet
  facet normal -0.290302 -0.956935 -0
    outer loop
      vertex 53.8177 62.3884 2.49
      vertex 52.9267 62.6587 0.00921631
      vertex 53.8177 62.3884 0.00921631
    endloop
  endfacet
  facet normal -0.773023 0.634378 0
    outer loop
      vertex 55.3588 54.6412 0.00921631
      vertex 55.9495 55.361 2.49
      vertex 55.9495 55.361 0.00921631
    endloop
  endfacet
  facet normal -0.773023 0.634378 0
    outer loop
      vertex 55.9495 55.361 2.49
      vertex 55.3588 54.6412 0.00921631
      vertex 55.3588 54.6412 2.49
    endloop
  endfacet
  facet normal 0.471318 -0.881963 0
    outer loop
      vertex 49.361 61.9495 0.00921631
      vertex 50.1823 62.3884 2.49
      vertex 49.361 61.9495 2.49
    endloop
  endfacet
  facet normal 0.471318 -0.881963 0
    outer loop
      vertex 50.1823 62.3884 2.49
      vertex 49.361 61.9495 0.00921631
      vertex 50.1823 62.3884 0.00921631
    endloop
  endfacet
  facet normal -0.290302 0.956935 0
    outer loop
      vertex 53.8177 53.6116 0.00921631
      vertex 52.9267 53.3413 2.49
      vertex 53.8177 53.6116 2.49
    endloop
  endfacet
  facet normal -0.290302 0.956935 0
    outer loop
      vertex 52.9267 53.3413 2.49
      vertex 53.8177 53.6116 0.00921631
      vertex 52.9267 53.3413 0.00921631
    endloop
  endfacet
  facet normal 0.773023 0.634378 0
    outer loop
      vertex 48.6412 54.6412 2.49
      vertex 48.0505 55.361 0.00921631
      vertex 48.0505 55.361 2.49
    endloop
  endfacet
  facet normal 0.773023 0.634378 0
    outer loop
      vertex 48.0505 55.361 0.00921631
      vertex 48.6412 54.6412 2.49
      vertex 48.6412 54.6412 0.00921631
    endloop
  endfacet
  facet normal -0.956935 -0.290302 0
    outer loop
      vertex 56.6587 58.9267 0.00921631
      vertex 56.3884 59.8177 2.49
      vertex 56.3884 59.8177 0.00921631
    endloop
  endfacet
  facet normal -0.956935 -0.290302 0
    outer loop
      vertex 56.3884 59.8177 2.49
      vertex 56.6587 58.9267 0.00921631
      vertex 56.6587 58.9267 2.49
    endloop
  endfacet
  facet normal 0.0980469 -0.995182 0
    outer loop
      vertex 51.0733 62.6587 0.00921631
      vertex 52 62.75 2.49
      vertex 51.0733 62.6587 2.49
    endloop
  endfacet
  facet normal 0.0980469 -0.995182 0
    outer loop
      vertex 52 62.75 2.49
      vertex 51.0733 62.6587 0.00921631
      vertex 52 62.75 0.00921631
    endloop
  endfacet
  facet normal 0.0980469 0.995182 -0
    outer loop
      vertex 52 53.25 0.00921631
      vertex 51.0733 53.3413 2.49
      vertex 52 53.25 2.49
    endloop
  endfacet
  facet normal 0.0980469 0.995182 0
    outer loop
      vertex 51.0733 53.3413 2.49
      vertex 52 53.25 0.00921631
      vertex 51.0733 53.3413 0.00921631
    endloop
  endfacet
  facet normal 0.881963 0.471318 0
    outer loop
      vertex 48.0505 55.361 2.49
      vertex 47.6116 56.1823 0.00921631
      vertex 47.6116 56.1823 2.49
    endloop
  endfacet
  facet normal 0.881963 0.471318 0
    outer loop
      vertex 47.6116 56.1823 0.00921631
      vertex 48.0505 55.361 2.49
      vertex 48.0505 55.361 0.00921631
    endloop
  endfacet
  facet normal -0.471318 0.881963 0
    outer loop
      vertex 54.639 54.0505 0.00921631
      vertex 53.8177 53.6116 2.49
      vertex 54.639 54.0505 2.49
    endloop
  endfacet
  facet normal -0.471318 0.881963 0
    outer loop
      vertex 53.8177 53.6116 2.49
      vertex 54.639 54.0505 0.00921631
      vertex 53.8177 53.6116 0.00921631
    endloop
  endfacet
  facet normal 0.471318 0.881963 -0
    outer loop
      vertex 50.1823 53.6116 0.00921631
      vertex 49.361 54.0505 2.49
      vertex 50.1823 53.6116 2.49
    endloop
  endfacet
  facet normal 0.471318 0.881963 0
    outer loop
      vertex 49.361 54.0505 2.49
      vertex 50.1823 53.6116 0.00921631
      vertex 49.361 54.0505 0.00921631
    endloop
  endfacet
  facet normal -0.634378 -0.773023 0
    outer loop
      vertex 54.639 61.9495 0.00921631
      vertex 55.3588 61.3588 2.49
      vertex 54.639 61.9495 2.49
    endloop
  endfacet
  facet normal -0.634378 -0.773023 -0
    outer loop
      vertex 55.3588 61.3588 2.49
      vertex 54.639 61.9495 0.00921631
      vertex 55.3588 61.3588 0.00921631
    endloop
  endfacet
  facet normal 0.773023 -0.634378 0
    outer loop
      vertex 48.0505 60.639 2.49
      vertex 48.6412 61.3588 0.00921631
      vertex 48.6412 61.3588 2.49
    endloop
  endfacet
  facet normal 0.773023 -0.634378 0
    outer loop
      vertex 48.6412 61.3588 0.00921631
      vertex 48.0505 60.639 2.49
      vertex 48.0505 60.639 0.00921631
    endloop
  endfacet
  facet normal 0.956935 0.290302 0
    outer loop
      vertex 47.6116 56.1823 2.49
      vertex 47.3413 57.0733 0.00921631
      vertex 47.3413 57.0733 2.49
    endloop
  endfacet
  facet normal 0.956935 0.290302 0
    outer loop
      vertex 47.3413 57.0733 0.00921631
      vertex 47.6116 56.1823 2.49
      vertex 47.6116 56.1823 0.00921631
    endloop
  endfacet
  facet normal -0.0980469 0.995182 0
    outer loop
      vertex 52.9267 53.3413 0.00921631
      vertex 52 53.25 2.49
      vertex 52.9267 53.3413 2.49
    endloop
  endfacet
  facet normal -0.0980469 0.995182 0
    outer loop
      vertex 52 53.25 2.49
      vertex 52.9267 53.3413 0.00921631
      vertex 52 53.25 0.00921631
    endloop
  endfacet
  facet normal 0.995182 0.0980469 0
    outer loop
      vertex 47.3413 57.0733 2.49
      vertex 47.25 58 0.00921631
      vertex 47.25 58 2.49
    endloop
  endfacet
  facet normal 0.995182 0.0980469 0
    outer loop
      vertex 47.25 58 0.00921631
      vertex 47.3413 57.0733 2.49
      vertex 47.3413 57.0733 0.00921631
    endloop
  endfacet
  facet normal -0.956935 0.290302 0
    outer loop
      vertex 46.3884 64.1823 0.00921631
      vertex 46.6587 65.0733 2.49
      vertex 46.6587 65.0733 0.00921631
    endloop
  endfacet
  facet normal -0.956935 0.290302 0
    outer loop
      vertex 46.6587 65.0733 2.49
      vertex 46.3884 64.1823 0.00921631
      vertex 46.3884 64.1823 2.49
    endloop
  endfacet
  facet normal -0.995182 0.0980469 0
    outer loop
      vertex 46.6587 65.0733 0.00921631
      vertex 46.75 66 2.49
      vertex 46.75 66 0.00921631
    endloop
  endfacet
  facet normal -0.995182 0.0980469 0
    outer loop
      vertex 46.75 66 2.49
      vertex 46.6587 65.0733 0.00921631
      vertex 46.6587 65.0733 2.49
    endloop
  endfacet
  facet normal -0.881963 0.471318 0
    outer loop
      vertex 45.9495 63.361 0.00921631
      vertex 46.3884 64.1823 2.49
      vertex 46.3884 64.1823 0.00921631
    endloop
  endfacet
  facet normal -0.881963 0.471318 0
    outer loop
      vertex 46.3884 64.1823 2.49
      vertex 45.9495 63.361 0.00921631
      vertex 45.9495 63.361 2.49
    endloop
  endfacet
  facet normal -0.995182 -0.0980469 0
    outer loop
      vertex 46.75 66 0.00921631
      vertex 46.6587 66.9267 2.49
      vertex 46.6587 66.9267 0.00921631
    endloop
  endfacet
  facet normal -0.995182 -0.0980469 0
    outer loop
      vertex 46.6587 66.9267 2.49
      vertex 46.75 66 0.00921631
      vertex 46.75 66 2.49
    endloop
  endfacet
  facet normal -0.471318 -0.881963 0
    outer loop
      vertex 43.8177 70.3884 0.00921631
      vertex 44.639 69.9495 2.49
      vertex 43.8177 70.3884 2.49
    endloop
  endfacet
  facet normal -0.471318 -0.881963 -0
    outer loop
      vertex 44.639 69.9495 2.49
      vertex 43.8177 70.3884 0.00921631
      vertex 44.639 69.9495 0.00921631
    endloop
  endfacet
  facet normal 0.634378 -0.773023 0
    outer loop
      vertex 38.6412 69.3588 0.00921631
      vertex 39.361 69.9495 2.49
      vertex 38.6412 69.3588 2.49
    endloop
  endfacet
  facet normal 0.634378 -0.773023 0
    outer loop
      vertex 39.361 69.9495 2.49
      vertex 38.6412 69.3588 0.00921631
      vertex 39.361 69.9495 0.00921631
    endloop
  endfacet
  facet normal -0.881963 -0.471318 0
    outer loop
      vertex 46.3884 67.8177 0.00921631
      vertex 45.9495 68.639 2.49
      vertex 45.9495 68.639 0.00921631
    endloop
  endfacet
  facet normal -0.881963 -0.471318 0
    outer loop
      vertex 45.9495 68.639 2.49
      vertex 46.3884 67.8177 0.00921631
      vertex 46.3884 67.8177 2.49
    endloop
  endfacet
  facet normal -0.634378 0.773023 0
    outer loop
      vertex 45.3588 62.6412 0.00921631
      vertex 44.639 62.0505 2.49
      vertex 45.3588 62.6412 2.49
    endloop
  endfacet
  facet normal -0.634378 0.773023 0
    outer loop
      vertex 44.639 62.0505 2.49
      vertex 45.3588 62.6412 0.00921631
      vertex 44.639 62.0505 0.00921631
    endloop
  endfacet
  facet normal 0.634378 0.773023 -0
    outer loop
      vertex 39.361 62.0505 0.00921631
      vertex 38.6412 62.6412 2.49
      vertex 39.361 62.0505 2.49
    endloop
  endfacet
  facet normal 0.634378 0.773023 0
    outer loop
      vertex 38.6412 62.6412 2.49
      vertex 39.361 62.0505 0.00921631
      vertex 38.6412 62.6412 0.00921631
    endloop
  endfacet
  facet normal 0.290302 0.956935 -0
    outer loop
      vertex 41.0733 61.3413 0.00921631
      vertex 40.1823 61.6116 2.49
      vertex 41.0733 61.3413 2.49
    endloop
  endfacet
  facet normal 0.290302 0.956935 0
    outer loop
      vertex 40.1823 61.6116 2.49
      vertex 41.0733 61.3413 0.00921631
      vertex 40.1823 61.6116 0.00921631
    endloop
  endfacet
  facet normal -0.0980469 -0.995182 0
    outer loop
      vertex 42 70.75 0.00921631
      vertex 42.9267 70.6587 2.49
      vertex 42 70.75 2.49
    endloop
  endfacet
  facet normal -0.0980469 -0.995182 -0
    outer loop
      vertex 42.9267 70.6587 2.49
      vertex 42 70.75 0.00921631
      vertex 42.9267 70.6587 0.00921631
    endloop
  endfacet
  facet normal 0.956935 -0.290302 0
    outer loop
      vertex 37.3413 66.9267 2.49
      vertex 37.6116 67.8177 0.00921631
      vertex 37.6116 67.8177 2.49
    endloop
  endfacet
  facet normal 0.956935 -0.290302 0
    outer loop
      vertex 37.6116 67.8177 0.00921631
      vertex 37.3413 66.9267 2.49
      vertex 37.3413 66.9267 0.00921631
    endloop
  endfacet
  facet normal 0.995182 -0.0980469 0
    outer loop
      vertex 37.25 66 2.49
      vertex 37.3413 66.9267 0.00921631
      vertex 37.3413 66.9267 2.49
    endloop
  endfacet
  facet normal 0.995182 -0.0980469 0
    outer loop
      vertex 37.3413 66.9267 0.00921631
      vertex 37.25 66 2.49
      vertex 37.25 66 0.00921631
    endloop
  endfacet
  facet normal 0.290302 -0.956935 0
    outer loop
      vertex 40.1823 70.3884 0.00921631
      vertex 41.0733 70.6587 2.49
      vertex 40.1823 70.3884 2.49
    endloop
  endfacet
  facet normal 0.290302 -0.956935 0
    outer loop
      vertex 41.0733 70.6587 2.49
      vertex 40.1823 70.3884 0.00921631
      vertex 41.0733 70.6587 0.00921631
    endloop
  endfacet
  facet normal -0.290302 -0.956935 0
    outer loop
      vertex 42.9267 70.6587 0.00921631
      vertex 43.8177 70.3884 2.49
      vertex 42.9267 70.6587 2.49
    endloop
  endfacet
  facet normal -0.290302 -0.956935 -0
    outer loop
      vertex 43.8177 70.3884 2.49
      vertex 42.9267 70.6587 0.00921631
      vertex 43.8177 70.3884 0.00921631
    endloop
  endfacet
  facet normal -0.773023 0.634378 0
    outer loop
      vertex 45.3588 62.6412 0.00921631
      vertex 45.9495 63.361 2.49
      vertex 45.9495 63.361 0.00921631
    endloop
  endfacet
  facet normal -0.773023 0.634378 0
    outer loop
      vertex 45.9495 63.361 2.49
      vertex 45.3588 62.6412 0.00921631
      vertex 45.3588 62.6412 2.49
    endloop
  endfacet
  facet normal -0.773023 -0.634378 0
    outer loop
      vertex 45.9495 68.639 0.00921631
      vertex 45.3588 69.3588 2.49
      vertex 45.3588 69.3588 0.00921631
    endloop
  endfacet
  facet normal -0.773023 -0.634378 0
    outer loop
      vertex 45.3588 69.3588 2.49
      vertex 45.9495 68.639 0.00921631
      vertex 45.9495 68.639 2.49
    endloop
  endfacet
  facet normal 0.471318 -0.881963 0
    outer loop
      vertex 39.361 69.9495 0.00921631
      vertex 40.1823 70.3884 2.49
      vertex 39.361 69.9495 2.49
    endloop
  endfacet
  facet normal 0.471318 -0.881963 0
    outer loop
      vertex 40.1823 70.3884 2.49
      vertex 39.361 69.9495 0.00921631
      vertex 40.1823 70.3884 0.00921631
    endloop
  endfacet
  facet normal -0.290302 0.956935 0
    outer loop
      vertex 43.8177 61.6116 0.00921631
      vertex 42.9267 61.3413 2.49
      vertex 43.8177 61.6116 2.49
    endloop
  endfacet
  facet normal -0.290302 0.956935 0
    outer loop
      vertex 42.9267 61.3413 2.49
      vertex 43.8177 61.6116 0.00921631
      vertex 42.9267 61.3413 0.00921631
    endloop
  endfacet
  facet normal 0.773023 0.634378 0
    outer loop
      vertex 38.6412 62.6412 2.49
      vertex 38.0505 63.361 0.00921631
      vertex 38.0505 63.361 2.49
    endloop
  endfacet
  facet normal 0.773023 0.634378 0
    outer loop
      vertex 38.0505 63.361 0.00921631
      vertex 38.6412 62.6412 2.49
      vertex 38.6412 62.6412 0.00921631
    endloop
  endfacet
  facet normal -0.956935 -0.290302 0
    outer loop
      vertex 46.6587 66.9267 0.00921631
      vertex 46.3884 67.8177 2.49
      vertex 46.3884 67.8177 0.00921631
    endloop
  endfacet
  facet normal -0.956935 -0.290302 0
    outer loop
      vertex 46.3884 67.8177 2.49
      vertex 46.6587 66.9267 0.00921631
      vertex 46.6587 66.9267 2.49
    endloop
  endfacet
  facet normal 0.0980469 -0.995182 0
    outer loop
      vertex 41.0733 70.6587 0.00921631
      vertex 42 70.75 2.49
      vertex 41.0733 70.6587 2.49
    endloop
  endfacet
  facet normal 0.0980469 -0.995182 0
    outer loop
      vertex 42 70.75 2.49
      vertex 41.0733 70.6587 0.00921631
      vertex 42 70.75 0.00921631
    endloop
  endfacet
  facet normal 0.0980469 0.995182 -0
    outer loop
      vertex 42 61.25 0.00921631
      vertex 41.0733 61.3413 2.49
      vertex 42 61.25 2.49
    endloop
  endfacet
  facet normal 0.0980469 0.995182 0
    outer loop
      vertex 41.0733 61.3413 2.49
      vertex 42 61.25 0.00921631
      vertex 41.0733 61.3413 0.00921631
    endloop
  endfacet
  facet normal 0.881963 0.471318 0
    outer loop
      vertex 38.0505 63.361 2.49
      vertex 37.6116 64.1823 0.00921631
      vertex 37.6116 64.1823 2.49
    endloop
  endfacet
  facet normal 0.881963 0.471318 0
    outer loop
      vertex 37.6116 64.1823 0.00921631
      vertex 38.0505 63.361 2.49
      vertex 38.0505 63.361 0.00921631
    endloop
  endfacet
  facet normal -0.471318 0.881963 0
    outer loop
      vertex 44.639 62.0505 0.00921631
      vertex 43.8177 61.6116 2.49
      vertex 44.639 62.0505 2.49
    endloop
  endfacet
  facet normal -0.471318 0.881963 0
    outer loop
      vertex 43.8177 61.6116 2.49
      vertex 44.639 62.0505 0.00921631
      vertex 43.8177 61.6116 0.00921631
    endloop
  endfacet
  facet normal 0.471318 0.881963 -0
    outer loop
      vertex 40.1823 61.6116 0.00921631
      vertex 39.361 62.0505 2.49
      vertex 40.1823 61.6116 2.49
    endloop
  endfacet
  facet normal 0.471318 0.881963 0
    outer loop
      vertex 39.361 62.0505 2.49
      vertex 40.1823 61.6116 0.00921631
      vertex 39.361 62.0505 0.00921631
    endloop
  endfacet
  facet normal -0.634378 -0.773023 0
    outer loop
      vertex 44.639 69.9495 0.00921631
      vertex 45.3588 69.3588 2.49
      vertex 44.639 69.9495 2.49
    endloop
  endfacet
  facet normal -0.634378 -0.773023 -0
    outer loop
      vertex 45.3588 69.3588 2.49
      vertex 44.639 69.9495 0.00921631
      vertex 45.3588 69.3588 0.00921631
    endloop
  endfacet
  facet normal 0.773023 -0.634378 0
    outer loop
      vertex 38.0505 68.639 2.49
      vertex 38.6412 69.3588 0.00921631
      vertex 38.6412 69.3588 2.49
    endloop
  endfacet
  facet normal 0.773023 -0.634378 0
    outer loop
      vertex 38.6412 69.3588 0.00921631
      vertex 38.0505 68.639 2.49
      vertex 38.0505 68.639 0.00921631
    endloop
  endfacet
  facet normal 0.881963 -0.471318 0
    outer loop
      vertex 37.6116 67.8177 2.49
      vertex 38.0505 68.639 0.00921631
      vertex 38.0505 68.639 2.49
    endloop
  endfacet
  facet normal 0.881963 -0.471318 0
    outer loop
      vertex 38.0505 68.639 0.00921631
      vertex 37.6116 67.8177 2.49
      vertex 37.6116 67.8177 0.00921631
    endloop
  endfacet
  facet normal 0.956935 0.290302 0
    outer loop
      vertex 37.6116 64.1823 2.49
      vertex 37.3413 65.0733 0.00921631
      vertex 37.3413 65.0733 2.49
    endloop
  endfacet
  facet normal 0.956935 0.290302 0
    outer loop
      vertex 37.3413 65.0733 0.00921631
      vertex 37.6116 64.1823 2.49
      vertex 37.6116 64.1823 0.00921631
    endloop
  endfacet
  facet normal -0.0980469 0.995182 0
    outer loop
      vertex 42.9267 61.3413 0.00921631
      vertex 42 61.25 2.49
      vertex 42.9267 61.3413 2.49
    endloop
  endfacet
  facet normal -0.0980469 0.995182 0
    outer loop
      vertex 42 61.25 2.49
      vertex 42.9267 61.3413 0.00921631
      vertex 42 61.25 0.00921631
    endloop
  endfacet
  facet normal 0.995182 0.0980469 0
    outer loop
      vertex 37.3413 65.0733 2.49
      vertex 37.25 66 0.00921631
      vertex 37.25 66 2.49
    endloop
  endfacet
  facet normal 0.995182 0.0980469 0
    outer loop
      vertex 37.25 66 0.00921631
      vertex 37.3413 65.0733 2.49
      vertex 37.3413 65.0733 0.00921631
    endloop
  endfacet
  facet normal 0.923894 -0.382649 0
    outer loop
      vertex 7.94856 67.875 8.5
      vertex 8.17333 68.4177 5.5
      vertex 8.17333 68.4177 8.5
    endloop
  endfacet
  facet normal 0.923894 -0.382649 0
    outer loop
      vertex 8.17333 68.4177 5.5
      vertex 7.94856 67.875 8.5
      vertex 7.94856 67.875 5.5
    endloop
  endfacet
  facet normal 0.991443 -0.130541 0
    outer loop
      vertex 8.17333 68.4177 8.5
      vertex 8.25 69 5.5
      vertex 8.25 69 8.5
    endloop
  endfacet
  facet normal 0.991443 -0.130541 0
    outer loop
      vertex 8.25 69 5.5
      vertex 8.17333 68.4177 8.5
      vertex 8.17333 68.4177 5.5
    endloop
  endfacet
  facet normal 0.793357 -0.608757 0
    outer loop
      vertex 7.59099 67.409 8.5
      vertex 7.94856 67.875 5.5
      vertex 7.94856 67.875 8.5
    endloop
  endfacet
  facet normal 0.793357 -0.608757 0
    outer loop
      vertex 7.94856 67.875 5.5
      vertex 7.59099 67.409 8.5
      vertex 7.59099 67.409 5.5
    endloop
  endfacet
  facet normal -0.608797 -0.793326 0
    outer loop
      vertex 4.40901 67.409 2.5
      vertex 4.875 67.0514 8.5
      vertex 4.40901 67.409 8.5
    endloop
  endfacet
  facet normal -0.608797 -0.793326 -0
    outer loop
      vertex 4.875 67.0514 8.5
      vertex 4.40901 67.409 2.5
      vertex 4.875 67.0514 2.5
    endloop
  endfacet
  facet normal 0.991443 0.130541 0
    outer loop
      vertex 8.25 69 8.5
      vertex 8.17333 69.5823 5.5
      vertex 8.17333 69.5823 8.5
    endloop
  endfacet
  facet normal 0.991443 0.130541 0
    outer loop
      vertex 8.17333 69.5823 5.5
      vertex 8.25 69 8.5
      vertex 8.25 69 5.5
    endloop
  endfacet
  facet normal 0.608797 0.793326 -0
    outer loop
      vertex 7.59099 70.591 5.5
      vertex 7.125 70.9486 8.5
      vertex 7.59099 70.591 8.5
    endloop
  endfacet
  facet normal 0.608797 0.793326 0
    outer loop
      vertex 7.125 70.9486 8.5
      vertex 7.59099 70.591 5.5
      vertex 7.125 70.9486 5.5
    endloop
  endfacet
  facet normal 0.793357 0.608757 0
    outer loop
      vertex 7.94856 70.125 8.5
      vertex 7.59099 70.591 5.5
      vertex 7.59099 70.591 8.5
    endloop
  endfacet
  facet normal 0.793357 0.608757 0
    outer loop
      vertex 7.59099 70.591 5.5
      vertex 7.94856 70.125 8.5
      vertex 7.94856 70.125 5.5
    endloop
  endfacet
  facet normal -0.608797 0.793326 0
    outer loop
      vertex 4.875 70.9486 2.5
      vertex 4.40901 70.591 8.5
      vertex 4.875 70.9486 8.5
    endloop
  endfacet
  facet normal -0.608797 0.793326 0
    outer loop
      vertex 4.40901 70.591 8.5
      vertex 4.875 70.9486 2.5
      vertex 4.40901 70.591 2.5
    endloop
  endfacet
  facet normal -0.382683 0.92388 0
    outer loop
      vertex 5 71.0003 5.5
      vertex 5.41766 71.1733 8.5
      vertex 5.41766 71.1733 5.5
    endloop
  endfacet
  facet normal -0.382571 0.923926 -1.81484e-05
    outer loop
      vertex 5.41766 71.1733 8.5
      vertex 5 71.0003 5.5
      vertex 4.875 70.9486 8.5
    endloop
  endfacet
  facet normal -0.382199 0.92408 0
    outer loop
      vertex 4.875 70.9486 2.5
      vertex 5 71.0003 5.5
      vertex 5 71.0003 2.5
    endloop
  endfacet
  facet normal -0.382199 0.92408 0
    outer loop
      vertex 5 71.0003 5.5
      vertex 4.875 70.9486 2.5
      vertex 4.875 70.9486 8.5
    endloop
  endfacet
  facet normal 0.608797 -0.793326 0
    outer loop
      vertex 7.125 67.0514 5.5
      vertex 7.59099 67.409 8.5
      vertex 7.125 67.0514 8.5
    endloop
  endfacet
  facet normal 0.608797 -0.793326 0
    outer loop
      vertex 7.59099 67.409 8.5
      vertex 7.125 67.0514 5.5
      vertex 7.59099 67.409 5.5
    endloop
  endfacet
  facet normal -0.382571 -0.923926 -1.81484e-05
    outer loop
      vertex 4.875 67.0514 8.5
      vertex 5 66.9997 5.5
      vertex 5.41766 66.8267 8.5
    endloop
  endfacet
  facet normal -0.382199 -0.92408 0
    outer loop
      vertex 4.875 67.0514 2.5
      vertex 5 66.9997 5.5
      vertex 4.875 67.0514 8.5
    endloop
  endfacet
  facet normal -0.382199 -0.92408 -0
    outer loop
      vertex 5 66.9997 5.5
      vertex 4.875 67.0514 2.5
      vertex 5 66.9997 2.5
    endloop
  endfacet
  facet normal -0.382683 -0.92388 -0
    outer loop
      vertex 5.41766 66.8267 8.5
      vertex 5 66.9997 5.5
      vertex 5.41766 66.8267 5.5
    endloop
  endfacet
  facet normal 0.923894 0.382649 0
    outer loop
      vertex 8.17333 69.5823 8.5
      vertex 7.94856 70.125 5.5
      vertex 7.94856 70.125 8.5
    endloop
  endfacet
  facet normal 0.923894 0.382649 0
    outer loop
      vertex 7.94856 70.125 5.5
      vertex 8.17333 69.5823 8.5
      vertex 8.17333 69.5823 5.5
    endloop
  endfacet
  facet normal 0.130582 -0.991437 0
    outer loop
      vertex 6 66.75 5.5
      vertex 6.58234 66.8267 8.5
      vertex 6 66.75 8.5
    endloop
  endfacet
  facet normal 0.130582 -0.991437 0
    outer loop
      vertex 6.58234 66.8267 8.5
      vertex 6 66.75 5.5
      vertex 6.58234 66.8267 5.5
    endloop
  endfacet
  facet normal -0.793357 0.608757 0
    outer loop
      vertex 4.05144 70.125 2.5
      vertex 4.40901 70.591 8.5
      vertex 4.40901 70.591 2.5
    endloop
  endfacet
  facet normal -0.793357 0.608757 0
    outer loop
      vertex 4.40901 70.591 8.5
      vertex 4.05144 70.125 2.5
      vertex 4.05144 70.125 8.5
    endloop
  endfacet
  facet normal -0.923894 -0.382649 0
    outer loop
      vertex 4.05144 67.875 2.5
      vertex 3.82667 68.4177 8.5
      vertex 3.82667 68.4177 2.5
    endloop
  endfacet
  facet normal -0.923894 -0.382649 0
    outer loop
      vertex 3.82667 68.4177 8.5
      vertex 4.05144 67.875 2.5
      vertex 4.05144 67.875 8.5
    endloop
  endfacet
  facet normal 0.130582 0.991437 -0
    outer loop
      vertex 6.58234 71.1733 5.5
      vertex 6 71.25 8.5
      vertex 6.58234 71.1733 8.5
    endloop
  endfacet
  facet normal 0.130582 0.991437 0
    outer loop
      vertex 6 71.25 8.5
      vertex 6.58234 71.1733 5.5
      vertex 6 71.25 5.5
    endloop
  endfacet
  facet normal -0.130582 -0.991437 0
    outer loop
      vertex 5.41766 66.8267 5.5
      vertex 6 66.75 8.5
      vertex 5.41766 66.8267 8.5
    endloop
  endfacet
  facet normal -0.130582 -0.991437 -0
    outer loop
      vertex 6 66.75 8.5
      vertex 5.41766 66.8267 5.5
      vertex 6 66.75 5.5
    endloop
  endfacet
  facet normal 0 0 -1
    outer loop
      vertex 4.40901 67.409 2.5
      vertex 5 66.9997 2.5
      vertex 4.875 67.0514 2.5
    endloop
  endfacet
  facet normal 0 0 -1
    outer loop
      vertex 4.05144 67.875 2.5
      vertex 5 66.9997 2.5
      vertex 4.40901 67.409 2.5
    endloop
  endfacet
  facet normal 0 0 -1
    outer loop
      vertex 5 66.9997 2.5
      vertex 4.05144 67.875 2.5
      vertex 5 71.0003 2.5
    endloop
  endfacet
  facet normal 0 0 -1
    outer loop
      vertex 5 71.0003 2.5
      vertex 4.40901 70.591 2.5
      vertex 4.875 70.9486 2.5
    endloop
  endfacet
  facet normal 0 0 -1
    outer loop
      vertex 4.05144 70.125 2.5
      vertex 5 71.0003 2.5
      vertex 4.05144 67.875 2.5
    endloop
  endfacet
  facet normal 0 0 -1
    outer loop
      vertex 5 71.0003 2.5
      vertex 4.05144 70.125 2.5
      vertex 4.40901 70.591 2.5
    endloop
  endfacet
  facet normal 0 0 -1
    outer loop
      vertex 3.82667 68.4177 2.5
      vertex 4.05144 70.125 2.5
      vertex 4.05144 67.875 2.5
    endloop
  endfacet
  facet normal 0 0 -1
    outer loop
      vertex 3.82667 68.4177 2.5
      vertex 3.82667 69.5823 2.5
      vertex 4.05144 70.125 2.5
    endloop
  endfacet
  facet normal 0 -0 -1
    outer loop
      vertex 3.82667 69.5823 2.5
      vertex 3.82667 68.4177 2.5
      vertex 3.75 69 2.5
    endloop
  endfacet
  facet normal 0 0 -1
    outer loop
      vertex 12.5 65.5 2.5
      vertex 6.5 65.5 2.5
      vertex 12.5 71.5 2.5
    endloop
  endfacet
  facet normal 0 0 -1
    outer loop
      vertex 27 51 2.5
      vertex 25.5 58.5 2.5
      vertex 27 73 2.5
    endloop
  endfacet
  facet normal 0 0 -1
    outer loop
      vertex 27 51 2.5
      vertex 19.5 52.5 2.5
      vertex 25.5 58.5 2.5
    endloop
  endfacet
  facet normal 0 0 -1
    outer loop
      vertex 27 51 2.5
      vertex 12.5 52.5 2.5
      vertex 19.5 52.5 2.5
    endloop
  endfacet
  facet normal 0 0 -1
    outer loop
      vertex 12.5 52.5 2.5
      vertex 6.5 58.5 2.5
      vertex 12.5 58.5 2.5
    endloop
  endfacet
  facet normal 0 0 -1
    outer loop
      vertex 5 66.9997 2.5
      vertex 6.5 58.5 2.5
      vertex 5 51 2.5
    endloop
  endfacet
  facet normal -0 0 -1
    outer loop
      vertex 12.5 52.5 2.5
      vertex 5 51 2.5
      vertex 6.5 58.5 2.5
    endloop
  endfacet
  facet normal 0 0 -1
    outer loop
      vertex 5 51 2.5
      vertex 12.5 52.5 2.5
      vertex 27 51 2.5
    endloop
  endfacet
  facet normal 0 0 -1
    outer loop
      vertex 25.5 65.5 2.5
      vertex 27 73 2.5
      vertex 25.5 58.5 2.5
    endloop
  endfacet
  facet normal 0 0 -1
    outer loop
      vertex 19.5 71.5 2.5
      vertex 25.5 65.5 2.5
      vertex 19.5 65.5 2.5
    endloop
  endfacet
  facet normal 0 0 -1
    outer loop
      vertex 25.5 65.5 2.5
      vertex 19.5 71.5 2.5
      vertex 27 73 2.5
    endloop
  endfacet
  facet normal 0 0 -1
    outer loop
      vertex 12.5 71.5 2.5
      vertex 27 73 2.5
      vertex 19.5 71.5 2.5
    endloop
  endfacet
  facet normal 0 0 -1
    outer loop
      vertex 6.5 58.5 2.5
      vertex 5 66.9997 2.5
      vertex 6.5 65.5 2.5
    endloop
  endfacet
  facet normal 0 0 -1
    outer loop
      vertex 5 71.0003 2.5
      vertex 6.5 65.5 2.5
      vertex 5 66.9997 2.5
    endloop
  endfacet
  facet normal 0 0 -1
    outer loop
      vertex 6.5 65.5 2.5
      vertex 5 71.0003 2.5
      vertex 12.5 71.5 2.5
    endloop
  endfacet
  facet normal 0 0 -1
    outer loop
      vertex 5 73 2.5
      vertex 12.5 71.5 2.5
      vertex 5 71.0003 2.5
    endloop
  endfacet
  facet normal 0 0 -1
    outer loop
      vertex 12.5 71.5 2.5
      vertex 5 73 2.5
      vertex 27 73 2.5
    endloop
  endfacet
  facet normal -0 0 -1
    outer loop
      vertex 25.5 58.5 2.5
      vertex 19.5 52.5 2.5
      vertex 19.5 58.5 2.5
    endloop
  endfacet
  facet normal -0.793357 -0.608757 0
    outer loop
      vertex 4.40901 67.409 2.5
      vertex 4.05144 67.875 8.5
      vertex 4.05144 67.875 2.5
    endloop
  endfacet
  facet normal -0.793357 -0.608757 0
    outer loop
      vertex 4.05144 67.875 8.5
      vertex 4.40901 67.409 2.5
      vertex 4.40901 67.409 8.5
    endloop
  endfacet
  facet normal -0.130582 0.991437 0
    outer loop
      vertex 6 71.25 5.5
      vertex 5.41766 71.1733 8.5
      vertex 6 71.25 8.5
    endloop
  endfacet
  facet normal -0.130582 0.991437 0
    outer loop
      vertex 5.41766 71.1733 8.5
      vertex 6 71.25 5.5
      vertex 5.41766 71.1733 5.5
    endloop
  endfacet
  facet normal -0.923894 0.382649 0
    outer loop
      vertex 3.82667 69.5823 2.5
      vertex 4.05144 70.125 8.5
      vertex 4.05144 70.125 2.5
    endloop
  endfacet
  facet normal -0.923894 0.382649 0
    outer loop
      vertex 4.05144 70.125 8.5
      vertex 3.82667 69.5823 2.5
      vertex 3.82667 69.5823 8.5
    endloop
  endfacet
  facet normal -0.991443 0.130541 0
    outer loop
      vertex 3.75 69 2.5
      vertex 3.82667 69.5823 8.5
      vertex 3.82667 69.5823 2.5
    endloop
  endfacet
  facet normal -0.991443 0.130541 0
    outer loop
      vertex 3.82667 69.5823 8.5
      vertex 3.75 69 2.5
      vertex 3.75 69 8.5
    endloop
  endfacet
  facet normal 0.382571 0.923926 -0
    outer loop
      vertex 7.125 70.9486 5.5
      vertex 6.58234 71.1733 8.5
      vertex 7.125 70.9486 8.5
    endloop
  endfacet
  facet normal 0.382571 0.923926 0
    outer loop
      vertex 6.58234 71.1733 8.5
      vertex 7.125 70.9486 5.5
      vertex 6.58234 71.1733 5.5
    endloop
  endfacet
  facet normal 0 0 1
    outer loop
      vertex 6.8 69 8.5
      vertex 8.25 69 8.5
      vertex 8.17333 69.5823 8.5
    endloop
  endfacet
  facet normal 0 0 1
    outer loop
      vertex 6.7391 69.3061 8.5
      vertex 8.17333 69.5823 8.5
      vertex 7.94856 70.125 8.5
    endloop
  endfacet
  facet normal 0 0 1
    outer loop
      vertex 8.25 69 8.5
      vertex 6.8 69 8.5
      vertex 8.17333 68.4177 8.5
    endloop
  endfacet
  facet normal 0 0 1
    outer loop
      vertex 6.56569 69.5657 8.5
      vertex 7.94856 70.125 8.5
      vertex 7.59099 70.591 8.5
    endloop
  endfacet
  facet normal -0 0 1
    outer loop
      vertex 6.7391 68.6939 8.5
      vertex 8.17333 68.4177 8.5
      vertex 6.8 69 8.5
    endloop
  endfacet
  facet normal 0 0 1
    outer loop
      vertex 6.56569 69.5657 8.5
      vertex 7.59099 70.591 8.5
      vertex 7.125 70.9486 8.5
    endloop
  endfacet
  facet normal 0 0 1
    outer loop
      vertex 8.17333 68.4177 8.5
      vertex 6.7391 68.6939 8.5
      vertex 7.94856 67.875 8.5
    endloop
  endfacet
  facet normal -0 0 1
    outer loop
      vertex 6.56569 68.4343 8.5
      vertex 7.94856 67.875 8.5
      vertex 6.7391 68.6939 8.5
    endloop
  endfacet
  facet normal 0 0 1
    outer loop
      vertex 8.17333 69.5823 8.5
      vertex 6.7391 69.3061 8.5
      vertex 6.8 69 8.5
    endloop
  endfacet
  facet normal 0 0 1
    outer loop
      vertex 6.30615 69.7391 8.5
      vertex 7.125 70.9486 8.5
      vertex 6.58234 71.1733 8.5
    endloop
  endfacet
  facet normal 0 0 1
    outer loop
      vertex 7.94856 70.125 8.5
      vertex 6.56569 69.5657 8.5
      vertex 6.7391 69.3061 8.5
    endloop
  endfacet
  facet normal 0 0 1
    outer loop
      vertex 7.125 70.9486 8.5
      vertex 6.30615 69.7391 8.5
      vertex 6.56569 69.5657 8.5
    endloop
  endfacet
  facet normal 0 0 1
    outer loop
      vertex 6 69.8 8.5
      vertex 6.58234 71.1733 8.5
      vertex 6 71.25 8.5
    endloop
  endfacet
  facet normal 0 0 1
    outer loop
      vertex 6.58234 71.1733 8.5
      vertex 6 69.8 8.5
      vertex 6.30615 69.7391 8.5
    endloop
  endfacet
  facet normal -0 0 1
    outer loop
      vertex 5.41766 71.1733 8.5
      vertex 6 69.8 8.5
      vertex 6 71.25 8.5
    endloop
  endfacet
  facet normal 0 0 1
    outer loop
      vertex 6 69.8 8.5
      vertex 5.41766 71.1733 8.5
      vertex 5.69385 69.7391 8.5
    endloop
  endfacet
  facet normal -0 0 1
    outer loop
      vertex 4.875 70.9486 8.5
      vertex 5.69385 69.7391 8.5
      vertex 5.41766 71.1733 8.5
    endloop
  endfacet
  facet normal 0 0 1
    outer loop
      vertex 5.69385 69.7391 8.5
      vertex 4.875 70.9486 8.5
      vertex 5.43431 69.5657 8.5
    endloop
  endfacet
  facet normal -0 0 1
    outer loop
      vertex 4.40901 70.591 8.5
      vertex 5.43431 69.5657 8.5
      vertex 4.875 70.9486 8.5
    endloop
  endfacet
  facet normal -0 0 1
    outer loop
      vertex 4.05144 70.125 8.5
      vertex 5.43431 69.5657 8.5
      vertex 4.40901 70.591 8.5
    endloop
  endfacet
  facet normal 0 0 1
    outer loop
      vertex 7.94856 67.875 8.5
      vertex 6.56569 68.4343 8.5
      vertex 7.59099 67.409 8.5
    endloop
  endfacet
  facet normal 0 0 1
    outer loop
      vertex 7.59099 67.409 8.5
      vertex 6.56569 68.4343 8.5
      vertex 7.125 67.0514 8.5
    endloop
  endfacet
  facet normal -0 0 1
    outer loop
      vertex 6.30615 68.2609 8.5
      vertex 7.125 67.0514 8.5
      vertex 6.56569 68.4343 8.5
    endloop
  endfacet
  facet normal 0 0 1
    outer loop
      vertex 7.125 67.0514 8.5
      vertex 6.30615 68.2609 8.5
      vertex 6.58234 66.8267 8.5
    endloop
  endfacet
  facet normal -0 0 1
    outer loop
      vertex 6 68.2 8.5
      vertex 6.58234 66.8267 8.5
      vertex 6.30615 68.2609 8.5
    endloop
  endfacet
  facet normal 0 0 1
    outer loop
      vertex 6 68.2 8.5
      vertex 6 66.75 8.5
      vertex 6.58234 66.8267 8.5
    endloop
  endfacet
  facet normal 0 0 1
    outer loop
      vertex 5.41766 66.8267 8.5
      vertex 6 68.2 8.5
      vertex 5.69385 68.2609 8.5
    endloop
  endfacet
  facet normal 0 0 1
    outer loop
      vertex 4.875 67.0514 8.5
      vertex 5.69385 68.2609 8.5
      vertex 5.43431 68.4343 8.5
    endloop
  endfacet
  facet normal 0 0 1
    outer loop
      vertex 6 68.2 8.5
      vertex 5.41766 66.8267 8.5
      vertex 6 66.75 8.5
    endloop
  endfacet
  facet normal 0 0 1
    outer loop
      vertex 4.05144 67.875 8.5
      vertex 5.43431 68.4343 8.5
      vertex 5.2609 68.6939 8.5
    endloop
  endfacet
  facet normal 0 0 1
    outer loop
      vertex 3.82667 68.4177 8.5
      vertex 5.2609 68.6939 8.5
      vertex 5.2 69 8.5
    endloop
  endfacet
  facet normal 0 0 1
    outer loop
      vertex 5.43431 69.5657 8.5
      vertex 4.05144 70.125 8.5
      vertex 5.2609 69.3061 8.5
    endloop
  endfacet
  facet normal 0 0 1
    outer loop
      vertex 5.69385 68.2609 8.5
      vertex 4.875 67.0514 8.5
      vertex 5.41766 66.8267 8.5
    endloop
  endfacet
  facet normal -0 0 1
    outer loop
      vertex 3.82667 69.5823 8.5
      vertex 5.2609 69.3061 8.5
      vertex 4.05144 70.125 8.5
    endloop
  endfacet
  facet normal 0 0 1
    outer loop
      vertex 5.43431 68.4343 8.5
      vertex 4.40901 67.409 8.5
      vertex 4.875 67.0514 8.5
    endloop
  endfacet
  facet normal 0 0 1
    outer loop
      vertex 5.2609 69.3061 8.5
      vertex 3.82667 69.5823 8.5
      vertex 5.2 69 8.5
    endloop
  endfacet
  facet normal 0 0 1
    outer loop
      vertex 5.43431 68.4343 8.5
      vertex 4.05144 67.875 8.5
      vertex 4.40901 67.409 8.5
    endloop
  endfacet
  facet normal 0 0 1
    outer loop
      vertex 3.75 69 8.5
      vertex 5.2 69 8.5
      vertex 3.82667 69.5823 8.5
    endloop
  endfacet
  facet normal 0 0 1
    outer loop
      vertex 5.2609 68.6939 8.5
      vertex 3.82667 68.4177 8.5
      vertex 4.05144 67.875 8.5
    endloop
  endfacet
  facet normal 0 0 1
    outer loop
      vertex 5.2 69 8.5
      vertex 3.75 69 8.5
      vertex 3.82667 68.4177 8.5
    endloop
  endfacet
  facet normal -0.991443 -0.130541 0
    outer loop
      vertex 3.82667 68.4177 2.5
      vertex 3.75 69 8.5
      vertex 3.75 69 2.5
    endloop
  endfacet
  facet normal -0.991443 -0.130541 0
    outer loop
      vertex 3.75 69 8.5
      vertex 3.82667 68.4177 2.5
      vertex 3.82667 68.4177 8.5
    endloop
  endfacet
  facet normal 0.382571 -0.923926 0
    outer loop
      vertex 6.58234 66.8267 5.5
      vertex 7.125 67.0514 8.5
      vertex 6.58234 66.8267 8.5
    endloop
  endfacet
  facet normal 0.382571 -0.923926 0
    outer loop
      vertex 7.125 67.0514 8.5
      vertex 6.58234 66.8267 5.5
      vertex 7.125 67.0514 5.5
    endloop
  endfacet
  facet normal 0.1951 -0.980783 0
    outer loop
      vertex 5.69385 69.7391 5.5
      vertex 6 69.8 8.5
      vertex 5.69385 69.7391 8.5
    endloop
  endfacet
  facet normal 0.1951 -0.980783 0
    outer loop
      vertex 6 69.8 8.5
      vertex 5.69385 69.7391 5.5
      vertex 6 69.8 5.5
    endloop
  endfacet
  facet normal -0.831542 0.555461 0
    outer loop
      vertex 6.56569 68.4343 5.5
      vertex 6.7391 68.6939 8.5
      vertex 6.7391 68.6939 5.5
    endloop
  endfacet
  facet normal -0.831542 0.555461 0
    outer loop
      vertex 6.7391 68.6939 8.5
      vertex 6.56569 68.4343 5.5
      vertex 6.56569 68.4343 8.5
    endloop
  endfacet
  facet normal -0.980777 0.19513 0
    outer loop
      vertex 6.7391 68.6939 5.5
      vertex 6.8 69 8.5
      vertex 6.8 69 5.5
    endloop
  endfacet
  facet normal -0.980777 0.19513 0
    outer loop
      vertex 6.8 69 8.5
      vertex 6.7391 68.6939 5.5
      vertex 6.7391 68.6939 8.5
    endloop
  endfacet
  facet normal -0.555528 0.831498 0
    outer loop
      vertex 6.56569 68.4343 5.5
      vertex 6.30615 68.2609 8.5
      vertex 6.56569 68.4343 8.5
    endloop
  endfacet
  facet normal -0.555528 0.831498 0
    outer loop
      vertex 6.30615 68.2609 8.5
      vertex 6.56569 68.4343 5.5
      vertex 6.30615 68.2609 5.5
    endloop
  endfacet
  facet normal -0.831542 -0.555461 0
    outer loop
      vertex 6.7391 69.3061 5.5
      vertex 6.56569 69.5657 8.5
      vertex 6.56569 69.5657 5.5
    endloop
  endfacet
  facet normal -0.831542 -0.555461 0
    outer loop
      vertex 6.56569 69.5657 8.5
      vertex 6.7391 69.3061 5.5
      vertex 6.7391 69.3061 8.5
    endloop
  endfacet
  facet normal -0.555528 -0.831498 0
    outer loop
      vertex 6.30615 69.7391 5.5
      vertex 6.56569 69.5657 8.5
      vertex 6.30615 69.7391 8.5
    endloop
  endfacet
  facet normal -0.555528 -0.831498 -0
    outer loop
      vertex 6.56569 69.5657 8.5
      vertex 6.30615 69.7391 5.5
      vertex 6.56569 69.5657 5.5
    endloop
  endfacet
  facet normal 0.980777 0.19513 0
    outer loop
      vertex 5.2609 68.6939 8.5
      vertex 5.2 69 5.5
      vertex 5.2 69 8.5
    endloop
  endfacet
  facet normal 0.980777 0.19513 0
    outer loop
      vertex 5.2 69 5.5
      vertex 5.2609 68.6939 8.5
      vertex 5.2609 68.6939 5.5
    endloop
  endfacet
  facet normal 0.555528 0.831498 -0
    outer loop
      vertex 5.69385 68.2609 5.5
      vertex 5.43431 68.4343 8.5
      vertex 5.69385 68.2609 8.5
    endloop
  endfacet
  facet normal 0.555528 0.831498 0
    outer loop
      vertex 5.43431 68.4343 8.5
      vertex 5.69385 68.2609 5.5
      vertex 5.43431 68.4343 5.5
    endloop
  endfacet
  facet normal -0.980777 -0.19513 0
    outer loop
      vertex 6.8 69 5.5
      vertex 6.7391 69.3061 8.5
      vertex 6.7391 69.3061 5.5
    endloop
  endfacet
  facet normal -0.980777 -0.19513 0
    outer loop
      vertex 6.7391 69.3061 8.5
      vertex 6.8 69 5.5
      vertex 6.8 69 8.5
    endloop
  endfacet
  facet normal -0.1951 -0.980783 0
    outer loop
      vertex 6 69.8 5.5
      vertex 6.30615 69.7391 8.5
      vertex 6 69.8 8.5
    endloop
  endfacet
  facet normal -0.1951 -0.980783 -0
    outer loop
      vertex 6.30615 69.7391 8.5
      vertex 6 69.8 5.5
      vertex 6.30615 69.7391 5.5
    endloop
  endfacet
  facet normal 0.555528 -0.831498 0
    outer loop
      vertex 5.43431 69.5657 5.5
      vertex 5.69385 69.7391 8.5
      vertex 5.43431 69.5657 8.5
    endloop
  endfacet
  facet normal 0.555528 -0.831498 0
    outer loop
      vertex 5.69385 69.7391 8.5
      vertex 5.43431 69.5657 5.5
      vertex 5.69385 69.7391 5.5
    endloop
  endfacet
  facet normal 0.1951 0.980783 -0
    outer loop
      vertex 6 68.2 5.5
      vertex 5.69385 68.2609 8.5
      vertex 6 68.2 8.5
    endloop
  endfacet
  facet normal 0.1951 0.980783 0
    outer loop
      vertex 5.69385 68.2609 8.5
      vertex 6 68.2 5.5
      vertex 5.69385 68.2609 5.5
    endloop
  endfacet
  facet normal 0.831542 0.555461 0
    outer loop
      vertex 5.43431 68.4343 8.5
      vertex 5.2609 68.6939 5.5
      vertex 5.2609 68.6939 8.5
    endloop
  endfacet
  facet normal 0.831542 0.555461 0
    outer loop
      vertex 5.2609 68.6939 5.5
      vertex 5.43431 68.4343 8.5
      vertex 5.43431 68.4343 5.5
    endloop
  endfacet
  facet normal -0.1951 0.980783 0
    outer loop
      vertex 6.30615 68.2609 5.5
      vertex 6 68.2 8.5
      vertex 6.30615 68.2609 8.5
    endloop
  endfacet
  facet normal -0.1951 0.980783 0
    outer loop
      vertex 6 68.2 8.5
      vertex 6.30615 68.2609 5.5
      vertex 6 68.2 5.5
    endloop
  endfacet
  facet normal 0.831542 -0.555461 0
    outer loop
      vertex 5.2609 69.3061 8.5
      vertex 5.43431 69.5657 5.5
      vertex 5.43431 69.5657 8.5
    endloop
  endfacet
  facet normal 0.831542 -0.555461 0
    outer loop
      vertex 5.43431 69.5657 5.5
      vertex 5.2609 69.3061 8.5
      vertex 5.2609 69.3061 5.5
    endloop
  endfacet
  facet normal 0.980777 -0.19513 0
    outer loop
      vertex 5.2 69 8.5
      vertex 5.2609 69.3061 5.5
      vertex 5.2609 69.3061 8.5
    endloop
  endfacet
  facet normal 0.980777 -0.19513 0
    outer loop
      vertex 5.2609 69.3061 5.5
      vertex 5.2 69 8.5
      vertex 5.2 69 5.5
    endloop
  endfacet
  facet normal 0.923936 -0.382547 0
    outer loop
      vertex 61.9486 67.875 8.5
      vertex 62.1733 68.4177 2.5
      vertex 62.1733 68.4177 8.5
    endloop
  endfacet
  facet normal 0.923936 -0.382547 0
    outer loop
      vertex 62.1733 68.4177 2.5
      vertex 61.9486 67.875 8.5
      vertex 61.9486 67.875 2.5
    endloop
  endfacet
  facet normal 0.991436 -0.130591 0
    outer loop
      vertex 62.1733 68.4177 8.5
      vertex 62.25 69 2.5
      vertex 62.25 69 8.5
    endloop
  endfacet
  facet normal 0.991436 -0.130591 0
    outer loop
      vertex 62.25 69 2.5
      vertex 62.1733 68.4177 8.5
      vertex 62.1733 68.4177 2.5
    endloop
  endfacet
  facet normal 0.793332 -0.608789 0
    outer loop
      vertex 61.591 67.409 8.5
      vertex 61.9486 67.875 2.5
      vertex 61.9486 67.875 8.5
    endloop
  endfacet
  facet normal 0.793332 -0.608789 0
    outer loop
      vertex 61.9486 67.875 2.5
      vertex 61.591 67.409 8.5
      vertex 61.591 67.409 2.5
    endloop
  endfacet
  facet normal -0.608789 -0.793332 0
    outer loop
      vertex 58.409 67.409 2.5
      vertex 58.875 67.0514 8.5
      vertex 58.409 67.409 8.5
    endloop
  endfacet
  facet normal -0.608789 -0.793332 -0
    outer loop
      vertex 58.875 67.0514 8.5
      vertex 58.409 67.409 2.5
      vertex 58.875 67.0514 2.5
    endloop
  endfacet
  facet normal 0.991436 0.130591 0
    outer loop
      vertex 62.25 69 8.5
      vertex 62.1733 69.5823 2.5
      vertex 62.1733 69.5823 8.5
    endloop
  endfacet
  facet normal 0.991436 0.130591 0
    outer loop
      vertex 62.1733 69.5823 2.5
      vertex 62.25 69 8.5
      vertex 62.25 69 2.5
    endloop
  endfacet
  facet normal 0.608789 0.793332 -0
    outer loop
      vertex 61.591 70.591 2.5
      vertex 61.125 70.9486 8.5
      vertex 61.591 70.591 8.5
    endloop
  endfacet
  facet normal 0.608789 0.793332 0
    outer loop
      vertex 61.125 70.9486 8.5
      vertex 61.591 70.591 2.5
      vertex 61.125 70.9486 2.5
    endloop
  endfacet
  facet normal 0.793332 0.608789 0
    outer loop
      vertex 61.9486 70.125 8.5
      vertex 61.591 70.591 2.5
      vertex 61.591 70.591 8.5
    endloop
  endfacet
  facet normal 0.793332 0.608789 0
    outer loop
      vertex 61.591 70.591 2.5
      vertex 61.9486 70.125 8.5
      vertex 61.9486 70.125 2.5
    endloop
  endfacet
  facet normal -0.608789 0.793332 0
    outer loop
      vertex 58.875 70.9486 2.5
      vertex 58.409 70.591 8.5
      vertex 58.875 70.9486 8.5
    endloop
  endfacet
  facet normal -0.608789 0.793332 0
    outer loop
      vertex 58.409 70.591 8.5
      vertex 58.875 70.9486 2.5
      vertex 58.409 70.591 2.5
    endloop
  endfacet
  facet normal -0.382547 0.923936 0
    outer loop
      vertex 59.4177 71.1733 2.5
      vertex 58.875 70.9486 8.5
      vertex 59.4177 71.1733 8.5
    endloop
  endfacet
  facet normal -0.382547 0.923936 0
    outer loop
      vertex 58.875 70.9486 8.5
      vertex 59.4177 71.1733 2.5
      vertex 58.875 70.9486 2.5
    endloop
  endfacet
  facet normal 0.608789 -0.793332 0
    outer loop
      vertex 61.125 67.0514 2.5
      vertex 61.591 67.409 8.5
      vertex 61.125 67.0514 8.5
    endloop
  endfacet
  facet normal 0.608789 -0.793332 0
    outer loop
      vertex 61.591 67.409 8.5
      vertex 61.125 67.0514 2.5
      vertex 61.591 67.409 2.5
    endloop
  endfacet
  facet normal -0.382547 -0.923936 0
    outer loop
      vertex 58.875 67.0514 2.5
      vertex 59.4177 66.8267 8.5
      vertex 58.875 67.0514 8.5
    endloop
  endfacet
  facet normal -0.382547 -0.923936 -0
    outer loop
      vertex 59.4177 66.8267 8.5
      vertex 58.875 67.0514 2.5
      vertex 59.4177 66.8267 2.5
    endloop
  endfacet
  facet normal 0.923936 0.382547 0
    outer loop
      vertex 62.1733 69.5823 8.5
      vertex 61.9486 70.125 2.5
      vertex 61.9486 70.125 8.5
    endloop
  endfacet
  facet normal 0.923936 0.382547 0
    outer loop
      vertex 61.9486 70.125 2.5
      vertex 62.1733 69.5823 8.5
      vertex 62.1733 69.5823 2.5
    endloop
  endfacet
  facet normal 0.130591 -0.991436 0
    outer loop
      vertex 60 66.75 2.5
      vertex 60.5823 66.8267 8.5
      vertex 60 66.75 8.5
    endloop
  endfacet
  facet normal 0.130591 -0.991436 0
    outer loop
      vertex 60.5823 66.8267 8.5
      vertex 60 66.75 2.5
      vertex 60.5823 66.8267 2.5
    endloop
  endfacet
  facet normal -0.793332 0.608789 0
    outer loop
      vertex 58.0514 70.125 2.5
      vertex 58.409 70.591 8.5
      vertex 58.409 70.591 2.5
    endloop
  endfacet
  facet normal -0.793332 0.608789 0
    outer loop
      vertex 58.409 70.591 8.5
      vertex 58.0514 70.125 2.5
      vertex 58.0514 70.125 8.5
    endloop
  endfacet
  facet normal -0.923936 -0.382547 0
    outer loop
      vertex 58.0514 67.875 2.5
      vertex 57.8267 68.4177 8.5
      vertex 57.8267 68.4177 2.5
    endloop
  endfacet
  facet normal -0.923936 -0.382547 0
    outer loop
      vertex 57.8267 68.4177 8.5
      vertex 58.0514 67.875 2.5
      vertex 58.0514 67.875 8.5
    endloop
  endfacet
  facet normal 0.130591 0.991436 -0
    outer loop
      vertex 60.5823 71.1733 2.5
      vertex 60 71.25 8.5
      vertex 60.5823 71.1733 8.5
    endloop
  endfacet
  facet normal 0.130591 0.991436 0
    outer loop
      vertex 60 71.25 8.5
      vertex 60.5823 71.1733 2.5
      vertex 60 71.25 2.5
    endloop
  endfacet
  facet normal -0.130591 -0.991436 0
    outer loop
      vertex 59.4177 66.8267 2.5
      vertex 60 66.75 8.5
      vertex 59.4177 66.8267 8.5
    endloop
  endfacet
  facet normal -0.130591 -0.991436 -0
    outer loop
      vertex 60 66.75 8.5
      vertex 59.4177 66.8267 2.5
      vertex 60 66.75 2.5
    endloop
  endfacet
  facet normal 0 0 -1
    outer loop
      vertex 60.8 69 2.5
      vertex 62.25 69 2.5
      vertex 62.1733 68.4177 2.5
    endloop
  endfacet
  facet normal 0 0 -1
    outer loop
      vertex 60.7391 68.6939 2.5
      vertex 62.1733 68.4177 2.5
      vertex 61.9486 67.875 2.5
    endloop
  endfacet
  facet normal 0 0 -1
    outer loop
      vertex 62.25 69 2.5
      vertex 60.8 69 2.5
      vertex 62.1733 69.5823 2.5
    endloop
  endfacet
  facet normal 0 0 -1
    outer loop
      vertex 60.5657 68.4343 2.5
      vertex 61.9486 67.875 2.5
      vertex 61.591 67.409 2.5
    endloop
  endfacet
  facet normal 0 0 -1
    outer loop
      vertex 60.7391 69.3061 2.5
      vertex 62.1733 69.5823 2.5
      vertex 60.8 69 2.5
    endloop
  endfacet
  facet normal 0 0 -1
    outer loop
      vertex 60.5657 68.4343 2.5
      vertex 61.591 67.409 2.5
      vertex 61.125 67.0514 2.5
    endloop
  endfacet
  facet normal -0 0 -1
    outer loop
      vertex 62.1733 69.5823 2.5
      vertex 60.7391 69.3061 2.5
      vertex 61.9486 70.125 2.5
    endloop
  endfacet
  facet normal 0 0 -1
    outer loop
      vertex 60.5657 69.5657 2.5
      vertex 61.9486 70.125 2.5
      vertex 60.7391 69.3061 2.5
    endloop
  endfacet
  facet normal 0 0 -1
    outer loop
      vertex 62.1733 68.4177 2.5
      vertex 60.7391 68.6939 2.5
      vertex 60.8 69 2.5
    endloop
  endfacet
  facet normal 0 0 -1
    outer loop
      vertex 60.3061 68.2609 2.5
      vertex 61.125 67.0514 2.5
      vertex 60.5823 66.8267 2.5
    endloop
  endfacet
  facet normal 0 0 -1
    outer loop
      vertex 61.9486 67.875 2.5
      vertex 60.5657 68.4343 2.5
      vertex 60.7391 68.6939 2.5
    endloop
  endfacet
  facet normal 0 0 -1
    outer loop
      vertex 61.125 67.0514 2.5
      vertex 60.3061 68.2609 2.5
      vertex 60.5657 68.4343 2.5
    endloop
  endfacet
  facet normal 0 0 -1
    outer loop
      vertex 60 68.2 2.5
      vertex 60.5823 66.8267 2.5
      vertex 60 66.75 2.5
    endloop
  endfacet
  facet normal 0 0 -1
    outer loop
      vertex 60.5823 66.8267 2.5
      vertex 60 68.2 2.5
      vertex 60.3061 68.2609 2.5
    endloop
  endfacet
  facet normal 0 0 -1
    outer loop
      vertex 59.4177 66.8267 2.5
      vertex 60 68.2 2.5
      vertex 60 66.75 2.5
    endloop
  endfacet
  facet normal -0 0 -1
    outer loop
      vertex 60 68.2 2.5
      vertex 59.4177 66.8267 2.5
      vertex 59.6939 68.2609 2.5
    endloop
  endfacet
  facet normal 0 0 -1
    outer loop
      vertex 58.875 67.0514 2.5
      vertex 59.6939 68.2609 2.5
      vertex 59.4177 66.8267 2.5
    endloop
  endfacet
  facet normal -0 0 -1
    outer loop
      vertex 59.6939 68.2609 2.5
      vertex 58.875 67.0514 2.5
      vertex 59.4343 68.4343 2.5
    endloop
  endfacet
  facet normal 0 0 -1
    outer loop
      vertex 58.409 67.409 2.5
      vertex 59.4343 68.4343 2.5
      vertex 58.875 67.0514 2.5
    endloop
  endfacet
  facet normal 0 0 -1
    outer loop
      vertex 58.0514 67.875 2.5
      vertex 59.4343 68.4343 2.5
      vertex 58.409 67.409 2.5
    endloop
  endfacet
  facet normal -0 0 -1
    outer loop
      vertex 61.9486 70.125 2.5
      vertex 60.5657 69.5657 2.5
      vertex 61.591 70.591 2.5
    endloop
  endfacet
  facet normal -0 0 -1
    outer loop
      vertex 61.591 70.591 2.5
      vertex 60.5657 69.5657 2.5
      vertex 61.125 70.9486 2.5
    endloop
  endfacet
  facet normal 0 0 -1
    outer loop
      vertex 60.3061 69.7391 2.5
      vertex 61.125 70.9486 2.5
      vertex 60.5657 69.5657 2.5
    endloop
  endfacet
  facet normal -0 0 -1
    outer loop
      vertex 61.125 70.9486 2.5
      vertex 60.3061 69.7391 2.5
      vertex 60.5823 71.1733 2.5
    endloop
  endfacet
  facet normal 0 0 -1
    outer loop
      vertex 60 69.8 2.5
      vertex 60.5823 71.1733 2.5
      vertex 60.3061 69.7391 2.5
    endloop
  endfacet
  facet normal 0 0 -1
    outer loop
      vertex 60 69.8 2.5
      vertex 60 71.25 2.5
      vertex 60.5823 71.1733 2.5
    endloop
  endfacet
  facet normal 0 0 -1
    outer loop
      vertex 59.4177 71.1733 2.5
      vertex 60 69.8 2.5
      vertex 59.6939 69.7391 2.5
    endloop
  endfacet
  facet normal 0 0 -1
    outer loop
      vertex 58.875 70.9486 2.5
      vertex 59.6939 69.7391 2.5
      vertex 59.4343 69.5657 2.5
    endloop
  endfacet
  facet normal 0 0 -1
    outer loop
      vertex 60 69.8 2.5
      vertex 59.4177 71.1733 2.5
      vertex 60 71.25 2.5
    endloop
  endfacet
  facet normal 0 0 -1
    outer loop
      vertex 58.0514 70.125 2.5
      vertex 59.4343 69.5657 2.5
      vertex 59.2609 69.3061 2.5
    endloop
  endfacet
  facet normal 0 0 -1
    outer loop
      vertex 57.8267 69.5823 2.5
      vertex 59.2609 69.3061 2.5
      vertex 59.2 69 2.5
    endloop
  endfacet
  facet normal -0 0 -1
    outer loop
      vertex 59.4343 68.4343 2.5
      vertex 58.0514 67.875 2.5
      vertex 59.2609 68.6939 2.5
    endloop
  endfacet
  facet normal 0 0 -1
    outer loop
      vertex 59.6939 69.7391 2.5
      vertex 58.875 70.9486 2.5
      vertex 59.4177 71.1733 2.5
    endloop
  endfacet
  facet normal 0 0 -1
    outer loop
      vertex 57.8267 68.4177 2.5
      vertex 59.2609 68.6939 2.5
      vertex 58.0514 67.875 2.5
    endloop
  endfacet
  facet normal 0 0 -1
    outer loop
      vertex 59.4343 69.5657 2.5
      vertex 58.409 70.591 2.5
      vertex 58.875 70.9486 2.5
    endloop
  endfacet
  facet normal -0 0 -1
    outer loop
      vertex 59.2609 68.6939 2.5
      vertex 57.8267 68.4177 2.5
      vertex 59.2 69 2.5
    endloop
  endfacet
  facet normal 0 0 -1
    outer loop
      vertex 59.4343 69.5657 2.5
      vertex 58.0514 70.125 2.5
      vertex 58.409 70.591 2.5
    endloop
  endfacet
  facet normal 0 0 -1
    outer loop
      vertex 57.75 69 2.5
      vertex 59.2 69 2.5
      vertex 57.8267 68.4177 2.5
    endloop
  endfacet
  facet normal 0 0 -1
    outer loop
      vertex 59.2609 69.3061 2.5
      vertex 57.8267 69.5823 2.5
      vertex 58.0514 70.125 2.5
    endloop
  endfacet
  facet normal 0 0 -1
    outer loop
      vertex 59.2 69 2.5
      vertex 57.75 69 2.5
      vertex 57.8267 69.5823 2.5
    endloop
  endfacet
  facet normal -0.793332 -0.608789 0
    outer loop
      vertex 58.409 67.409 2.5
      vertex 58.0514 67.875 8.5
      vertex 58.0514 67.875 2.5
    endloop
  endfacet
  facet normal -0.793332 -0.608789 0
    outer loop
      vertex 58.0514 67.875 8.5
      vertex 58.409 67.409 2.5
      vertex 58.409 67.409 8.5
    endloop
  endfacet
  facet normal -0.130591 0.991436 0
    outer loop
      vertex 60 71.25 2.5
      vertex 59.4177 71.1733 8.5
      vertex 60 71.25 8.5
    endloop
  endfacet
  facet normal -0.130591 0.991436 0
    outer loop
      vertex 59.4177 71.1733 8.5
      vertex 60 71.25 2.5
      vertex 59.4177 71.1733 2.5
    endloop
  endfacet
  facet normal -0.923936 0.382547 0
    outer loop
      vertex 57.8267 69.5823 2.5
      vertex 58.0514 70.125 8.5
      vertex 58.0514 70.125 2.5
    endloop
  endfacet
  facet normal -0.923936 0.382547 0
    outer loop
      vertex 58.0514 70.125 8.5
      vertex 57.8267 69.5823 2.5
      vertex 57.8267 69.5823 8.5
    endloop
  endfacet
  facet normal -0.991436 0.130591 0
    outer loop
      vertex 57.75 69 2.5
      vertex 57.8267 69.5823 8.5
      vertex 57.8267 69.5823 2.5
    endloop
  endfacet
  facet normal -0.991436 0.130591 0
    outer loop
      vertex 57.8267 69.5823 8.5
      vertex 57.75 69 2.5
      vertex 57.75 69 8.5
    endloop
  endfacet
  facet normal 0.382547 0.923936 -0
    outer loop
      vertex 61.125 70.9486 2.5
      vertex 60.5823 71.1733 8.5
      vertex 61.125 70.9486 8.5
    endloop
  endfacet
  facet normal 0.382547 0.923936 0
    outer loop
      vertex 60.5823 71.1733 8.5
      vertex 61.125 70.9486 2.5
      vertex 60.5823 71.1733 2.5
    endloop
  endfacet
  facet normal 0 0 1
    outer loop
      vertex 60.8 69 8.5
      vertex 62.25 69 8.5
      vertex 62.1733 69.5823 8.5
    endloop
  endfacet
  facet normal 0 0 1
    outer loop
      vertex 60.7391 69.3061 8.5
      vertex 62.1733 69.5823 8.5
      vertex 61.9486 70.125 8.5
    endloop
  endfacet
  facet normal 0 0 1
    outer loop
      vertex 62.25 69 8.5
      vertex 60.8 69 8.5
      vertex 62.1733 68.4177 8.5
    endloop
  endfacet
  facet normal 0 0 1
    outer loop
      vertex 60.5657 69.5657 8.5
      vertex 61.9486 70.125 8.5
      vertex 61.591 70.591 8.5
    endloop
  endfacet
  facet normal -0 0 1
    outer loop
      vertex 60.7391 68.6939 8.5
      vertex 62.1733 68.4177 8.5
      vertex 60.8 69 8.5
    endloop
  endfacet
  facet normal 0 0 1
    outer loop
      vertex 60.5657 69.5657 8.5
      vertex 61.591 70.591 8.5
      vertex 61.125 70.9486 8.5
    endloop
  endfacet
  facet normal 0 0 1
    outer loop
      vertex 62.1733 68.4177 8.5
      vertex 60.7391 68.6939 8.5
      vertex 61.9486 67.875 8.5
    endloop
  endfacet
  facet normal -0 0 1
    outer loop
      vertex 60.5657 68.4343 8.5
      vertex 61.9486 67.875 8.5
      vertex 60.7391 68.6939 8.5
    endloop
  endfacet
  facet normal 0 0 1
    outer loop
      vertex 62.1733 69.5823 8.5
      vertex 60.7391 69.3061 8.5
      vertex 60.8 69 8.5
    endloop
  endfacet
  facet normal 0 0 1
    outer loop
      vertex 60.3061 69.7391 8.5
      vertex 61.125 70.9486 8.5
      vertex 60.5823 71.1733 8.5
    endloop
  endfacet
  facet normal 0 0 1
    outer loop
      vertex 61.9486 70.125 8.5
      vertex 60.5657 69.5657 8.5
      vertex 60.7391 69.3061 8.5
    endloop
  endfacet
  facet normal 0 0 1
    outer loop
      vertex 61.125 70.9486 8.5
      vertex 60.3061 69.7391 8.5
      vertex 60.5657 69.5657 8.5
    endloop
  endfacet
  facet normal 0 0 1
    outer loop
      vertex 60 69.8 8.5
      vertex 60.5823 71.1733 8.5
      vertex 60 71.25 8.5
    endloop
  endfacet
  facet normal 0 0 1
    outer loop
      vertex 60.5823 71.1733 8.5
      vertex 60 69.8 8.5
      vertex 60.3061 69.7391 8.5
    endloop
  endfacet
  facet normal -0 0 1
    outer loop
      vertex 59.4177 71.1733 8.5
      vertex 60 69.8 8.5
      vertex 60 71.25 8.5
    endloop
  endfacet
  facet normal 0 0 1
    outer loop
      vertex 60 69.8 8.5
      vertex 59.4177 71.1733 8.5
      vertex 59.6939 69.7391 8.5
    endloop
  endfacet
  facet normal -0 0 1
    outer loop
      vertex 58.875 70.9486 8.5
      vertex 59.6939 69.7391 8.5
      vertex 59.4177 71.1733 8.5
    endloop
  endfacet
  facet normal 0 0 1
    outer loop
      vertex 59.6939 69.7391 8.5
      vertex 58.875 70.9486 8.5
      vertex 59.4343 69.5657 8.5
    endloop
  endfacet
  facet normal -0 0 1
    outer loop
      vertex 58.409 70.591 8.5
      vertex 59.4343 69.5657 8.5
      vertex 58.875 70.9486 8.5
    endloop
  endfacet
  facet normal -0 0 1
    outer loop
      vertex 58.0514 70.125 8.5
      vertex 59.4343 69.5657 8.5
      vertex 58.409 70.591 8.5
    endloop
  endfacet
  facet normal 0 0 1
    outer loop
      vertex 61.9486 67.875 8.5
      vertex 60.5657 68.4343 8.5
      vertex 61.591 67.409 8.5
    endloop
  endfacet
  facet normal 0 0 1
    outer loop
      vertex 61.591 67.409 8.5
      vertex 60.5657 68.4343 8.5
      vertex 61.125 67.0514 8.5
    endloop
  endfacet
  facet normal -0 0 1
    outer loop
      vertex 60.3061 68.2609 8.5
      vertex 61.125 67.0514 8.5
      vertex 60.5657 68.4343 8.5
    endloop
  endfacet
  facet normal 0 0 1
    outer loop
      vertex 61.125 67.0514 8.5
      vertex 60.3061 68.2609 8.5
      vertex 60.5823 66.8267 8.5
    endloop
  endfacet
  facet normal -0 0 1
    outer loop
      vertex 60 68.2 8.5
      vertex 60.5823 66.8267 8.5
      vertex 60.3061 68.2609 8.5
    endloop
  endfacet
  facet normal 0 0 1
    outer loop
      vertex 60 68.2 8.5
      vertex 60 66.75 8.5
      vertex 60.5823 66.8267 8.5
    endloop
  endfacet
  facet normal 0 0 1
    outer loop
      vertex 59.4177 66.8267 8.5
      vertex 60 68.2 8.5
      vertex 59.6939 68.2609 8.5
    endloop
  endfacet
  facet normal 0 0 1
    outer loop
      vertex 58.875 67.0514 8.5
      vertex 59.6939 68.2609 8.5
      vertex 59.4343 68.4343 8.5
    endloop
  endfacet
  facet normal 0 0 1
    outer loop
      vertex 60 68.2 8.5
      vertex 59.4177 66.8267 8.5
      vertex 60 66.75 8.5
    endloop
  endfacet
  facet normal 0 0 1
    outer loop
      vertex 58.0514 67.875 8.5
      vertex 59.4343 68.4343 8.5
      vertex 59.2609 68.6939 8.5
    endloop
  endfacet
  facet normal 0 0 1
    outer loop
      vertex 57.8267 68.4177 8.5
      vertex 59.2609 68.6939 8.5
      vertex 59.2 69 8.5
    endloop
  endfacet
  facet normal 0 0 1
    outer loop
      vertex 59.4343 69.5657 8.5
      vertex 58.0514 70.125 8.5
      vertex 59.2609 69.3061 8.5
    endloop
  endfacet
  facet normal 0 0 1
    outer loop
      vertex 59.6939 68.2609 8.5
      vertex 58.875 67.0514 8.5
      vertex 59.4177 66.8267 8.5
    endloop
  endfacet
  facet normal -0 0 1
    outer loop
      vertex 57.8267 69.5823 8.5
      vertex 59.2609 69.3061 8.5
      vertex 58.0514 70.125 8.5
    endloop
  endfacet
  facet normal 0 0 1
    outer loop
      vertex 59.4343 68.4343 8.5
      vertex 58.409 67.409 8.5
      vertex 58.875 67.0514 8.5
    endloop
  endfacet
  facet normal 0 0 1
    outer loop
      vertex 59.2609 69.3061 8.5
      vertex 57.8267 69.5823 8.5
      vertex 59.2 69 8.5
    endloop
  endfacet
  facet normal 0 0 1
    outer loop
      vertex 59.4343 68.4343 8.5
      vertex 58.0514 67.875 8.5
      vertex 58.409 67.409 8.5
    endloop
  endfacet
  facet normal 0 0 1
    outer loop
      vertex 57.75 69 8.5
      vertex 59.2 69 8.5
      vertex 57.8267 69.5823 8.5
    endloop
  endfacet
  facet normal 0 0 1
    outer loop
      vertex 59.2609 68.6939 8.5
      vertex 57.8267 68.4177 8.5
      vertex 58.0514 67.875 8.5
    endloop
  endfacet
  facet normal 0 0 1
    outer loop
      vertex 59.2 69 8.5
      vertex 57.75 69 8.5
      vertex 57.8267 68.4177 8.5
    endloop
  endfacet
  facet normal -0.991436 -0.130591 0
    outer loop
      vertex 57.8267 68.4177 2.5
      vertex 57.75 69 8.5
      vertex 57.75 69 2.5
    endloop
  endfacet
  facet normal -0.991436 -0.130591 0
    outer loop
      vertex 57.75 69 8.5
      vertex 57.8267 68.4177 2.5
      vertex 57.8267 68.4177 8.5
    endloop
  endfacet
  facet normal 0.382547 -0.923936 0
    outer loop
      vertex 60.5823 66.8267 2.5
      vertex 61.125 67.0514 8.5
      vertex 60.5823 66.8267 8.5
    endloop
  endfacet
  facet normal 0.382547 -0.923936 0
    outer loop
      vertex 61.125 67.0514 8.5
      vertex 60.5823 66.8267 2.5
      vertex 61.125 67.0514 2.5
    endloop
  endfacet
  facet normal 0.19513 -0.980777 0
    outer loop
      vertex 59.6939 69.7391 2.5
      vertex 60 69.8 8.5
      vertex 59.6939 69.7391 8.5
    endloop
  endfacet
  facet normal 0.19513 -0.980777 0
    outer loop
      vertex 60 69.8 8.5
      vertex 59.6939 69.7391 2.5
      vertex 60 69.8 2.5
    endloop
  endfacet
  facet normal -0.831557 0.555439 0
    outer loop
      vertex 60.5657 68.4343 2.5
      vertex 60.7391 68.6939 8.5
      vertex 60.7391 68.6939 2.5
    endloop
  endfacet
  facet normal -0.831557 0.555439 0
    outer loop
      vertex 60.7391 68.6939 8.5
      vertex 60.5657 68.4343 2.5
      vertex 60.5657 68.4343 8.5
    endloop
  endfacet
  facet normal -0.980777 0.19513 0
    outer loop
      vertex 60.7391 68.6939 2.5
      vertex 60.8 69 8.5
      vertex 60.8 69 2.5
    endloop
  endfacet
  facet normal -0.980777 0.19513 0
    outer loop
      vertex 60.8 69 8.5
      vertex 60.7391 68.6939 2.5
      vertex 60.7391 68.6939 8.5
    endloop
  endfacet
  facet normal -0.555439 0.831557 0
    outer loop
      vertex 60.5657 68.4343 2.5
      vertex 60.3061 68.2609 8.5
      vertex 60.5657 68.4343 8.5
    endloop
  endfacet
  facet normal -0.555439 0.831557 0
    outer loop
      vertex 60.3061 68.2609 8.5
      vertex 60.5657 68.4343 2.5
      vertex 60.3061 68.2609 2.5
    endloop
  endfacet
  facet normal -0.831557 -0.555439 0
    outer loop
      vertex 60.7391 69.3061 2.5
      vertex 60.5657 69.5657 8.5
      vertex 60.5657 69.5657 2.5
    endloop
  endfacet
  facet normal -0.831557 -0.555439 0
    outer loop
      vertex 60.5657 69.5657 8.5
      vertex 60.7391 69.3061 2.5
      vertex 60.7391 69.3061 8.5
    endloop
  endfacet
  facet normal -0.555439 -0.831557 0
    outer loop
      vertex 60.3061 69.7391 2.5
      vertex 60.5657 69.5657 8.5
      vertex 60.3061 69.7391 8.5
    endloop
  endfacet
  facet normal -0.555439 -0.831557 -0
    outer loop
      vertex 60.5657 69.5657 8.5
      vertex 60.3061 69.7391 2.5
      vertex 60.5657 69.5657 2.5
    endloop
  endfacet
  facet normal 0.980777 0.19513 0
    outer loop
      vertex 59.2609 68.6939 8.5
      vertex 59.2 69 2.5
      vertex 59.2 69 8.5
    endloop
  endfacet
  facet normal 0.980777 0.19513 0
    outer loop
      vertex 59.2 69 2.5
      vertex 59.2609 68.6939 8.5
      vertex 59.2609 68.6939 2.5
    endloop
  endfacet
  facet normal 0.555439 0.831557 -0
    outer loop
      vertex 59.6939 68.2609 2.5
      vertex 59.4343 68.4343 8.5
      vertex 59.6939 68.2609 8.5
    endloop
  endfacet
  facet normal 0.555439 0.831557 0
    outer loop
      vertex 59.4343 68.4343 8.5
      vertex 59.6939 68.2609 2.5
      vertex 59.4343 68.4343 2.5
    endloop
  endfacet
  facet normal -0.980777 -0.19513 0
    outer loop
      vertex 60.8 69 2.5
      vertex 60.7391 69.3061 8.5
      vertex 60.7391 69.3061 2.5
    endloop
  endfacet
  facet normal -0.980777 -0.19513 0
    outer loop
      vertex 60.7391 69.3061 8.5
      vertex 60.8 69 2.5
      vertex 60.8 69 8.5
    endloop
  endfacet
  facet normal -0.19513 -0.980777 0
    outer loop
      vertex 60 69.8 2.5
      vertex 60.3061 69.7391 8.5
      vertex 60 69.8 8.5
    endloop
  endfacet
  facet normal -0.19513 -0.980777 -0
    outer loop
      vertex 60.3061 69.7391 8.5
      vertex 60 69.8 2.5
      vertex 60.3061 69.7391 2.5
    endloop
  endfacet
  facet normal 0.555439 -0.831557 0
    outer loop
      vertex 59.4343 69.5657 2.5
      vertex 59.6939 69.7391 8.5
      vertex 59.4343 69.5657 8.5
    endloop
  endfacet
  facet normal 0.555439 -0.831557 0
    outer loop
      vertex 59.6939 69.7391 8.5
      vertex 59.4343 69.5657 2.5
      vertex 59.6939 69.7391 2.5
    endloop
  endfacet
  facet normal 0.19513 0.980777 -0
    outer loop
      vertex 60 68.2 2.5
      vertex 59.6939 68.2609 8.5
      vertex 60 68.2 8.5
    endloop
  endfacet
  facet normal 0.19513 0.980777 0
    outer loop
      vertex 59.6939 68.2609 8.5
      vertex 60 68.2 2.5
      vertex 59.6939 68.2609 2.5
    endloop
  endfacet
  facet normal 0.831557 0.555439 0
    outer loop
      vertex 59.4343 68.4343 8.5
      vertex 59.2609 68.6939 2.5
      vertex 59.2609 68.6939 8.5
    endloop
  endfacet
  facet normal 0.831557 0.555439 0
    outer loop
      vertex 59.2609 68.6939 2.5
      vertex 59.4343 68.4343 8.5
      vertex 59.4343 68.4343 2.5
    endloop
  endfacet
  facet normal -0.19513 0.980777 0
    outer loop
      vertex 60.3061 68.2609 2.5
      vertex 60 68.2 8.5
      vertex 60.3061 68.2609 8.5
    endloop
  endfacet
  facet normal -0.19513 0.980777 0
    outer loop
      vertex 60 68.2 8.5
      vertex 60.3061 68.2609 2.5
      vertex 60 68.2 2.5
    endloop
  endfacet
  facet normal 0.831557 -0.555439 0
    outer loop
      vertex 59.2609 69.3061 8.5
      vertex 59.4343 69.5657 2.5
      vertex 59.4343 69.5657 8.5
    endloop
  endfacet
  facet normal 0.831557 -0.555439 0
    outer loop
      vertex 59.4343 69.5657 2.5
      vertex 59.2609 69.3061 8.5
      vertex 59.2609 69.3061 2.5
    endloop
  endfacet
  facet normal 0.980777 -0.19513 0
    outer loop
      vertex 59.2 69 8.5
      vertex 59.2609 69.3061 2.5
      vertex 59.2609 69.3061 8.5
    endloop
  endfacet
  facet normal 0.980777 -0.19513 0
    outer loop
      vertex 59.2609 69.3061 2.5
      vertex 59.2 69 8.5
      vertex 59.2 69 2.5
    endloop
  endfacet
  facet normal 0.92388 -0.382683 0
    outer loop
      vertex 8.17333 5.41766 8.5
      vertex 8.00033 5 4
      vertex 8.17333 5.41766 4
    endloop
  endfacet
  facet normal 0.923884 -0.382673 -1.03732e-06
    outer loop
      vertex 7.94856 4.875 8.5
      vertex 8.00033 5 4
      vertex 8.17333 5.41766 8.5
    endloop
  endfacet
  facet normal 0.923897 -0.382641 0
    outer loop
      vertex 7.94856 4.875 2.5
      vertex 8.00033 5 4
      vertex 7.94856 4.875 8.5
    endloop
  endfacet
  facet normal 0.923897 -0.382641 0
    outer loop
      vertex 8.00033 5 4
      vertex 7.94856 4.875 2.5
      vertex 8.00033 5 2.5
    endloop
  endfacet
  facet normal 0.991444 -0.130532 0
    outer loop
      vertex 8.17333 5.41766 8.5
      vertex 8.25 6 4
      vertex 8.25 6 8.5
    endloop
  endfacet
  facet normal 0.991444 -0.130532 0
    outer loop
      vertex 8.25 6 4
      vertex 8.17333 5.41766 8.5
      vertex 8.17333 5.41766 4
    endloop
  endfacet
  facet normal 0.793351 -0.608765 0
    outer loop
      vertex 7.59099 4.40901 8.5
      vertex 7.94856 4.875 2.5
      vertex 7.94856 4.875 8.5
    endloop
  endfacet
  facet normal 0.793351 -0.608765 0
    outer loop
      vertex 7.94856 4.875 2.5
      vertex 7.59099 4.40901 8.5
      vertex 7.59099 4.40901 2.5
    endloop
  endfacet
  facet normal -0.608765 -0.793351 0
    outer loop
      vertex 4.40901 4.40901 2.5
      vertex 4.875 4.05144 8.5
      vertex 4.40901 4.40901 8.5
    endloop
  endfacet
  facet normal -0.608765 -0.793351 -0
    outer loop
      vertex 4.875 4.05144 8.5
      vertex 4.40901 4.40901 2.5
      vertex 4.875 4.05144 2.5
    endloop
  endfacet
  facet normal 0.991444 0.130532 0
    outer loop
      vertex 8.25 6 8.5
      vertex 8.17333 6.58234 4
      vertex 8.17333 6.58234 8.5
    endloop
  endfacet
  facet normal 0.991444 0.130532 0
    outer loop
      vertex 8.17333 6.58234 4
      vertex 8.25 6 8.5
      vertex 8.25 6 4
    endloop
  endfacet
  facet normal 0.608765 0.793351 -0
    outer loop
      vertex 7.59099 7.59099 2.5
      vertex 7.125 7.94856 8.5
      vertex 7.59099 7.59099 8.5
    endloop
  endfacet
  facet normal 0.608765 0.793351 0
    outer loop
      vertex 7.125 7.94856 8.5
      vertex 7.59099 7.59099 2.5
      vertex 7.125 7.94856 2.5
    endloop
  endfacet
  facet normal 0.793351 0.608765 0
    outer loop
      vertex 7.94856 7.125 8.5
      vertex 7.59099 7.59099 2.5
      vertex 7.59099 7.59099 8.5
    endloop
  endfacet
  facet normal 0.793351 0.608765 0
    outer loop
      vertex 7.59099 7.59099 2.5
      vertex 7.94856 7.125 8.5
      vertex 7.94856 7.125 2.5
    endloop
  endfacet
  facet normal -0.608765 0.793351 0
    outer loop
      vertex 4.875 7.94856 2.5
      vertex 4.40901 7.59099 8.5
      vertex 4.875 7.94856 8.5
    endloop
  endfacet
  facet normal -0.608765 0.793351 0
    outer loop
      vertex 4.40901 7.59099 8.5
      vertex 4.875 7.94856 2.5
      vertex 4.40901 7.59099 2.5
    endloop
  endfacet
  facet normal -0.382673 0.923884 0
    outer loop
      vertex 5.41766 8.17333 2.5
      vertex 4.875 7.94856 8.5
      vertex 5.41766 8.17333 8.5
    endloop
  endfacet
  facet normal -0.382673 0.923884 0
    outer loop
      vertex 4.875 7.94856 8.5
      vertex 5.41766 8.17333 2.5
      vertex 4.875 7.94856 2.5
    endloop
  endfacet
  facet normal 0.608765 -0.793351 0
    outer loop
      vertex 7.125 4.05144 2.5
      vertex 7.59099 4.40901 8.5
      vertex 7.125 4.05144 8.5
    endloop
  endfacet
  facet normal 0.608765 -0.793351 0
    outer loop
      vertex 7.59099 4.40901 8.5
      vertex 7.125 4.05144 2.5
      vertex 7.59099 4.40901 2.5
    endloop
  endfacet
  facet normal -0.382673 -0.923884 0
    outer loop
      vertex 4.875 4.05144 2.5
      vertex 5.41766 3.82667 8.5
      vertex 4.875 4.05144 8.5
    endloop
  endfacet
  facet normal -0.382673 -0.923884 -0
    outer loop
      vertex 5.41766 3.82667 8.5
      vertex 4.875 4.05144 2.5
      vertex 5.41766 3.82667 2.5
    endloop
  endfacet
  facet normal 0.923897 0.382641 0
    outer loop
      vertex 7.94856 7.125 8.5
      vertex 8.00033 7 4
      vertex 7.94856 7.125 2.5
    endloop
  endfacet
  facet normal 0.923884 0.382673 -1.03732e-06
    outer loop
      vertex 8.17333 6.58234 8.5
      vertex 8.00033 7 4
      vertex 7.94856 7.125 8.5
    endloop
  endfacet
  facet normal 0.92388 0.382683 0
    outer loop
      vertex 8.00033 7 4
      vertex 8.17333 6.58234 8.5
      vertex 8.17333 6.58234 4
    endloop
  endfacet
  facet normal 0.923897 0.382641 0
    outer loop
      vertex 7.94856 7.125 2.5
      vertex 8.00033 7 4
      vertex 8.00033 7 2.5
    endloop
  endfacet
  facet normal 0.130532 -0.991444 0
    outer loop
      vertex 6 3.75 2.5
      vertex 6.58234 3.82667 8.5
      vertex 6 3.75 8.5
    endloop
  endfacet
  facet normal 0.130532 -0.991444 0
    outer loop
      vertex 6.58234 3.82667 8.5
      vertex 6 3.75 2.5
      vertex 6.58234 3.82667 2.5
    endloop
  endfacet
  facet normal -0.793351 0.608765 0
    outer loop
      vertex 4.05144 7.125 2.5
      vertex 4.40901 7.59099 8.5
      vertex 4.40901 7.59099 2.5
    endloop
  endfacet
  facet normal -0.793351 0.608765 0
    outer loop
      vertex 4.40901 7.59099 8.5
      vertex 4.05144 7.125 2.5
      vertex 4.05144 7.125 8.5
    endloop
  endfacet
  facet normal -0.923897 -0.382641 0
    outer loop
      vertex 3.99967 5 2.5
      vertex 4.05144 4.875 2.5
      vertex 3.99967 5 4
    endloop
  endfacet
  facet normal -0.92388 -0.382683 0
    outer loop
      vertex 3.99967 5 4
      vertex 3.82667 5.41766 8.5
      vertex 3.82667 5.41766 4
    endloop
  endfacet
  facet normal -0.923884 -0.382673 -1.03732e-06
    outer loop
      vertex 3.99967 5 4
      vertex 4.05144 4.875 8.5
      vertex 3.82667 5.41766 8.5
    endloop
  endfacet
  facet normal -0.923897 -0.382641 -0
    outer loop
      vertex 4.05144 4.875 8.5
      vertex 3.99967 5 4
      vertex 4.05144 4.875 2.5
    endloop
  endfacet
  facet normal 0.130532 0.991444 -0
    outer loop
      vertex 6.58234 8.17333 2.5
      vertex 6 8.25 8.5
      vertex 6.58234 8.17333 8.5
    endloop
  endfacet
  facet normal 0.130532 0.991444 0
    outer loop
      vertex 6 8.25 8.5
      vertex 6.58234 8.17333 2.5
      vertex 6 8.25 2.5
    endloop
  endfacet
  facet normal -0.130532 -0.991444 0
    outer loop
      vertex 5.41766 3.82667 2.5
      vertex 6 3.75 8.5
      vertex 5.41766 3.82667 8.5
    endloop
  endfacet
  facet normal -0.130532 -0.991444 -0
    outer loop
      vertex 6 3.75 8.5
      vertex 5.41766 3.82667 2.5
      vertex 6 3.75 2.5
    endloop
  endfacet
  facet normal 0 0 -1
    outer loop
      vertex 62.0003 7 2.5
      vertex 63.3943 6.927 2.5
      vertex 63.0813 5.89524 2.5
    endloop
  endfacet
  facet normal 0 0 -1
    outer loop
      vertex 62.0003 5 2.5
      vertex 63.0813 5.89524 2.5
      vertex 62.6028 5 2.5
    endloop
  endfacet
  facet normal -0 0 -1
    outer loop
      vertex 63.0813 5.89524 2.5
      vertex 62.0003 5 2.5
      vertex 62.0003 7 2.5
    endloop
  endfacet
  facet normal 0 0 -1
    outer loop
      vertex 63.3943 6.927 2.5
      vertex 62.0003 7 2.5
      vertex 63.4015 7 2.5
    endloop
  endfacet
  facet normal 0 0 -1
    outer loop
      vertex 61.591 4.40901 2.5
      vertex 62.0003 5 2.5
      vertex 61.9486 4.875 2.5
    endloop
  endfacet
  facet normal 0 0 -1
    outer loop
      vertex 61.125 4.05144 2.5
      vertex 62.0003 5 2.5
      vertex 61.591 4.40901 2.5
    endloop
  endfacet
  facet normal 0 0 -1
    outer loop
      vertex 60.5823 3.82667 2.5
      vertex 62.0003 5 2.5
      vertex 61.125 4.05144 2.5
    endloop
  endfacet
  facet normal 0 0 -1
    outer loop
      vertex 62.0003 7 2.5
      vertex 61.591 7.59099 2.5
      vertex 61.9486 7.125 2.5
    endloop
  endfacet
  facet normal -0 0 -1
    outer loop
      vertex 62.0003 5 2.5
      vertex 60.5823 3.82667 2.5
      vertex 62.0003 7 2.5
    endloop
  endfacet
  facet normal 0 0 -1
    outer loop
      vertex 62.0003 7 2.5
      vertex 61.125 7.94856 2.5
      vertex 61.591 7.59099 2.5
    endloop
  endfacet
  facet normal 0 0 -1
    outer loop
      vertex 60.5823 8.17333 2.5
      vertex 62.0003 7 2.5
      vertex 60.5823 3.82667 2.5
    endloop
  endfacet
  facet normal 0 0 -1
    outer loop
      vertex 62.0003 7 2.5
      vertex 60.5823 8.17333 2.5
      vertex 61.125 7.94856 2.5
    endloop
  endfacet
  facet normal 0 0 -1
    outer loop
      vertex 60 3.75 2.5
      vertex 60.5823 8.17333 2.5
      vertex 60.5823 3.82667 2.5
    endloop
  endfacet
  facet normal 0 0 -1
    outer loop
      vertex 60 3.75 2.5
      vertex 60 8.25 2.5
      vertex 60.5823 8.17333 2.5
    endloop
  endfacet
  facet normal 0 0 -1
    outer loop
      vertex 59.4177 3.82667 2.5
      vertex 60 8.25 2.5
      vertex 60 3.75 2.5
    endloop
  endfacet
  facet normal 0 0 -1
    outer loop
      vertex 59.4177 3.82667 2.5
      vertex 59.4177 8.17333 2.5
      vertex 60 8.25 2.5
    endloop
  endfacet
  facet normal 0 0 -1
    outer loop
      vertex 57.9997 5 2.5
      vertex 59.4177 3.82667 2.5
      vertex 58.875 4.05144 2.5
    endloop
  endfacet
  facet normal 0 0 -1
    outer loop
      vertex 59.4177 3.82667 2.5
      vertex 57.9997 5 2.5
      vertex 59.4177 8.17333 2.5
    endloop
  endfacet
  facet normal 0 0 -1
    outer loop
      vertex 57.9997 5 2.5
      vertex 58.875 4.05144 2.5
      vertex 58.409 4.40901 2.5
    endloop
  endfacet
  facet normal 0 0 -1
    outer loop
      vertex 57.9997 7 2.5
      vertex 59.4177 8.17333 2.5
      vertex 57.9997 5 2.5
    endloop
  endfacet
  facet normal 0 0 -1
    outer loop
      vertex 57.9997 5 2.5
      vertex 58.409 4.40901 2.5
      vertex 58.0514 4.875 2.5
    endloop
  endfacet
  facet normal 0 0 -1
    outer loop
      vertex 59.4177 8.17333 2.5
      vertex 57.9997 7 2.5
      vertex 58.875 7.94856 2.5
    endloop
  endfacet
  facet normal 0 0 -1
    outer loop
      vertex 58.875 7.94856 2.5
      vertex 57.9997 7 2.5
      vertex 58.409 7.59099 2.5
    endloop
  endfacet
  facet normal 0 0 -1
    outer loop
      vertex 58.409 7.59099 2.5
      vertex 57.9997 7 2.5
      vertex 58.0514 7.125 2.5
    endloop
  endfacet
  facet normal 0 0 -1
    outer loop
      vertex 8.00033 5 2.5
      vertex 57.9997 7 2.5
      vertex 57.9997 5 2.5
    endloop
  endfacet
  facet normal 0 0 -1
    outer loop
      vertex 8.00033 5 2.5
      vertex 8.00033 7 2.5
      vertex 57.9997 7 2.5
    endloop
  endfacet
  facet normal 0 0 -1
    outer loop
      vertex 7.59099 4.40901 2.5
      vertex 8.00033 5 2.5
      vertex 7.94856 4.875 2.5
    endloop
  endfacet
  facet normal 0 0 -1
    outer loop
      vertex 7.125 4.05144 2.5
      vertex 8.00033 5 2.5
      vertex 7.59099 4.40901 2.5
    endloop
  endfacet
  facet normal 0 0 -1
    outer loop
      vertex 6.58234 3.82667 2.5
      vertex 8.00033 5 2.5
      vertex 7.125 4.05144 2.5
    endloop
  endfacet
  facet normal 0 0 -1
    outer loop
      vertex 8.00033 7 2.5
      vertex 7.59099 7.59099 2.5
      vertex 7.94856 7.125 2.5
    endloop
  endfacet
  facet normal -0 0 -1
    outer loop
      vertex 8.00033 5 2.5
      vertex 6.58234 3.82667 2.5
      vertex 8.00033 7 2.5
    endloop
  endfacet
  facet normal 0 0 -1
    outer loop
      vertex 8.00033 7 2.5
      vertex 7.125 7.94856 2.5
      vertex 7.59099 7.59099 2.5
    endloop
  endfacet
  facet normal 0 0 -1
    outer loop
      vertex 6.58234 8.17333 2.5
      vertex 8.00033 7 2.5
      vertex 6.58234 3.82667 2.5
    endloop
  endfacet
  facet normal 0 0 -1
    outer loop
      vertex 8.00033 7 2.5
      vertex 6.58234 8.17333 2.5
      vertex 7.125 7.94856 2.5
    endloop
  endfacet
  facet normal 0 0 -1
    outer loop
      vertex 6 3.75 2.5
      vertex 6.58234 8.17333 2.5
      vertex 6.58234 3.82667 2.5
    endloop
  endfacet
  facet normal 0 0 -1
    outer loop
      vertex 6 3.75 2.5
      vertex 6 8.25 2.5
      vertex 6.58234 8.17333 2.5
    endloop
  endfacet
  facet normal 0 0 -1
    outer loop
      vertex 5.41766 3.82667 2.5
      vertex 6 8.25 2.5
      vertex 6 3.75 2.5
    endloop
  endfacet
  facet normal 0 0 -1
    outer loop
      vertex 5.41766 3.82667 2.5
      vertex 5.41766 8.17333 2.5
      vertex 6 8.25 2.5
    endloop
  endfacet
  facet normal 0 0 -1
    outer loop
      vertex 3.99967 5 2.5
      vertex 5.41766 3.82667 2.5
      vertex 4.875 4.05144 2.5
    endloop
  endfacet
  facet normal 0 0 -1
    outer loop
      vertex 5.41766 3.82667 2.5
      vertex 3.99967 5 2.5
      vertex 5.41766 8.17333 2.5
    endloop
  endfacet
  facet normal 0 0 -1
    outer loop
      vertex 3.99967 5 2.5
      vertex 4.875 4.05144 2.5
      vertex 4.40901 4.40901 2.5
    endloop
  endfacet
  facet normal 0 0 -1
    outer loop
      vertex 3.99967 7 2.5
      vertex 5.41766 8.17333 2.5
      vertex 3.99967 5 2.5
    endloop
  endfacet
  facet normal 0 0 -1
    outer loop
      vertex 3.99967 5 2.5
      vertex 4.40901 4.40901 2.5
      vertex 4.05144 4.875 2.5
    endloop
  endfacet
  facet normal 0 0 -1
    outer loop
      vertex 5.41766 8.17333 2.5
      vertex 3.99967 7 2.5
      vertex 4.875 7.94856 2.5
    endloop
  endfacet
  facet normal 0 0 -1
    outer loop
      vertex 4.875 7.94856 2.5
      vertex 3.99967 7 2.5
      vertex 4.40901 7.59099 2.5
    endloop
  endfacet
  facet normal 0 0 -1
    outer loop
      vertex 4.40901 7.59099 2.5
      vertex 3.99967 7 2.5
      vertex 4.05144 7.125 2.5
    endloop
  endfacet
  facet normal 0 0 -1
    outer loop
      vertex 2.91866 5.89524 2.5
      vertex 3.99967 5 2.5
      vertex 3.39718 5 2.5
    endloop
  endfacet
  facet normal 0 0 -1
    outer loop
      vertex 3.99967 5 2.5
      vertex 2.91866 5.89524 2.5
      vertex 3.99967 7 2.5
    endloop
  endfacet
  facet normal 0 0 -1
    outer loop
      vertex 2.60568 6.927 2.5
      vertex 3.99967 7 2.5
      vertex 2.91866 5.89524 2.5
    endloop
  endfacet
  facet normal -0 0 -1
    outer loop
      vertex 3.99967 7 2.5
      vertex 2.60568 6.927 2.5
      vertex 2.59849 7 2.5
    endloop
  endfacet
  facet normal -0.793351 -0.608765 0
    outer loop
      vertex 4.40901 4.40901 2.5
      vertex 4.05144 4.875 8.5
      vertex 4.05144 4.875 2.5
    endloop
  endfacet
  facet normal -0.793351 -0.608765 0
    outer loop
      vertex 4.05144 4.875 8.5
      vertex 4.40901 4.40901 2.5
      vertex 4.40901 4.40901 8.5
    endloop
  endfacet
  facet normal -0.130532 0.991444 0
    outer loop
      vertex 6 8.25 2.5
      vertex 5.41766 8.17333 8.5
      vertex 6 8.25 8.5
    endloop
  endfacet
  facet normal -0.130532 0.991444 0
    outer loop
      vertex 5.41766 8.17333 8.5
      vertex 6 8.25 2.5
      vertex 5.41766 8.17333 2.5
    endloop
  endfacet
  facet normal -0.923897 0.382641 0
    outer loop
      vertex 3.99967 7 4
      vertex 4.05144 7.125 2.5
      vertex 3.99967 7 2.5
    endloop
  endfacet
  facet normal -0.923897 0.382641 0
    outer loop
      vertex 4.05144 7.125 2.5
      vertex 3.99967 7 4
      vertex 4.05144 7.125 8.5
    endloop
  endfacet
  facet normal -0.92388 0.382683 0
    outer loop
      vertex 3.82667 6.58234 8.5
      vertex 3.99967 7 4
      vertex 3.82667 6.58234 4
    endloop
  endfacet
  facet normal -0.923884 0.382673 -1.03732e-06
    outer loop
      vertex 3.99967 7 4
      vertex 3.82667 6.58234 8.5
      vertex 4.05144 7.125 8.5
    endloop
  endfacet
  facet normal -0.991444 0.130532 0
    outer loop
      vertex 3.75 6 4
      vertex 3.82667 6.58234 8.5
      vertex 3.82667 6.58234 4
    endloop
  endfacet
  facet normal -0.991444 0.130532 0
    outer loop
      vertex 3.82667 6.58234 8.5
      vertex 3.75 6 4
      vertex 3.75 6 8.5
    endloop
  endfacet
  facet normal 0.382673 0.923884 -0
    outer loop
      vertex 7.125 7.94856 2.5
      vertex 6.58234 8.17333 8.5
      vertex 7.125 7.94856 8.5
    endloop
  endfacet
  facet normal 0.382673 0.923884 0
    outer loop
      vertex 6.58234 8.17333 8.5
      vertex 7.125 7.94856 2.5
      vertex 6.58234 8.17333 2.5
    endloop
  endfacet
  facet normal 0 0 1
    outer loop
      vertex 6.8 6 8.5
      vertex 8.25 6 8.5
      vertex 8.17333 6.58234 8.5
    endloop
  endfacet
  facet normal 0 0 1
    outer loop
      vertex 6.7391 6.30615 8.5
      vertex 8.17333 6.58234 8.5
      vertex 7.94856 7.125 8.5
    endloop
  endfacet
  facet normal 0 0 1
    outer loop
      vertex 8.25 6 8.5
      vertex 6.8 6 8.5
      vertex 8.17333 5.41766 8.5
    endloop
  endfacet
  facet normal 0 0 1
    outer loop
      vertex 6.56569 6.56569 8.5
      vertex 7.94856 7.125 8.5
      vertex 7.59099 7.59099 8.5
    endloop
  endfacet
  facet normal -0 0 1
    outer loop
      vertex 6.7391 5.69385 8.5
      vertex 8.17333 5.41766 8.5
      vertex 6.8 6 8.5
    endloop
  endfacet
  facet normal 0 0 1
    outer loop
      vertex 6.56569 6.56569 8.5
      vertex 7.59099 7.59099 8.5
      vertex 7.125 7.94856 8.5
    endloop
  endfacet
  facet normal 0 0 1
    outer loop
      vertex 8.17333 5.41766 8.5
      vertex 6.7391 5.69385 8.5
      vertex 7.94856 4.875 8.5
    endloop
  endfacet
  facet normal -0 0 1
    outer loop
      vertex 6.56569 5.43431 8.5
      vertex 7.94856 4.875 8.5
      vertex 6.7391 5.69385 8.5
    endloop
  endfacet
  facet normal 0 0 1
    outer loop
      vertex 8.17333 6.58234 8.5
      vertex 6.7391 6.30615 8.5
      vertex 6.8 6 8.5
    endloop
  endfacet
  facet normal 0 0 1
    outer loop
      vertex 6.30615 6.7391 8.5
      vertex 7.125 7.94856 8.5
      vertex 6.58234 8.17333 8.5
    endloop
  endfacet
  facet normal 0 0 1
    outer loop
      vertex 7.94856 7.125 8.5
      vertex 6.56569 6.56569 8.5
      vertex 6.7391 6.30615 8.5
    endloop
  endfacet
  facet normal 0 0 1
    outer loop
      vertex 7.125 7.94856 8.5
      vertex 6.30615 6.7391 8.5
      vertex 6.56569 6.56569 8.5
    endloop
  endfacet
  facet normal 0 0 1
    outer loop
      vertex 6 6.8 8.5
      vertex 6.58234 8.17333 8.5
      vertex 6 8.25 8.5
    endloop
  endfacet
  facet normal 0 0 1
    outer loop
      vertex 6.58234 8.17333 8.5
      vertex 6 6.8 8.5
      vertex 6.30615 6.7391 8.5
    endloop
  endfacet
  facet normal -0 0 1
    outer loop
      vertex 5.41766 8.17333 8.5
      vertex 6 6.8 8.5
      vertex 6 8.25 8.5
    endloop
  endfacet
  facet normal 0 0 1
    outer loop
      vertex 6 6.8 8.5
      vertex 5.41766 8.17333 8.5
      vertex 5.69385 6.7391 8.5
    endloop
  endfacet
  facet normal -0 0 1
    outer loop
      vertex 4.875 7.94856 8.5
      vertex 5.69385 6.7391 8.5
      vertex 5.41766 8.17333 8.5
    endloop
  endfacet
  facet normal 0 0 1
    outer loop
      vertex 5.69385 6.7391 8.5
      vertex 4.875 7.94856 8.5
      vertex 5.43431 6.56569 8.5
    endloop
  endfacet
  facet normal -0 0 1
    outer loop
      vertex 4.40901 7.59099 8.5
      vertex 5.43431 6.56569 8.5
      vertex 4.875 7.94856 8.5
    endloop
  endfacet
  facet normal -0 0 1
    outer loop
      vertex 4.05144 7.125 8.5
      vertex 5.43431 6.56569 8.5
      vertex 4.40901 7.59099 8.5
    endloop
  endfacet
  facet normal 0 0 1
    outer loop
      vertex 7.94856 4.875 8.5
      vertex 6.56569 5.43431 8.5
      vertex 7.59099 4.40901 8.5
    endloop
  endfacet
  facet normal 0 0 1
    outer loop
      vertex 7.59099 4.40901 8.5
      vertex 6.56569 5.43431 8.5
      vertex 7.125 4.05144 8.5
    endloop
  endfacet
  facet normal -0 0 1
    outer loop
      vertex 6.30615 5.2609 8.5
      vertex 7.125 4.05144 8.5
      vertex 6.56569 5.43431 8.5
    endloop
  endfacet
  facet normal 0 0 1
    outer loop
      vertex 7.125 4.05144 8.5
      vertex 6.30615 5.2609 8.5
      vertex 6.58234 3.82667 8.5
    endloop
  endfacet
  facet normal -0 0 1
    outer loop
      vertex 6 5.2 8.5
      vertex 6.58234 3.82667 8.5
      vertex 6.30615 5.2609 8.5
    endloop
  endfacet
  facet normal 0 0 1
    outer loop
      vertex 6 5.2 8.5
      vertex 6 3.75 8.5
      vertex 6.58234 3.82667 8.5
    endloop
  endfacet
  facet normal 0 0 1
    outer loop
      vertex 5.41766 3.82667 8.5
      vertex 6 5.2 8.5
      vertex 5.69385 5.2609 8.5
    endloop
  endfacet
  facet normal 0 0 1
    outer loop
      vertex 4.875 4.05144 8.5
      vertex 5.69385 5.2609 8.5
      vertex 5.43431 5.43431 8.5
    endloop
  endfacet
  facet normal 0 0 1
    outer loop
      vertex 6 5.2 8.5
      vertex 5.41766 3.82667 8.5
      vertex 6 3.75 8.5
    endloop
  endfacet
  facet normal 0 0 1
    outer loop
      vertex 4.05144 4.875 8.5
      vertex 5.43431 5.43431 8.5
      vertex 5.2609 5.69385 8.5
    endloop
  endfacet
  facet normal 0 0 1
    outer loop
      vertex 3.82667 5.41766 8.5
      vertex 5.2609 5.69385 8.5
      vertex 5.2 6 8.5
    endloop
  endfacet
  facet normal 0 0 1
    outer loop
      vertex 5.43431 6.56569 8.5
      vertex 4.05144 7.125 8.5
      vertex 5.2609 6.30615 8.5
    endloop
  endfacet
  facet normal 0 0 1
    outer loop
      vertex 5.69385 5.2609 8.5
      vertex 4.875 4.05144 8.5
      vertex 5.41766 3.82667 8.5
    endloop
  endfacet
  facet normal -0 0 1
    outer loop
      vertex 3.82667 6.58234 8.5
      vertex 5.2609 6.30615 8.5
      vertex 4.05144 7.125 8.5
    endloop
  endfacet
  facet normal 0 0 1
    outer loop
      vertex 5.43431 5.43431 8.5
      vertex 4.40901 4.40901 8.5
      vertex 4.875 4.05144 8.5
    endloop
  endfacet
  facet normal 0 0 1
    outer loop
      vertex 5.2609 6.30615 8.5
      vertex 3.82667 6.58234 8.5
      vertex 5.2 6 8.5
    endloop
  endfacet
  facet normal 0 0 1
    outer loop
      vertex 5.43431 5.43431 8.5
      vertex 4.05144 4.875 8.5
      vertex 4.40901 4.40901 8.5
    endloop
  endfacet
  facet normal 0 0 1
    outer loop
      vertex 3.75 6 8.5
      vertex 5.2 6 8.5
      vertex 3.82667 6.58234 8.5
    endloop
  endfacet
  facet normal 0 0 1
    outer loop
      vertex 5.2609 5.69385 8.5
      vertex 3.82667 5.41766 8.5
      vertex 4.05144 4.875 8.5
    endloop
  endfacet
  facet normal 0 0 1
    outer loop
      vertex 5.2 6 8.5
      vertex 3.75 6 8.5
      vertex 3.82667 5.41766 8.5
    endloop
  endfacet
  facet normal -0.991444 -0.130532 0
    outer loop
      vertex 3.82667 5.41766 4
      vertex 3.75 6 8.5
      vertex 3.75 6 4
    endloop
  endfacet
  facet normal -0.991444 -0.130532 0
    outer loop
      vertex 3.75 6 8.5
      vertex 3.82667 5.41766 4
      vertex 3.82667 5.41766 8.5
    endloop
  endfacet
  facet normal 0.382673 -0.923884 0
    outer loop
      vertex 6.58234 3.82667 2.5
      vertex 7.125 4.05144 8.5
      vertex 6.58234 3.82667 8.5
    endloop
  endfacet
  facet normal 0.382673 -0.923884 0
    outer loop
      vertex 7.125 4.05144 8.5
      vertex 6.58234 3.82667 2.5
      vertex 7.125 4.05144 2.5
    endloop
  endfacet
  facet normal 0.1951 -0.980783 0
    outer loop
      vertex 5.69385 6.7391 4
      vertex 6 6.8 8.5
      vertex 5.69385 6.7391 8.5
    endloop
  endfacet
  facet normal 0.1951 -0.980783 0
    outer loop
      vertex 6 6.8 8.5
      vertex 5.69385 6.7391 4
      vertex 6 6.8 4
    endloop
  endfacet
  facet normal -0.831483 0.55555 0
    outer loop
      vertex 6.56569 5.43431 4
      vertex 6.7391 5.69385 8.5
      vertex 6.7391 5.69385 4
    endloop
  endfacet
  facet normal -0.831483 0.55555 0
    outer loop
      vertex 6.7391 5.69385 8.5
      vertex 6.56569 5.43431 4
      vertex 6.56569 5.43431 8.5
    endloop
  endfacet
  facet normal -0.980783 0.1951 0
    outer loop
      vertex 6.7391 5.69385 4
      vertex 6.8 6 8.5
      vertex 6.8 6 4
    endloop
  endfacet
  facet normal -0.980783 0.1951 0
    outer loop
      vertex 6.8 6 8.5
      vertex 6.7391 5.69385 4
      vertex 6.7391 5.69385 8.5
    endloop
  endfacet
  facet normal -0.55555 0.831483 0
    outer loop
      vertex 6.56569 5.43431 4
      vertex 6.30615 5.2609 8.5
      vertex 6.56569 5.43431 8.5
    endloop
  endfacet
  facet normal -0.55555 0.831483 0
    outer loop
      vertex 6.30615 5.2609 8.5
      vertex 6.56569 5.43431 4
      vertex 6.30615 5.2609 4
    endloop
  endfacet
  facet normal -0.831483 -0.55555 0
    outer loop
      vertex 6.7391 6.30615 4
      vertex 6.56569 6.56569 8.5
      vertex 6.56569 6.56569 4
    endloop
  endfacet
  facet normal -0.831483 -0.55555 0
    outer loop
      vertex 6.56569 6.56569 8.5
      vertex 6.7391 6.30615 4
      vertex 6.7391 6.30615 8.5
    endloop
  endfacet
  facet normal -0.55555 -0.831483 0
    outer loop
      vertex 6.30615 6.7391 4
      vertex 6.56569 6.56569 8.5
      vertex 6.30615 6.7391 8.5
    endloop
  endfacet
  facet normal -0.55555 -0.831483 -0
    outer loop
      vertex 6.56569 6.56569 8.5
      vertex 6.30615 6.7391 4
      vertex 6.56569 6.56569 4
    endloop
  endfacet
  facet normal 0.980783 0.1951 0
    outer loop
      vertex 5.2609 5.69385 8.5
      vertex 5.2 6 4
      vertex 5.2 6 8.5
    endloop
  endfacet
  facet normal 0.980783 0.1951 0
    outer loop
      vertex 5.2 6 4
      vertex 5.2609 5.69385 8.5
      vertex 5.2609 5.69385 4
    endloop
  endfacet
  facet normal 0.55555 0.831483 -0
    outer loop
      vertex 5.69385 5.2609 4
      vertex 5.43431 5.43431 8.5
      vertex 5.69385 5.2609 8.5
    endloop
  endfacet
  facet normal 0.55555 0.831483 0
    outer loop
      vertex 5.43431 5.43431 8.5
      vertex 5.69385 5.2609 4
      vertex 5.43431 5.43431 4
    endloop
  endfacet
  facet normal -0.980783 -0.1951 0
    outer loop
      vertex 6.8 6 4
      vertex 6.7391 6.30615 8.5
      vertex 6.7391 6.30615 4
    endloop
  endfacet
  facet normal -0.980783 -0.1951 0
    outer loop
      vertex 6.7391 6.30615 8.5
      vertex 6.8 6 4
      vertex 6.8 6 8.5
    endloop
  endfacet
  facet normal -0.1951 -0.980783 0
    outer loop
      vertex 6 6.8 4
      vertex 6.30615 6.7391 8.5
      vertex 6 6.8 8.5
    endloop
  endfacet
  facet normal -0.1951 -0.980783 -0
    outer loop
      vertex 6.30615 6.7391 8.5
      vertex 6 6.8 4
      vertex 6.30615 6.7391 4
    endloop
  endfacet
  facet normal 0.55555 -0.831483 0
    outer loop
      vertex 5.43431 6.56569 4
      vertex 5.69385 6.7391 8.5
      vertex 5.43431 6.56569 8.5
    endloop
  endfacet
  facet normal 0.55555 -0.831483 0
    outer loop
      vertex 5.69385 6.7391 8.5
      vertex 5.43431 6.56569 4
      vertex 5.69385 6.7391 4
    endloop
  endfacet
  facet normal 0.1951 0.980783 -0
    outer loop
      vertex 6 5.2 4
      vertex 5.69385 5.2609 8.5
      vertex 6 5.2 8.5
    endloop
  endfacet
  facet normal 0.1951 0.980783 0
    outer loop
      vertex 5.69385 5.2609 8.5
      vertex 6 5.2 4
      vertex 5.69385 5.2609 4
    endloop
  endfacet
  facet normal 0.831483 0.55555 0
    outer loop
      vertex 5.43431 5.43431 8.5
      vertex 5.2609 5.69385 4
      vertex 5.2609 5.69385 8.5
    endloop
  endfacet
  facet normal 0.831483 0.55555 0
    outer loop
      vertex 5.2609 5.69385 4
      vertex 5.43431 5.43431 8.5
      vertex 5.43431 5.43431 4
    endloop
  endfacet
  facet normal -0.1951 0.980783 0
    outer loop
      vertex 6.30615 5.2609 4
      vertex 6 5.2 8.5
      vertex 6.30615 5.2609 8.5
    endloop
  endfacet
  facet normal -0.1951 0.980783 0
    outer loop
      vertex 6 5.2 8.5
      vertex 6.30615 5.2609 4
      vertex 6 5.2 4
    endloop
  endfacet
  facet normal 0.831483 -0.55555 0
    outer loop
      vertex 5.2609 6.30615 8.5
      vertex 5.43431 6.56569 4
      vertex 5.43431 6.56569 8.5
    endloop
  endfacet
  facet normal 0.831483 -0.55555 0
    outer loop
      vertex 5.43431 6.56569 4
      vertex 5.2609 6.30615 8.5
      vertex 5.2609 6.30615 4
    endloop
  endfacet
  facet normal 0.980783 -0.1951 0
    outer loop
      vertex 5.2 6 8.5
      vertex 5.2609 6.30615 4
      vertex 5.2609 6.30615 8.5
    endloop
  endfacet
  facet normal 0.980783 -0.1951 0
    outer loop
      vertex 5.2609 6.30615 4
      vertex 5.2 6 8.5
      vertex 5.2 6 4
    endloop
  endfacet
  facet normal 0.92388 -0.382683 0
    outer loop
      vertex 62.1733 5.41766 8.5
      vertex 62.0003 5 4
      vertex 62.1733 5.41766 4
    endloop
  endfacet
  facet normal 0.923926 -0.382571 -1.2099e-05
    outer loop
      vertex 61.9486 4.875 8.5
      vertex 62.0003 5 4
      vertex 62.1733 5.41766 8.5
    endloop
  endfacet
  facet normal 0.92408 -0.382199 0
    outer loop
      vertex 61.9486 4.875 2.5
      vertex 62.0003 5 4
      vertex 61.9486 4.875 8.5
    endloop
  endfacet
  facet normal 0.92408 -0.382199 0
    outer loop
      vertex 62.0003 5 4
      vertex 61.9486 4.875 2.5
      vertex 62.0003 5 2.5
    endloop
  endfacet
  facet normal 0.991437 -0.130582 0
    outer loop
      vertex 62.1733 5.41766 8.5
      vertex 62.25 6 4
      vertex 62.25 6 8.5
    endloop
  endfacet
  facet normal 0.991437 -0.130582 0
    outer loop
      vertex 62.25 6 4
      vertex 62.1733 5.41766 8.5
      vertex 62.1733 5.41766 4
    endloop
  endfacet
  facet normal 0.793326 -0.608797 0
    outer loop
      vertex 61.591 4.40901 8.5
      vertex 61.9486 4.875 2.5
      vertex 61.9486 4.875 8.5
    endloop
  endfacet
  facet normal 0.793326 -0.608797 0
    outer loop
      vertex 61.9486 4.875 2.5
      vertex 61.591 4.40901 8.5
      vertex 61.591 4.40901 2.5
    endloop
  endfacet
  facet normal -0.608757 -0.793357 0
    outer loop
      vertex 58.409 4.40901 2.5
      vertex 58.875 4.05144 8.5
      vertex 58.409 4.40901 8.5
    endloop
  endfacet
  facet normal -0.608757 -0.793357 -0
    outer loop
      vertex 58.875 4.05144 8.5
      vertex 58.409 4.40901 2.5
      vertex 58.875 4.05144 2.5
    endloop
  endfacet
  facet normal 0.991437 0.130582 0
    outer loop
      vertex 62.25 6 8.5
      vertex 62.1733 6.58234 4
      vertex 62.1733 6.58234 8.5
    endloop
  endfacet
  facet normal 0.991437 0.130582 0
    outer loop
      vertex 62.1733 6.58234 4
      vertex 62.25 6 8.5
      vertex 62.25 6 4
    endloop
  endfacet
  facet normal 0.608757 0.793357 -0
    outer loop
      vertex 61.591 7.59099 2.5
      vertex 61.125 7.94856 8.5
      vertex 61.591 7.59099 8.5
    endloop
  endfacet
  facet normal 0.608757 0.793357 0
    outer loop
      vertex 61.125 7.94856 8.5
      vertex 61.591 7.59099 2.5
      vertex 61.125 7.94856 2.5
    endloop
  endfacet
  facet normal 0.793326 0.608797 0
    outer loop
      vertex 61.9486 7.125 8.5
      vertex 61.591 7.59099 2.5
      vertex 61.591 7.59099 8.5
    endloop
  endfacet
  facet normal 0.793326 0.608797 0
    outer loop
      vertex 61.591 7.59099 2.5
      vertex 61.9486 7.125 8.5
      vertex 61.9486 7.125 2.5
    endloop
  endfacet
  facet normal -0.608757 0.793357 0
    outer loop
      vertex 58.875 7.94856 2.5
      vertex 58.409 7.59099 8.5
      vertex 58.875 7.94856 8.5
    endloop
  endfacet
  facet normal -0.608757 0.793357 0
    outer loop
      vertex 58.409 7.59099 8.5
      vertex 58.875 7.94856 2.5
      vertex 58.409 7.59099 2.5
    endloop
  endfacet
  facet normal -0.382649 0.923894 0
    outer loop
      vertex 59.4177 8.17333 2.5
      vertex 58.875 7.94856 8.5
      vertex 59.4177 8.17333 8.5
    endloop
  endfacet
  facet normal -0.382649 0.923894 0
    outer loop
      vertex 58.875 7.94856 8.5
      vertex 59.4177 8.17333 2.5
      vertex 58.875 7.94856 2.5
    endloop
  endfacet
  facet normal 0.608757 -0.793357 0
    outer loop
      vertex 61.125 4.05144 2.5
      vertex 61.591 4.40901 8.5
      vertex 61.125 4.05144 8.5
    endloop
  endfacet
  facet normal 0.608757 -0.793357 0
    outer loop
      vertex 61.591 4.40901 8.5
      vertex 61.125 4.05144 2.5
      vertex 61.591 4.40901 2.5
    endloop
  endfacet
  facet normal -0.382649 -0.923894 0
    outer loop
      vertex 58.875 4.05144 2.5
      vertex 59.4177 3.82667 8.5
      vertex 58.875 4.05144 8.5
    endloop
  endfacet
  facet normal -0.382649 -0.923894 -0
    outer loop
      vertex 59.4177 3.82667 8.5
      vertex 58.875 4.05144 2.5
      vertex 59.4177 3.82667 2.5
    endloop
  endfacet
  facet normal 0.92408 0.382199 0
    outer loop
      vertex 61.9486 7.125 8.5
      vertex 62.0003 7 4
      vertex 61.9486 7.125 2.5
    endloop
  endfacet
  facet normal 0.923926 0.382571 -1.2099e-05
    outer loop
      vertex 62.1733 6.58234 8.5
      vertex 62.0003 7 4
      vertex 61.9486 7.125 8.5
    endloop
  endfacet
  facet normal 0.92388 0.382683 0
    outer loop
      vertex 62.0003 7 4
      vertex 62.1733 6.58234 8.5
      vertex 62.1733 6.58234 4
    endloop
  endfacet
  facet normal 0.92408 0.382199 0
    outer loop
      vertex 61.9486 7.125 2.5
      vertex 62.0003 7 4
      vertex 62.0003 7 2.5
    endloop
  endfacet
  facet normal 0.130541 -0.991443 0
    outer loop
      vertex 60 3.75 2.5
      vertex 60.5823 3.82667 8.5
      vertex 60 3.75 8.5
    endloop
  endfacet
  facet normal 0.130541 -0.991443 0
    outer loop
      vertex 60.5823 3.82667 8.5
      vertex 60 3.75 2.5
      vertex 60.5823 3.82667 2.5
    endloop
  endfacet
  facet normal -0.793326 0.608797 0
    outer loop
      vertex 58.0514 7.125 2.5
      vertex 58.409 7.59099 8.5
      vertex 58.409 7.59099 2.5
    endloop
  endfacet
  facet normal -0.793326 0.608797 0
    outer loop
      vertex 58.409 7.59099 8.5
      vertex 58.0514 7.125 2.5
      vertex 58.0514 7.125 8.5
    endloop
  endfacet
  facet normal -0.92408 -0.382199 0
    outer loop
      vertex 57.9997 5 2.5
      vertex 58.0514 4.875 2.5
      vertex 57.9997 5 4
    endloop
  endfacet
  facet normal -0.92388 -0.382683 0
    outer loop
      vertex 57.9997 5 4
      vertex 57.8267 5.41766 8.5
      vertex 57.8267 5.41766 4
    endloop
  endfacet
  facet normal -0.923926 -0.382571 -1.2099e-05
    outer loop
      vertex 57.9997 5 4
      vertex 58.0514 4.875 8.5
      vertex 57.8267 5.41766 8.5
    endloop
  endfacet
  facet normal -0.92408 -0.382199 -0
    outer loop
      vertex 58.0514 4.875 8.5
      vertex 57.9997 5 4
      vertex 58.0514 4.875 2.5
    endloop
  endfacet
  facet normal 0.130541 0.991443 -0
    outer loop
      vertex 60.5823 8.17333 2.5
      vertex 60 8.25 8.5
      vertex 60.5823 8.17333 8.5
    endloop
  endfacet
  facet normal 0.130541 0.991443 0
    outer loop
      vertex 60 8.25 8.5
      vertex 60.5823 8.17333 2.5
      vertex 60 8.25 2.5
    endloop
  endfacet
  facet normal -0.130541 -0.991443 0
    outer loop
      vertex 59.4177 3.82667 2.5
      vertex 60 3.75 8.5
      vertex 59.4177 3.82667 8.5
    endloop
  endfacet
  facet normal -0.130541 -0.991443 -0
    outer loop
      vertex 60 3.75 8.5
      vertex 59.4177 3.82667 2.5
      vertex 60 3.75 2.5
    endloop
  endfacet
  facet normal -0.793326 -0.608797 0
    outer loop
      vertex 58.409 4.40901 2.5
      vertex 58.0514 4.875 8.5
      vertex 58.0514 4.875 2.5
    endloop
  endfacet
  facet normal -0.793326 -0.608797 0
    outer loop
      vertex 58.0514 4.875 8.5
      vertex 58.409 4.40901 2.5
      vertex 58.409 4.40901 8.5
    endloop
  endfacet
  facet normal -0.130541 0.991443 0
    outer loop
      vertex 60 8.25 2.5
      vertex 59.4177 8.17333 8.5
      vertex 60 8.25 8.5
    endloop
  endfacet
  facet normal -0.130541 0.991443 0
    outer loop
      vertex 59.4177 8.17333 8.5
      vertex 60 8.25 2.5
      vertex 59.4177 8.17333 2.5
    endloop
  endfacet
  facet normal -0.92408 0.382199 0
    outer loop
      vertex 57.9997 7 4
      vertex 58.0514 7.125 2.5
      vertex 57.9997 7 2.5
    endloop
  endfacet
  facet normal -0.92408 0.382199 0
    outer loop
      vertex 58.0514 7.125 2.5
      vertex 57.9997 7 4
      vertex 58.0514 7.125 8.5
    endloop
  endfacet
  facet normal -0.92388 0.382683 0
    outer loop
      vertex 57.8267 6.58234 8.5
      vertex 57.9997 7 4
      vertex 57.8267 6.58234 4
    endloop
  endfacet
  facet normal -0.923926 0.382571 -1.2099e-05
    outer loop
      vertex 57.9997 7 4
      vertex 57.8267 6.58234 8.5
      vertex 58.0514 7.125 8.5
    endloop
  endfacet
  facet normal -0.991437 0.130582 0
    outer loop
      vertex 57.75 6 4
      vertex 57.8267 6.58234 8.5
      vertex 57.8267 6.58234 4
    endloop
  endfacet
  facet normal -0.991437 0.130582 0
    outer loop
      vertex 57.8267 6.58234 8.5
      vertex 57.75 6 4
      vertex 57.75 6 8.5
    endloop
  endfacet
  facet normal 0.382649 0.923894 -0
    outer loop
      vertex 61.125 7.94856 2.5
      vertex 60.5823 8.17333 8.5
      vertex 61.125 7.94856 8.5
    endloop
  endfacet
  facet normal 0.382649 0.923894 0
    outer loop
      vertex 60.5823 8.17333 8.5
      vertex 61.125 7.94856 2.5
      vertex 60.5823 8.17333 2.5
    endloop
  endfacet
  facet normal 0 0 1
    outer loop
      vertex 60.8 6 8.5
      vertex 62.25 6 8.5
      vertex 62.1733 6.58234 8.5
    endloop
  endfacet
  facet normal 0 0 1
    outer loop
      vertex 60.7391 6.30615 8.5
      vertex 62.1733 6.58234 8.5
      vertex 61.9486 7.125 8.5
    endloop
  endfacet
  facet normal 0 0 1
    outer loop
      vertex 62.25 6 8.5
      vertex 60.8 6 8.5
      vertex 62.1733 5.41766 8.5
    endloop
  endfacet
  facet normal 0 0 1
    outer loop
      vertex 60.5657 6.56569 8.5
      vertex 61.9486 7.125 8.5
      vertex 61.591 7.59099 8.5
    endloop
  endfacet
  facet normal -0 0 1
    outer loop
      vertex 60.7391 5.69385 8.5
      vertex 62.1733 5.41766 8.5
      vertex 60.8 6 8.5
    endloop
  endfacet
  facet normal 0 0 1
    outer loop
      vertex 60.5657 6.56569 8.5
      vertex 61.591 7.59099 8.5
      vertex 61.125 7.94856 8.5
    endloop
  endfacet
  facet normal 0 0 1
    outer loop
      vertex 62.1733 5.41766 8.5
      vertex 60.7391 5.69385 8.5
      vertex 61.9486 4.875 8.5
    endloop
  endfacet
  facet normal -0 0 1
    outer loop
      vertex 60.5657 5.43431 8.5
      vertex 61.9486 4.875 8.5
      vertex 60.7391 5.69385 8.5
    endloop
  endfacet
  facet normal 0 0 1
    outer loop
      vertex 62.1733 6.58234 8.5
      vertex 60.7391 6.30615 8.5
      vertex 60.8 6 8.5
    endloop
  endfacet
  facet normal 0 0 1
    outer loop
      vertex 60.3061 6.7391 8.5
      vertex 61.125 7.94856 8.5
      vertex 60.5823 8.17333 8.5
    endloop
  endfacet
  facet normal 0 0 1
    outer loop
      vertex 61.9486 7.125 8.5
      vertex 60.5657 6.56569 8.5
      vertex 60.7391 6.30615 8.5
    endloop
  endfacet
  facet normal 0 0 1
    outer loop
      vertex 61.125 7.94856 8.5
      vertex 60.3061 6.7391 8.5
      vertex 60.5657 6.56569 8.5
    endloop
  endfacet
  facet normal 0 0 1
    outer loop
      vertex 60 6.8 8.5
      vertex 60.5823 8.17333 8.5
      vertex 60 8.25 8.5
    endloop
  endfacet
  facet normal 0 0 1
    outer loop
      vertex 60.5823 8.17333 8.5
      vertex 60 6.8 8.5
      vertex 60.3061 6.7391 8.5
    endloop
  endfacet
  facet normal -0 0 1
    outer loop
      vertex 59.4177 8.17333 8.5
      vertex 60 6.8 8.5
      vertex 60 8.25 8.5
    endloop
  endfacet
  facet normal 0 0 1
    outer loop
      vertex 60 6.8 8.5
      vertex 59.4177 8.17333 8.5
      vertex 59.6939 6.7391 8.5
    endloop
  endfacet
  facet normal -0 0 1
    outer loop
      vertex 58.875 7.94856 8.5
      vertex 59.6939 6.7391 8.5
      vertex 59.4177 8.17333 8.5
    endloop
  endfacet
  facet normal 0 0 1
    outer loop
      vertex 59.6939 6.7391 8.5
      vertex 58.875 7.94856 8.5
      vertex 59.4343 6.56569 8.5
    endloop
  endfacet
  facet normal -0 0 1
    outer loop
      vertex 58.409 7.59099 8.5
      vertex 59.4343 6.56569 8.5
      vertex 58.875 7.94856 8.5
    endloop
  endfacet
  facet normal -0 0 1
    outer loop
      vertex 58.0514 7.125 8.5
      vertex 59.4343 6.56569 8.5
      vertex 58.409 7.59099 8.5
    endloop
  endfacet
  facet normal 0 0 1
    outer loop
      vertex 61.9486 4.875 8.5
      vertex 60.5657 5.43431 8.5
      vertex 61.591 4.40901 8.5
    endloop
  endfacet
  facet normal 0 0 1
    outer loop
      vertex 61.591 4.40901 8.5
      vertex 60.5657 5.43431 8.5
      vertex 61.125 4.05144 8.5
    endloop
  endfacet
  facet normal -0 0 1
    outer loop
      vertex 60.3061 5.2609 8.5
      vertex 61.125 4.05144 8.5
      vertex 60.5657 5.43431 8.5
    endloop
  endfacet
  facet normal 0 0 1
    outer loop
      vertex 61.125 4.05144 8.5
      vertex 60.3061 5.2609 8.5
      vertex 60.5823 3.82667 8.5
    endloop
  endfacet
  facet normal -0 0 1
    outer loop
      vertex 60 5.2 8.5
      vertex 60.5823 3.82667 8.5
      vertex 60.3061 5.2609 8.5
    endloop
  endfacet
  facet normal 0 0 1
    outer loop
      vertex 60 5.2 8.5
      vertex 60 3.75 8.5
      vertex 60.5823 3.82667 8.5
    endloop
  endfacet
  facet normal 0 0 1
    outer loop
      vertex 59.4177 3.82667 8.5
      vertex 60 5.2 8.5
      vertex 59.6939 5.2609 8.5
    endloop
  endfacet
  facet normal 0 0 1
    outer loop
      vertex 58.875 4.05144 8.5
      vertex 59.6939 5.2609 8.5
      vertex 59.4343 5.43431 8.5
    endloop
  endfacet
  facet normal 0 0 1
    outer loop
      vertex 60 5.2 8.5
      vertex 59.4177 3.82667 8.5
      vertex 60 3.75 8.5
    endloop
  endfacet
  facet normal 0 0 1
    outer loop
      vertex 58.0514 4.875 8.5
      vertex 59.4343 5.43431 8.5
      vertex 59.2609 5.69385 8.5
    endloop
  endfacet
  facet normal 0 0 1
    outer loop
      vertex 57.8267 5.41766 8.5
      vertex 59.2609 5.69385 8.5
      vertex 59.2 6 8.5
    endloop
  endfacet
  facet normal 0 0 1
    outer loop
      vertex 59.4343 6.56569 8.5
      vertex 58.0514 7.125 8.5
      vertex 59.2609 6.30615 8.5
    endloop
  endfacet
  facet normal 0 0 1
    outer loop
      vertex 59.6939 5.2609 8.5
      vertex 58.875 4.05144 8.5
      vertex 59.4177 3.82667 8.5
    endloop
  endfacet
  facet normal -0 0 1
    outer loop
      vertex 57.8267 6.58234 8.5
      vertex 59.2609 6.30615 8.5
      vertex 58.0514 7.125 8.5
    endloop
  endfacet
  facet normal 0 0 1
    outer loop
      vertex 59.4343 5.43431 8.5
      vertex 58.409 4.40901 8.5
      vertex 58.875 4.05144 8.5
    endloop
  endfacet
  facet normal 0 0 1
    outer loop
      vertex 59.2609 6.30615 8.5
      vertex 57.8267 6.58234 8.5
      vertex 59.2 6 8.5
    endloop
  endfacet
  facet normal 0 0 1
    outer loop
      vertex 59.4343 5.43431 8.5
      vertex 58.0514 4.875 8.5
      vertex 58.409 4.40901 8.5
    endloop
  endfacet
  facet normal 0 0 1
    outer loop
      vertex 57.75 6 8.5
      vertex 59.2 6 8.5
      vertex 57.8267 6.58234 8.5
    endloop
  endfacet
  facet normal 0 0 1
    outer loop
      vertex 59.2609 5.69385 8.5
      vertex 57.8267 5.41766 8.5
      vertex 58.0514 4.875 8.5
    endloop
  endfacet
  facet normal 0 0 1
    outer loop
      vertex 59.2 6 8.5
      vertex 57.75 6 8.5
      vertex 57.8267 5.41766 8.5
    endloop
  endfacet
  facet normal -0.991437 -0.130582 0
    outer loop
      vertex 57.8267 5.41766 4
      vertex 57.75 6 8.5
      vertex 57.75 6 4
    endloop
  endfacet
  facet normal -0.991437 -0.130582 0
    outer loop
      vertex 57.75 6 8.5
      vertex 57.8267 5.41766 4
      vertex 57.8267 5.41766 8.5
    endloop
  endfacet
  facet normal 0.382649 -0.923894 0
    outer loop
      vertex 60.5823 3.82667 2.5
      vertex 61.125 4.05144 8.5
      vertex 60.5823 3.82667 8.5
    endloop
  endfacet
  facet normal 0.382649 -0.923894 0
    outer loop
      vertex 61.125 4.05144 8.5
      vertex 60.5823 3.82667 2.5
      vertex 61.125 4.05144 2.5
    endloop
  endfacet
  facet normal 0.19513 -0.980777 0
    outer loop
      vertex 59.6939 6.7391 4
      vertex 60 6.8 8.5
      vertex 59.6939 6.7391 8.5
    endloop
  endfacet
  facet normal 0.19513 -0.980777 0
    outer loop
      vertex 60 6.8 8.5
      vertex 59.6939 6.7391 4
      vertex 60 6.8 4
    endloop
  endfacet
  facet normal -0.831498 0.555528 0
    outer loop
      vertex 60.5657 5.43431 4
      vertex 60.7391 5.69385 8.5
      vertex 60.7391 5.69385 4
    endloop
  endfacet
  facet normal -0.831498 0.555528 0
    outer loop
      vertex 60.7391 5.69385 8.5
      vertex 60.5657 5.43431 4
      vertex 60.5657 5.43431 8.5
    endloop
  endfacet
  facet normal -0.980783 0.1951 0
    outer loop
      vertex 60.7391 5.69385 4
      vertex 60.8 6 8.5
      vertex 60.8 6 4
    endloop
  endfacet
  facet normal -0.980783 0.1951 0
    outer loop
      vertex 60.8 6 8.5
      vertex 60.7391 5.69385 4
      vertex 60.7391 5.69385 8.5
    endloop
  endfacet
  facet normal -0.555461 0.831542 0
    outer loop
      vertex 60.5657 5.43431 4
      vertex 60.3061 5.2609 8.5
      vertex 60.5657 5.43431 8.5
    endloop
  endfacet
  facet normal -0.555461 0.831542 0
    outer loop
      vertex 60.3061 5.2609 8.5
      vertex 60.5657 5.43431 4
      vertex 60.3061 5.2609 4
    endloop
  endfacet
  facet normal -0.831498 -0.555528 0
    outer loop
      vertex 60.7391 6.30615 4
      vertex 60.5657 6.56569 8.5
      vertex 60.5657 6.56569 4
    endloop
  endfacet
  facet normal -0.831498 -0.555528 0
    outer loop
      vertex 60.5657 6.56569 8.5
      vertex 60.7391 6.30615 4
      vertex 60.7391 6.30615 8.5
    endloop
  endfacet
  facet normal -0.555461 -0.831542 0
    outer loop
      vertex 60.3061 6.7391 4
      vertex 60.5657 6.56569 8.5
      vertex 60.3061 6.7391 8.5
    endloop
  endfacet
  facet normal -0.555461 -0.831542 -0
    outer loop
      vertex 60.5657 6.56569 8.5
      vertex 60.3061 6.7391 4
      vertex 60.5657 6.56569 4
    endloop
  endfacet
  facet normal 0.980783 0.1951 0
    outer loop
      vertex 59.2609 5.69385 8.5
      vertex 59.2 6 4
      vertex 59.2 6 8.5
    endloop
  endfacet
  facet normal 0.980783 0.1951 0
    outer loop
      vertex 59.2 6 4
      vertex 59.2609 5.69385 8.5
      vertex 59.2609 5.69385 4
    endloop
  endfacet
  facet normal 0.555461 0.831542 -0
    outer loop
      vertex 59.6939 5.2609 4
      vertex 59.4343 5.43431 8.5
      vertex 59.6939 5.2609 8.5
    endloop
  endfacet
  facet normal 0.555461 0.831542 0
    outer loop
      vertex 59.4343 5.43431 8.5
      vertex 59.6939 5.2609 4
      vertex 59.4343 5.43431 4
    endloop
  endfacet
  facet normal -0.980783 -0.1951 0
    outer loop
      vertex 60.8 6 4
      vertex 60.7391 6.30615 8.5
      vertex 60.7391 6.30615 4
    endloop
  endfacet
  facet normal -0.980783 -0.1951 0
    outer loop
      vertex 60.7391 6.30615 8.5
      vertex 60.8 6 4
      vertex 60.8 6 8.5
    endloop
  endfacet
  facet normal -0.19513 -0.980777 0
    outer loop
      vertex 60 6.8 4
      vertex 60.3061 6.7391 8.5
      vertex 60 6.8 8.5
    endloop
  endfacet
  facet normal -0.19513 -0.980777 -0
    outer loop
      vertex 60.3061 6.7391 8.5
      vertex 60 6.8 4
      vertex 60.3061 6.7391 4
    endloop
  endfacet
  facet normal 0.555461 -0.831542 0
    outer loop
      vertex 59.4343 6.56569 4
      vertex 59.6939 6.7391 8.5
      vertex 59.4343 6.56569 8.5
    endloop
  endfacet
  facet normal 0.555461 -0.831542 0
    outer loop
      vertex 59.6939 6.7391 8.5
      vertex 59.4343 6.56569 4
      vertex 59.6939 6.7391 4
    endloop
  endfacet
  facet normal 0.19513 0.980777 -0
    outer loop
      vertex 60 5.2 4
      vertex 59.6939 5.2609 8.5
      vertex 60 5.2 8.5
    endloop
  endfacet
  facet normal 0.19513 0.980777 0
    outer loop
      vertex 59.6939 5.2609 8.5
      vertex 60 5.2 4
      vertex 59.6939 5.2609 4
    endloop
  endfacet
  facet normal 0.831498 0.555528 0
    outer loop
      vertex 59.4343 5.43431 8.5
      vertex 59.2609 5.69385 4
      vertex 59.2609 5.69385 8.5
    endloop
  endfacet
  facet normal 0.831498 0.555528 0
    outer loop
      vertex 59.2609 5.69385 4
      vertex 59.4343 5.43431 8.5
      vertex 59.4343 5.43431 4
    endloop
  endfacet
  facet normal -0.19513 0.980777 0
    outer loop
      vertex 60.3061 5.2609 4
      vertex 60 5.2 8.5
      vertex 60.3061 5.2609 8.5
    endloop
  endfacet
  facet normal -0.19513 0.980777 0
    outer loop
      vertex 60 5.2 8.5
      vertex 60.3061 5.2609 4
      vertex 60 5.2 4
    endloop
  endfacet
  facet normal 0.831498 -0.555528 0
    outer loop
      vertex 59.2609 6.30615 8.5
      vertex 59.4343 6.56569 4
      vertex 59.4343 6.56569 8.5
    endloop
  endfacet
  facet normal 0.831498 -0.555528 0
    outer loop
      vertex 59.4343 6.56569 4
      vertex 59.2609 6.30615 8.5
      vertex 59.2609 6.30615 4
    endloop
  endfacet
  facet normal 0.980783 -0.1951 0
    outer loop
      vertex 59.2 6 8.5
      vertex 59.2609 6.30615 4
      vertex 59.2609 6.30615 8.5
    endloop
  endfacet
  facet normal 0.980783 -0.1951 0
    outer loop
      vertex 59.2609 6.30615 4
      vertex 59.2 6 8.5
      vertex 59.2 6 4
    endloop
  endfacet
  facet normal 0.471431 0.881903 -0
    outer loop
      vertex 55.3334 62.9888 2.5
      vertex 54.2961 63.5433 6.5
      vertex 55.3334 62.9888 6.5
    endloop
  endfacet
  facet normal 0.471431 0.881903 0
    outer loop
      vertex 54.2961 63.5433 6.5
      vertex 55.3334 62.9888 2.5
      vertex 54.2961 63.5433 2.5
    endloop
  endfacet
  facet normal 0.956951 -0.290248 0
    outer loop
      vertex 57.5433 55.7039 6.5
      vertex 57.8847 56.8295 2.5
      vertex 57.8847 56.8295 6.5
    endloop
  endfacet
  facet normal 0.956951 -0.290248 0
    outer loop
      vertex 57.8847 56.8295 2.5
      vertex 57.5433 55.7039 6.5
      vertex 57.5433 55.7039 2.5
    endloop
  endfacet
  facet normal 0.290248 0.956951 -0
    outer loop
      vertex 54.2961 63.5433 2.5
      vertex 53.1705 63.8847 6.5
      vertex 54.2961 63.5433 6.5
    endloop
  endfacet
  facet normal 0.290248 0.956951 0
    outer loop
      vertex 53.1705 63.8847 6.5
      vertex 54.2961 63.5433 2.5
      vertex 53.1705 63.8847 2.5
    endloop
  endfacet
  facet normal 0.634413 0.772994 -0
    outer loop
      vertex 56.2426 62.2426 2.5
      vertex 55.3334 62.9888 6.5
      vertex 56.2426 62.2426 6.5
    endloop
  endfacet
  facet normal 0.634413 0.772994 0
    outer loop
      vertex 55.3334 62.9888 6.5
      vertex 56.2426 62.2426 2.5
      vertex 55.3334 62.9888 2.5
    endloop
  endfacet
  facet normal -0.634413 -0.772994 0
    outer loop
      vertex 47.7574 53.7574 2.5
      vertex 48.6666 53.0112 6.5
      vertex 47.7574 53.7574 6.5
    endloop
  endfacet
  facet normal -0.634413 -0.772994 -0
    outer loop
      vertex 48.6666 53.0112 6.5
      vertex 47.7574 53.7574 2.5
      vertex 48.6666 53.0112 2.5
    endloop
  endfacet
  facet normal 0.995183 0.0980305 0
    outer loop
      vertex 58 58 6.5
      vertex 57.8847 59.1705 2.5
      vertex 57.8847 59.1705 6.5
    endloop
  endfacet
  facet normal 0.995183 0.0980305 0
    outer loop
      vertex 57.8847 59.1705 2.5
      vertex 58 58 6.5
      vertex 58 58 2.5
    endloop
  endfacet
  facet normal 0.772994 0.634413 0
    outer loop
      vertex 56.9888 61.3334 6.5
      vertex 56.2426 62.2426 2.5
      vertex 56.2426 62.2426 6.5
    endloop
  endfacet
  facet normal 0.772994 0.634413 0
    outer loop
      vertex 56.2426 62.2426 2.5
      vertex 56.9888 61.3334 6.5
      vertex 56.9888 61.3334 2.5
    endloop
  endfacet
  facet normal 0.0980305 0.995183 -0
    outer loop
      vertex 53.1705 63.8847 2.5
      vertex 52 64 6.5
      vertex 53.1705 63.8847 6.5
    endloop
  endfacet
  facet normal 0.0980305 0.995183 0
    outer loop
      vertex 52 64 6.5
      vertex 53.1705 63.8847 2.5
      vertex 52 64 2.5
    endloop
  endfacet
  facet normal -0.772994 -0.634413 0
    outer loop
      vertex 47.7574 53.7574 2.5
      vertex 47.0112 54.6666 6.5
      vertex 47.0112 54.6666 2.5
    endloop
  endfacet
  facet normal -0.772994 -0.634413 0
    outer loop
      vertex 47.0112 54.6666 6.5
      vertex 47.7574 53.7574 2.5
      vertex 47.7574 53.7574 6.5
    endloop
  endfacet
  facet normal 0.772994 -0.634413 0
    outer loop
      vertex 56.2426 53.7574 6.5
      vertex 56.9888 54.6666 2.5
      vertex 56.9888 54.6666 6.5
    endloop
  endfacet
  facet normal 0.772994 -0.634413 0
    outer loop
      vertex 56.9888 54.6666 2.5
      vertex 56.2426 53.7574 6.5
      vertex 56.2426 53.7574 2.5
    endloop
  endfacet
  facet normal 0.995183 -0.0980305 0
    outer loop
      vertex 57.8847 56.8295 6.5
      vertex 58 58 2.5
      vertex 58 58 6.5
    endloop
  endfacet
  facet normal 0.995183 -0.0980305 0
    outer loop
      vertex 58 58 2.5
      vertex 57.8847 56.8295 6.5
      vertex 57.8847 56.8295 2.5
    endloop
  endfacet
  facet normal 0.0980305 -0.995183 0
    outer loop
      vertex 52 52 2.5
      vertex 53.1705 52.1153 6.5
      vertex 52 52 6.5
    endloop
  endfacet
  facet normal 0.0980305 -0.995183 0
    outer loop
      vertex 53.1705 52.1153 6.5
      vertex 52 52 2.5
      vertex 53.1705 52.1153 2.5
    endloop
  endfacet
  facet normal 0.634413 -0.772994 0
    outer loop
      vertex 55.3334 53.0112 2.5
      vertex 56.2426 53.7574 6.5
      vertex 55.3334 53.0112 6.5
    endloop
  endfacet
  facet normal 0.634413 -0.772994 0
    outer loop
      vertex 56.2426 53.7574 6.5
      vertex 55.3334 53.0112 2.5
      vertex 56.2426 53.7574 2.5
    endloop
  endfacet
  facet normal 0 0 1
    outer loop
      vertex 57 58 6.5
      vertex 58 58 6.5
      vertex 57.8847 59.1705 6.5
    endloop
  endfacet
  facet normal 0 0 1
    outer loop
      vertex 56.9039 58.9755 6.5
      vertex 57.8847 59.1705 6.5
      vertex 57.5433 60.2961 6.5
    endloop
  endfacet
  facet normal 0 0 1
    outer loop
      vertex 58 58 6.5
      vertex 57 58 6.5
      vertex 57.8847 56.8295 6.5
    endloop
  endfacet
  facet normal -0 0 1
    outer loop
      vertex 56.9039 57.0245 6.5
      vertex 57.8847 56.8295 6.5
      vertex 57 58 6.5
    endloop
  endfacet
  facet normal 0 0 1
    outer loop
      vertex 56.6194 59.9134 6.5
      vertex 57.5433 60.2961 6.5
      vertex 56.9888 61.3334 6.5
    endloop
  endfacet
  facet normal 0 0 1
    outer loop
      vertex 57.8847 59.1705 6.5
      vertex 56.9039 58.9755 6.5
      vertex 57 58 6.5
    endloop
  endfacet
  facet normal 0 0 1
    outer loop
      vertex 57.5433 60.2961 6.5
      vertex 56.6194 59.9134 6.5
      vertex 56.9039 58.9755 6.5
    endloop
  endfacet
  facet normal 0 0 1
    outer loop
      vertex 56.1573 60.7779 6.5
      vertex 56.9888 61.3334 6.5
      vertex 56.2426 62.2426 6.5
    endloop
  endfacet
  facet normal 0 0 1
    outer loop
      vertex 56.9888 61.3334 6.5
      vertex 56.1573 60.7779 6.5
      vertex 56.6194 59.9134 6.5
    endloop
  endfacet
  facet normal 0 0 1
    outer loop
      vertex 56.2426 62.2426 6.5
      vertex 55.5355 61.5355 6.5
      vertex 56.1573 60.7779 6.5
    endloop
  endfacet
  facet normal 0 0 1
    outer loop
      vertex 55.3334 62.9888 6.5
      vertex 55.5355 61.5355 6.5
      vertex 56.2426 62.2426 6.5
    endloop
  endfacet
  facet normal 0 0 1
    outer loop
      vertex 55.3334 62.9888 6.5
      vertex 54.7779 62.1573 6.5
      vertex 55.5355 61.5355 6.5
    endloop
  endfacet
  facet normal 0 0 1
    outer loop
      vertex 54.2961 63.5433 6.5
      vertex 54.7779 62.1573 6.5
      vertex 55.3334 62.9888 6.5
    endloop
  endfacet
  facet normal 0 0 1
    outer loop
      vertex 54.2961 63.5433 6.5
      vertex 53.9134 62.6194 6.5
      vertex 54.7779 62.1573 6.5
    endloop
  endfacet
  facet normal 0 0 1
    outer loop
      vertex 53.1705 63.8847 6.5
      vertex 53.9134 62.6194 6.5
      vertex 54.2961 63.5433 6.5
    endloop
  endfacet
  facet normal 0 0 1
    outer loop
      vertex 53.1705 63.8847 6.5
      vertex 52.9755 62.9039 6.5
      vertex 53.9134 62.6194 6.5
    endloop
  endfacet
  facet normal 0 0 1
    outer loop
      vertex 52 64 6.5
      vertex 52.9755 62.9039 6.5
      vertex 53.1705 63.8847 6.5
    endloop
  endfacet
  facet normal 0 0 1
    outer loop
      vertex 52 64 6.5
      vertex 52 63 6.5
      vertex 52.9755 62.9039 6.5
    endloop
  endfacet
  facet normal 0 0 1
    outer loop
      vertex 52 64 6.5
      vertex 51.0245 62.9039 6.5
      vertex 52 63 6.5
    endloop
  endfacet
  facet normal -0 0 1
    outer loop
      vertex 50.8295 63.8847 6.5
      vertex 51.0245 62.9039 6.5
      vertex 52 64 6.5
    endloop
  endfacet
  facet normal 0 0 1
    outer loop
      vertex 50.8295 63.8847 6.5
      vertex 50.0866 62.6194 6.5
      vertex 51.0245 62.9039 6.5
    endloop
  endfacet
  facet normal -0 0 1
    outer loop
      vertex 49.7039 63.5433 6.5
      vertex 50.0866 62.6194 6.5
      vertex 50.8295 63.8847 6.5
    endloop
  endfacet
  facet normal 0 0 1
    outer loop
      vertex 49.7039 63.5433 6.5
      vertex 49.2221 62.1573 6.5
      vertex 50.0866 62.6194 6.5
    endloop
  endfacet
  facet normal -0 0 1
    outer loop
      vertex 48.6666 62.9888 6.5
      vertex 49.2221 62.1573 6.5
      vertex 49.7039 63.5433 6.5
    endloop
  endfacet
  facet normal 0 0 1
    outer loop
      vertex 48.6666 62.9888 6.5
      vertex 48.4645 61.5355 6.5
      vertex 49.2221 62.1573 6.5
    endloop
  endfacet
  facet normal -0 0 1
    outer loop
      vertex 47.7574 62.2426 6.5
      vertex 48.4645 61.5355 6.5
      vertex 48.6666 62.9888 6.5
    endloop
  endfacet
  facet normal 0 0 1
    outer loop
      vertex 48.4645 61.5355 6.5
      vertex 47.7574 62.2426 6.5
      vertex 47.8427 60.7779 6.5
    endloop
  endfacet
  facet normal -0 0 1
    outer loop
      vertex 47.0112 61.3334 6.5
      vertex 47.8427 60.7779 6.5
      vertex 47.7574 62.2426 6.5
    endloop
  endfacet
  facet normal 0 0 1
    outer loop
      vertex 47.8427 60.7779 6.5
      vertex 47.0112 61.3334 6.5
      vertex 47.3806 59.9134 6.5
    endloop
  endfacet
  facet normal -0 0 1
    outer loop
      vertex 46.4567 60.2961 6.5
      vertex 47.3806 59.9134 6.5
      vertex 47.0112 61.3334 6.5
    endloop
  endfacet
  facet normal 0 0 1
    outer loop
      vertex 47.3806 59.9134 6.5
      vertex 46.4567 60.2961 6.5
      vertex 47.0961 58.9755 6.5
    endloop
  endfacet
  facet normal -0 0 1
    outer loop
      vertex 46.1153 59.1705 6.5
      vertex 47.0961 58.9755 6.5
      vertex 46.4567 60.2961 6.5
    endloop
  endfacet
  facet normal 0 0 1
    outer loop
      vertex 57.8847 56.8295 6.5
      vertex 56.9039 57.0245 6.5
      vertex 57.5433 55.7039 6.5
    endloop
  endfacet
  facet normal -0 0 1
    outer loop
      vertex 56.6194 56.0866 6.5
      vertex 57.5433 55.7039 6.5
      vertex 56.9039 57.0245 6.5
    endloop
  endfacet
  facet normal 0 0 1
    outer loop
      vertex 57.5433 55.7039 6.5
      vertex 56.6194 56.0866 6.5
      vertex 56.9888 54.6666 6.5
    endloop
  endfacet
  facet normal -0 0 1
    outer loop
      vertex 56.1573 55.2221 6.5
      vertex 56.9888 54.6666 6.5
      vertex 56.6194 56.0866 6.5
    endloop
  endfacet
  facet normal 0 0 1
    outer loop
      vertex 56.9888 54.6666 6.5
      vertex 56.1573 55.2221 6.5
      vertex 56.2426 53.7574 6.5
    endloop
  endfacet
  facet normal -0 0 1
    outer loop
      vertex 55.5355 54.4645 6.5
      vertex 56.2426 53.7574 6.5
      vertex 56.1573 55.2221 6.5
    endloop
  endfacet
  facet normal 0 0 1
    outer loop
      vertex 55.5355 54.4645 6.5
      vertex 55.3334 53.0112 6.5
      vertex 56.2426 53.7574 6.5
    endloop
  endfacet
  facet normal -0 0 1
    outer loop
      vertex 54.7779 53.8427 6.5
      vertex 55.3334 53.0112 6.5
      vertex 55.5355 54.4645 6.5
    endloop
  endfacet
  facet normal 0 0 1
    outer loop
      vertex 54.7779 53.8427 6.5
      vertex 54.2961 52.4567 6.5
      vertex 55.3334 53.0112 6.5
    endloop
  endfacet
  facet normal -0 0 1
    outer loop
      vertex 53.9134 53.3806 6.5
      vertex 54.2961 52.4567 6.5
      vertex 54.7779 53.8427 6.5
    endloop
  endfacet
  facet normal 0 0 1
    outer loop
      vertex 53.9134 53.3806 6.5
      vertex 53.1705 52.1153 6.5
      vertex 54.2961 52.4567 6.5
    endloop
  endfacet
  facet normal -0 0 1
    outer loop
      vertex 52.9755 53.0961 6.5
      vertex 53.1705 52.1153 6.5
      vertex 53.9134 53.3806 6.5
    endloop
  endfacet
  facet normal -0 0 1
    outer loop
      vertex 52 53 6.5
      vertex 53.1705 52.1153 6.5
      vertex 52.9755 53.0961 6.5
    endloop
  endfacet
  facet normal 0 0 1
    outer loop
      vertex 52 53 6.5
      vertex 52 52 6.5
      vertex 53.1705 52.1153 6.5
    endloop
  endfacet
  facet normal 0 0 1
    outer loop
      vertex 51.0245 53.0961 6.5
      vertex 52 52 6.5
      vertex 52 53 6.5
    endloop
  endfacet
  facet normal 0 0 1
    outer loop
      vertex 51.0245 53.0961 6.5
      vertex 50.8295 52.1153 6.5
      vertex 52 52 6.5
    endloop
  endfacet
  facet normal 0 0 1
    outer loop
      vertex 50.0866 53.3806 6.5
      vertex 50.8295 52.1153 6.5
      vertex 51.0245 53.0961 6.5
    endloop
  endfacet
  facet normal 0 0 1
    outer loop
      vertex 50.0866 53.3806 6.5
      vertex 49.7039 52.4567 6.5
      vertex 50.8295 52.1153 6.5
    endloop
  endfacet
  facet normal 0 0 1
    outer loop
      vertex 49.2221 53.8427 6.5
      vertex 49.7039 52.4567 6.5
      vertex 50.0866 53.3806 6.5
    endloop
  endfacet
  facet normal 0 0 1
    outer loop
      vertex 49.2221 53.8427 6.5
      vertex 48.6666 53.0112 6.5
      vertex 49.7039 52.4567 6.5
    endloop
  endfacet
  facet normal 0 0 1
    outer loop
      vertex 48.4645 54.4645 6.5
      vertex 48.6666 53.0112 6.5
      vertex 49.2221 53.8427 6.5
    endloop
  endfacet
  facet normal 0 0 1
    outer loop
      vertex 47.7574 53.7574 6.5
      vertex 48.4645 54.4645 6.5
      vertex 47.8427 55.2221 6.5
    endloop
  endfacet
  facet normal 0 0 1
    outer loop
      vertex 48.4645 54.4645 6.5
      vertex 47.7574 53.7574 6.5
      vertex 48.6666 53.0112 6.5
    endloop
  endfacet
  facet normal 0 0 1
    outer loop
      vertex 47.0112 54.6666 6.5
      vertex 47.8427 55.2221 6.5
      vertex 47.3806 56.0866 6.5
    endloop
  endfacet
  facet normal 0 0 1
    outer loop
      vertex 46.4567 55.7039 6.5
      vertex 47.3806 56.0866 6.5
      vertex 47.0961 57.0245 6.5
    endloop
  endfacet
  facet normal 0 0 1
    outer loop
      vertex 47.8427 55.2221 6.5
      vertex 47.0112 54.6666 6.5
      vertex 47.7574 53.7574 6.5
    endloop
  endfacet
  facet normal 0 0 1
    outer loop
      vertex 46.1153 56.8295 6.5
      vertex 47.0961 57.0245 6.5
      vertex 47 58 6.5
    endloop
  endfacet
  facet normal 0 0 1
    outer loop
      vertex 47.0961 58.9755 6.5
      vertex 46.1153 59.1705 6.5
      vertex 47 58 6.5
    endloop
  endfacet
  facet normal 0 0 1
    outer loop
      vertex 47.3806 56.0866 6.5
      vertex 46.4567 55.7039 6.5
      vertex 47.0112 54.6666 6.5
    endloop
  endfacet
  facet normal 0 0 1
    outer loop
      vertex 46 58 6.5
      vertex 47 58 6.5
      vertex 46.1153 59.1705 6.5
    endloop
  endfacet
  facet normal 0 0 1
    outer loop
      vertex 47.0961 57.0245 6.5
      vertex 46.1153 56.8295 6.5
      vertex 46.4567 55.7039 6.5
    endloop
  endfacet
  facet normal 0 0 1
    outer loop
      vertex 47 58 6.5
      vertex 46 58 6.5
      vertex 46.1153 56.8295 6.5
    endloop
  endfacet
  facet normal -0.0980305 -0.995183 0
    outer loop
      vertex 50.8295 52.1153 2.5
      vertex 52 52 6.5
      vertex 50.8295 52.1153 6.5
    endloop
  endfacet
  facet normal -0.0980305 -0.995183 -0
    outer loop
      vertex 52 52 6.5
      vertex 50.8295 52.1153 2.5
      vertex 52 52 2.5
    endloop
  endfacet
  facet normal 0.881903 -0.471431 0
    outer loop
      vertex 56.9888 54.6666 6.5
      vertex 57.5433 55.7039 2.5
      vertex 57.5433 55.7039 6.5
    endloop
  endfacet
  facet normal 0.881903 -0.471431 0
    outer loop
      vertex 57.5433 55.7039 2.5
      vertex 56.9888 54.6666 6.5
      vertex 56.9888 54.6666 2.5
    endloop
  endfacet
  facet normal 0.471431 -0.881903 0
    outer loop
      vertex 54.2961 52.4567 2.5
      vertex 55.3334 53.0112 6.5
      vertex 54.2961 52.4567 6.5
    endloop
  endfacet
  facet normal 0.471431 -0.881903 0
    outer loop
      vertex 55.3334 53.0112 6.5
      vertex 54.2961 52.4567 2.5
      vertex 55.3334 53.0112 2.5
    endloop
  endfacet
  facet normal -0.881903 -0.471431 0
    outer loop
      vertex 47.0112 54.6666 2.5
      vertex 46.4567 55.7039 6.5
      vertex 46.4567 55.7039 2.5
    endloop
  endfacet
  facet normal -0.881903 -0.471431 0
    outer loop
      vertex 46.4567 55.7039 6.5
      vertex 47.0112 54.6666 2.5
      vertex 47.0112 54.6666 6.5
    endloop
  endfacet
  facet normal -0.290248 -0.956951 0
    outer loop
      vertex 49.7039 52.4567 2.5
      vertex 50.8295 52.1153 6.5
      vertex 49.7039 52.4567 6.5
    endloop
  endfacet
  facet normal -0.290248 -0.956951 -0
    outer loop
      vertex 50.8295 52.1153 6.5
      vertex 49.7039 52.4567 2.5
      vertex 50.8295 52.1153 2.5
    endloop
  endfacet
  facet normal -0.471431 0.881903 0
    outer loop
      vertex 49.7039 63.5433 2.5
      vertex 48.6666 62.9888 6.5
      vertex 49.7039 63.5433 6.5
    endloop
  endfacet
  facet normal -0.471431 0.881903 0
    outer loop
      vertex 48.6666 62.9888 6.5
      vertex 49.7039 63.5433 2.5
      vertex 48.6666 62.9888 2.5
    endloop
  endfacet
  facet normal 0.290248 -0.956951 0
    outer loop
      vertex 53.1705 52.1153 2.5
      vertex 54.2961 52.4567 6.5
      vertex 53.1705 52.1153 6.5
    endloop
  endfacet
  facet normal 0.290248 -0.956951 0
    outer loop
      vertex 54.2961 52.4567 6.5
      vertex 53.1705 52.1153 2.5
      vertex 54.2961 52.4567 2.5
    endloop
  endfacet
  facet normal -0.995183 -0.0980305 0
    outer loop
      vertex 46.1153 56.8295 2.5
      vertex 46 58 6.5
      vertex 46 58 2.5
    endloop
  endfacet
  facet normal -0.995183 -0.0980305 0
    outer loop
      vertex 46 58 6.5
      vertex 46.1153 56.8295 2.5
      vertex 46.1153 56.8295 6.5
    endloop
  endfacet
  facet normal -0.290248 0.956951 0
    outer loop
      vertex 50.8295 63.8847 2.5
      vertex 49.7039 63.5433 6.5
      vertex 50.8295 63.8847 6.5
    endloop
  endfacet
  facet normal -0.290248 0.956951 0
    outer loop
      vertex 49.7039 63.5433 6.5
      vertex 50.8295 63.8847 2.5
      vertex 49.7039 63.5433 2.5
    endloop
  endfacet
  facet normal -0.956951 0.290248 0
    outer loop
      vertex 46.1153 59.1705 2.5
      vertex 46.4567 60.2961 6.5
      vertex 46.4567 60.2961 2.5
    endloop
  endfacet
  facet normal -0.956951 0.290248 0
    outer loop
      vertex 46.4567 60.2961 6.5
      vertex 46.1153 59.1705 2.5
      vertex 46.1153 59.1705 6.5
    endloop
  endfacet
  facet normal 0.881903 0.471431 0
    outer loop
      vertex 57.5433 60.2961 6.5
      vertex 56.9888 61.3334 2.5
      vertex 56.9888 61.3334 6.5
    endloop
  endfacet
  facet normal 0.881903 0.471431 0
    outer loop
      vertex 56.9888 61.3334 2.5
      vertex 57.5433 60.2961 6.5
      vertex 57.5433 60.2961 2.5
    endloop
  endfacet
  facet normal 0.956951 0.290248 0
    outer loop
      vertex 57.8847 59.1705 6.5
      vertex 57.5433 60.2961 2.5
      vertex 57.5433 60.2961 6.5
    endloop
  endfacet
  facet normal 0.956951 0.290248 0
    outer loop
      vertex 57.5433 60.2961 2.5
      vertex 57.8847 59.1705 6.5
      vertex 57.8847 59.1705 2.5
    endloop
  endfacet
  facet normal -0.956951 -0.290248 0
    outer loop
      vertex 46.4567 55.7039 2.5
      vertex 46.1153 56.8295 6.5
      vertex 46.1153 56.8295 2.5
    endloop
  endfacet
  facet normal -0.956951 -0.290248 0
    outer loop
      vertex 46.1153 56.8295 6.5
      vertex 46.4567 55.7039 2.5
      vertex 46.4567 55.7039 6.5
    endloop
  endfacet
  facet normal -0.471431 -0.881903 0
    outer loop
      vertex 48.6666 53.0112 2.5
      vertex 49.7039 52.4567 6.5
      vertex 48.6666 53.0112 6.5
    endloop
  endfacet
  facet normal -0.471431 -0.881903 -0
    outer loop
      vertex 49.7039 52.4567 6.5
      vertex 48.6666 53.0112 2.5
      vertex 49.7039 52.4567 2.5
    endloop
  endfacet
  facet normal -0.634413 0.772994 0
    outer loop
      vertex 48.6666 62.9888 2.5
      vertex 47.7574 62.2426 6.5
      vertex 48.6666 62.9888 6.5
    endloop
  endfacet
  facet normal -0.634413 0.772994 0
    outer loop
      vertex 47.7574 62.2426 6.5
      vertex 48.6666 62.9888 2.5
      vertex 47.7574 62.2426 2.5
    endloop
  endfacet
  facet normal -0.881903 0.471431 0
    outer loop
      vertex 46.4567 60.2961 2.5
      vertex 47.0112 61.3334 6.5
      vertex 47.0112 61.3334 2.5
    endloop
  endfacet
  facet normal -0.881903 0.471431 0
    outer loop
      vertex 47.0112 61.3334 6.5
      vertex 46.4567 60.2961 2.5
      vertex 46.4567 60.2961 6.5
    endloop
  endfacet
  facet normal -0.772994 0.634413 0
    outer loop
      vertex 47.0112 61.3334 2.5
      vertex 47.7574 62.2426 6.5
      vertex 47.7574 62.2426 2.5
    endloop
  endfacet
  facet normal -0.772994 0.634413 0
    outer loop
      vertex 47.7574 62.2426 6.5
      vertex 47.0112 61.3334 2.5
      vertex 47.0112 61.3334 6.5
    endloop
  endfacet
  facet normal -0.995183 0.0980305 0
    outer loop
      vertex 46 58 2.5
      vertex 46.1153 59.1705 6.5
      vertex 46.1153 59.1705 2.5
    endloop
  endfacet
  facet normal -0.995183 0.0980305 0
    outer loop
      vertex 46.1153 59.1705 6.5
      vertex 46 58 2.5
      vertex 46 58 6.5
    endloop
  endfacet
  facet normal -0.0980305 0.995183 0
    outer loop
      vertex 52 64 2.5
      vertex 50.8295 63.8847 6.5
      vertex 52 64 6.5
    endloop
  endfacet
  facet normal -0.0980305 0.995183 0
    outer loop
      vertex 50.8295 63.8847 6.5
      vertex 52 64 2.5
      vertex 50.8295 63.8847 2.5
    endloop
  endfacet
  facet normal 0 0 -1
    outer loop
      vertex 57 58 2.5
      vertex 58 58 2.5
      vertex 57.8847 56.8295 2.5
    endloop
  endfacet
  facet normal 0 0 -1
    outer loop
      vertex 56.9039 57.0245 2.5
      vertex 57.8847 56.8295 2.5
      vertex 57.5433 55.7039 2.5
    endloop
  endfacet
  facet normal 0 0 -1
    outer loop
      vertex 58 58 2.5
      vertex 57 58 2.5
      vertex 57.8847 59.1705 2.5
    endloop
  endfacet
  facet normal 0 0 -1
    outer loop
      vertex 56.9039 58.9755 2.5
      vertex 57.8847 59.1705 2.5
      vertex 57 58 2.5
    endloop
  endfacet
  facet normal 0 0 -1
    outer loop
      vertex 56.6194 56.0866 2.5
      vertex 57.5433 55.7039 2.5
      vertex 56.9888 54.6666 2.5
    endloop
  endfacet
  facet normal 0 0 -1
    outer loop
      vertex 57.8847 56.8295 2.5
      vertex 56.9039 57.0245 2.5
      vertex 57 58 2.5
    endloop
  endfacet
  facet normal 0 0 -1
    outer loop
      vertex 57.5433 55.7039 2.5
      vertex 56.6194 56.0866 2.5
      vertex 56.9039 57.0245 2.5
    endloop
  endfacet
  facet normal 0 0 -1
    outer loop
      vertex 56.1573 55.2221 2.5
      vertex 56.9888 54.6666 2.5
      vertex 56.2426 53.7574 2.5
    endloop
  endfacet
  facet normal 0 0 -1
    outer loop
      vertex 56.9888 54.6666 2.5
      vertex 56.1573 55.2221 2.5
      vertex 56.6194 56.0866 2.5
    endloop
  endfacet
  facet normal 0 0 -1
    outer loop
      vertex 56.2426 53.7574 2.5
      vertex 55.5355 54.4645 2.5
      vertex 56.1573 55.2221 2.5
    endloop
  endfacet
  facet normal 0 0 -1
    outer loop
      vertex 55.3334 53.0112 2.5
      vertex 55.5355 54.4645 2.5
      vertex 56.2426 53.7574 2.5
    endloop
  endfacet
  facet normal 0 0 -1
    outer loop
      vertex 55.3334 53.0112 2.5
      vertex 54.7779 53.8427 2.5
      vertex 55.5355 54.4645 2.5
    endloop
  endfacet
  facet normal 0 0 -1
    outer loop
      vertex 54.2961 52.4567 2.5
      vertex 54.7779 53.8427 2.5
      vertex 55.3334 53.0112 2.5
    endloop
  endfacet
  facet normal 0 0 -1
    outer loop
      vertex 54.2961 52.4567 2.5
      vertex 53.9134 53.3806 2.5
      vertex 54.7779 53.8427 2.5
    endloop
  endfacet
  facet normal 0 0 -1
    outer loop
      vertex 53.1705 52.1153 2.5
      vertex 53.9134 53.3806 2.5
      vertex 54.2961 52.4567 2.5
    endloop
  endfacet
  facet normal 0 0 -1
    outer loop
      vertex 53.1705 52.1153 2.5
      vertex 52.9755 53.0961 2.5
      vertex 53.9134 53.3806 2.5
    endloop
  endfacet
  facet normal 0 0 -1
    outer loop
      vertex 52 52 2.5
      vertex 52.9755 53.0961 2.5
      vertex 53.1705 52.1153 2.5
    endloop
  endfacet
  facet normal 0 0 -1
    outer loop
      vertex 52 52 2.5
      vertex 52 53 2.5
      vertex 52.9755 53.0961 2.5
    endloop
  endfacet
  facet normal 0 0 -1
    outer loop
      vertex 52 52 2.5
      vertex 51.0245 53.0961 2.5
      vertex 52 53 2.5
    endloop
  endfacet
  facet normal 0 0 -1
    outer loop
      vertex 50.8295 52.1153 2.5
      vertex 51.0245 53.0961 2.5
      vertex 52 52 2.5
    endloop
  endfacet
  facet normal 0 0 -1
    outer loop
      vertex 50.8295 52.1153 2.5
      vertex 50.0866 53.3806 2.5
      vertex 51.0245 53.0961 2.5
    endloop
  endfacet
  facet normal 0 0 -1
    outer loop
      vertex 49.7039 52.4567 2.5
      vertex 50.0866 53.3806 2.5
      vertex 50.8295 52.1153 2.5
    endloop
  endfacet
  facet normal 0 0 -1
    outer loop
      vertex 49.7039 52.4567 2.5
      vertex 49.2221 53.8427 2.5
      vertex 50.0866 53.3806 2.5
    endloop
  endfacet
  facet normal 0 0 -1
    outer loop
      vertex 48.6666 53.0112 2.5
      vertex 49.2221 53.8427 2.5
      vertex 49.7039 52.4567 2.5
    endloop
  endfacet
  facet normal 0 0 -1
    outer loop
      vertex 48.6666 53.0112 2.5
      vertex 48.4645 54.4645 2.5
      vertex 49.2221 53.8427 2.5
    endloop
  endfacet
  facet normal 0 0 -1
    outer loop
      vertex 47.7574 53.7574 2.5
      vertex 48.4645 54.4645 2.5
      vertex 48.6666 53.0112 2.5
    endloop
  endfacet
  facet normal -0 0 -1
    outer loop
      vertex 48.4645 54.4645 2.5
      vertex 47.7574 53.7574 2.5
      vertex 47.8427 55.2221 2.5
    endloop
  endfacet
  facet normal 0 0 -1
    outer loop
      vertex 47.0112 54.6666 2.5
      vertex 47.8427 55.2221 2.5
      vertex 47.7574 53.7574 2.5
    endloop
  endfacet
  facet normal -0 0 -1
    outer loop
      vertex 47.8427 55.2221 2.5
      vertex 47.0112 54.6666 2.5
      vertex 47.3806 56.0866 2.5
    endloop
  endfacet
  facet normal 0 0 -1
    outer loop
      vertex 46.4567 55.7039 2.5
      vertex 47.3806 56.0866 2.5
      vertex 47.0112 54.6666 2.5
    endloop
  endfacet
  facet normal -0 0 -1
    outer loop
      vertex 47.3806 56.0866 2.5
      vertex 46.4567 55.7039 2.5
      vertex 47.0961 57.0245 2.5
    endloop
  endfacet
  facet normal 0 0 -1
    outer loop
      vertex 46.1153 56.8295 2.5
      vertex 47.0961 57.0245 2.5
      vertex 46.4567 55.7039 2.5
    endloop
  endfacet
  facet normal -0 0 -1
    outer loop
      vertex 57.8847 59.1705 2.5
      vertex 56.9039 58.9755 2.5
      vertex 57.5433 60.2961 2.5
    endloop
  endfacet
  facet normal 0 0 -1
    outer loop
      vertex 56.6194 59.9134 2.5
      vertex 57.5433 60.2961 2.5
      vertex 56.9039 58.9755 2.5
    endloop
  endfacet
  facet normal -0 0 -1
    outer loop
      vertex 57.5433 60.2961 2.5
      vertex 56.6194 59.9134 2.5
      vertex 56.9888 61.3334 2.5
    endloop
  endfacet
  facet normal 0 0 -1
    outer loop
      vertex 56.1573 60.7779 2.5
      vertex 56.9888 61.3334 2.5
      vertex 56.6194 59.9134 2.5
    endloop
  endfacet
  facet normal -0 0 -1
    outer loop
      vertex 56.9888 61.3334 2.5
      vertex 56.1573 60.7779 2.5
      vertex 56.2426 62.2426 2.5
    endloop
  endfacet
  facet normal 0 0 -1
    outer loop
      vertex 55.5355 61.5355 2.5
      vertex 56.2426 62.2426 2.5
      vertex 56.1573 60.7779 2.5
    endloop
  endfacet
  facet normal 0 0 -1
    outer loop
      vertex 55.5355 61.5355 2.5
      vertex 55.3334 62.9888 2.5
      vertex 56.2426 62.2426 2.5
    endloop
  endfacet
  facet normal 0 0 -1
    outer loop
      vertex 54.7779 62.1573 2.5
      vertex 55.3334 62.9888 2.5
      vertex 55.5355 61.5355 2.5
    endloop
  endfacet
  facet normal 0 0 -1
    outer loop
      vertex 54.7779 62.1573 2.5
      vertex 54.2961 63.5433 2.5
      vertex 55.3334 62.9888 2.5
    endloop
  endfacet
  facet normal 0 0 -1
    outer loop
      vertex 53.9134 62.6194 2.5
      vertex 54.2961 63.5433 2.5
      vertex 54.7779 62.1573 2.5
    endloop
  endfacet
  facet normal 0 0 -1
    outer loop
      vertex 53.9134 62.6194 2.5
      vertex 53.1705 63.8847 2.5
      vertex 54.2961 63.5433 2.5
    endloop
  endfacet
  facet normal 0 0 -1
    outer loop
      vertex 52.9755 62.9039 2.5
      vertex 53.1705 63.8847 2.5
      vertex 53.9134 62.6194 2.5
    endloop
  endfacet
  facet normal 0 0 -1
    outer loop
      vertex 52 63 2.5
      vertex 53.1705 63.8847 2.5
      vertex 52.9755 62.9039 2.5
    endloop
  endfacet
  facet normal 0 0 -1
    outer loop
      vertex 52 63 2.5
      vertex 52 64 2.5
      vertex 53.1705 63.8847 2.5
    endloop
  endfacet
  facet normal 0 0 -1
    outer loop
      vertex 51.0245 62.9039 2.5
      vertex 52 64 2.5
      vertex 52 63 2.5
    endloop
  endfacet
  facet normal 0 0 -1
    outer loop
      vertex 51.0245 62.9039 2.5
      vertex 50.8295 63.8847 2.5
      vertex 52 64 2.5
    endloop
  endfacet
  facet normal 0 0 -1
    outer loop
      vertex 50.0866 62.6194 2.5
      vertex 50.8295 63.8847 2.5
      vertex 51.0245 62.9039 2.5
    endloop
  endfacet
  facet normal 0 0 -1
    outer loop
      vertex 50.0866 62.6194 2.5
      vertex 49.7039 63.5433 2.5
      vertex 50.8295 63.8847 2.5
    endloop
  endfacet
  facet normal 0 0 -1
    outer loop
      vertex 49.2221 62.1573 2.5
      vertex 49.7039 63.5433 2.5
      vertex 50.0866 62.6194 2.5
    endloop
  endfacet
  facet normal 0 0 -1
    outer loop
      vertex 49.2221 62.1573 2.5
      vertex 48.6666 62.9888 2.5
      vertex 49.7039 63.5433 2.5
    endloop
  endfacet
  facet normal 0 0 -1
    outer loop
      vertex 48.4645 61.5355 2.5
      vertex 48.6666 62.9888 2.5
      vertex 49.2221 62.1573 2.5
    endloop
  endfacet
  facet normal 0 0 -1
    outer loop
      vertex 47.7574 62.2426 2.5
      vertex 48.4645 61.5355 2.5
      vertex 47.8427 60.7779 2.5
    endloop
  endfacet
  facet normal 0 0 -1
    outer loop
      vertex 48.4645 61.5355 2.5
      vertex 47.7574 62.2426 2.5
      vertex 48.6666 62.9888 2.5
    endloop
  endfacet
  facet normal 0 0 -1
    outer loop
      vertex 47.0112 61.3334 2.5
      vertex 47.8427 60.7779 2.5
      vertex 47.3806 59.9134 2.5
    endloop
  endfacet
  facet normal 0 0 -1
    outer loop
      vertex 46.4567 60.2961 2.5
      vertex 47.3806 59.9134 2.5
      vertex 47.0961 58.9755 2.5
    endloop
  endfacet
  facet normal 0 0 -1
    outer loop
      vertex 47.8427 60.7779 2.5
      vertex 47.0112 61.3334 2.5
      vertex 47.7574 62.2426 2.5
    endloop
  endfacet
  facet normal 0 0 -1
    outer loop
      vertex 46.1153 59.1705 2.5
      vertex 47.0961 58.9755 2.5
      vertex 47 58 2.5
    endloop
  endfacet
  facet normal -0 0 -1
    outer loop
      vertex 47.0961 57.0245 2.5
      vertex 46.1153 56.8295 2.5
      vertex 47 58 2.5
    endloop
  endfacet
  facet normal 0 0 -1
    outer loop
      vertex 47.3806 59.9134 2.5
      vertex 46.4567 60.2961 2.5
      vertex 47.0112 61.3334 2.5
    endloop
  endfacet
  facet normal 0 0 -1
    outer loop
      vertex 46 58 2.5
      vertex 47 58 2.5
      vertex 46.1153 56.8295 2.5
    endloop
  endfacet
  facet normal 0 0 -1
    outer loop
      vertex 47.0961 58.9755 2.5
      vertex 46.1153 59.1705 2.5
      vertex 46.4567 60.2961 2.5
    endloop
  endfacet
  facet normal 0 0 -1
    outer loop
      vertex 47 58 2.5
      vertex 46 58 2.5
      vertex 46.1153 59.1705 2.5
    endloop
  endfacet
  facet normal -0.098039 0.995183 0
    outer loop
      vertex 52.9755 53.0961 2.5
      vertex 52 53 6.5
      vertex 52.9755 53.0961 6.5
    endloop
  endfacet
  facet normal -0.098039 0.995183 0
    outer loop
      vertex 52 53 6.5
      vertex 52.9755 53.0961 2.5
      vertex 52 53 2.5
    endloop
  endfacet
  facet normal -0.956943 0.290276 0
    outer loop
      vertex 56.6194 56.0866 2.5
      vertex 56.9039 57.0245 6.5
      vertex 56.9039 57.0245 2.5
    endloop
  endfacet
  facet normal -0.956943 0.290276 0
    outer loop
      vertex 56.9039 57.0245 6.5
      vertex 56.6194 56.0866 2.5
      vertex 56.6194 56.0866 6.5
    endloop
  endfacet
  facet normal -0.995183 0.098039 0
    outer loop
      vertex 56.9039 57.0245 2.5
      vertex 57 58 6.5
      vertex 57 58 2.5
    endloop
  endfacet
  facet normal -0.995183 0.098039 0
    outer loop
      vertex 57 58 6.5
      vertex 56.9039 57.0245 2.5
      vertex 56.9039 57.0245 6.5
    endloop
  endfacet
  facet normal -0.881915 0.471409 0
    outer loop
      vertex 56.1573 55.2221 2.5
      vertex 56.6194 56.0866 6.5
      vertex 56.6194 56.0866 2.5
    endloop
  endfacet
  facet normal -0.881915 0.471409 0
    outer loop
      vertex 56.6194 56.0866 6.5
      vertex 56.1573 55.2221 2.5
      vertex 56.1573 55.2221 6.5
    endloop
  endfacet
  facet normal 0.634426 0.772984 -0
    outer loop
      vertex 49.2221 53.8427 2.5
      vertex 48.4645 54.4645 6.5
      vertex 49.2221 53.8427 6.5
    endloop
  endfacet
  facet normal 0.634426 0.772984 0
    outer loop
      vertex 48.4645 54.4645 6.5
      vertex 49.2221 53.8427 2.5
      vertex 48.4645 54.4645 2.5
    endloop
  endfacet
  facet normal -0.772984 0.634426 0
    outer loop
      vertex 55.5355 54.4645 2.5
      vertex 56.1573 55.2221 6.5
      vertex 56.1573 55.2221 2.5
    endloop
  endfacet
  facet normal -0.772984 0.634426 0
    outer loop
      vertex 56.1573 55.2221 6.5
      vertex 55.5355 54.4645 2.5
      vertex 55.5355 54.4645 6.5
    endloop
  endfacet
  facet normal 0.772984 0.634426 0
    outer loop
      vertex 48.4645 54.4645 6.5
      vertex 47.8427 55.2221 2.5
      vertex 47.8427 55.2221 6.5
    endloop
  endfacet
  facet normal 0.772984 0.634426 0
    outer loop
      vertex 47.8427 55.2221 2.5
      vertex 48.4645 54.4645 6.5
      vertex 48.4645 54.4645 2.5
    endloop
  endfacet
  facet normal 0.881915 -0.471409 0
    outer loop
      vertex 47.3806 59.9134 6.5
      vertex 47.8427 60.7779 2.5
      vertex 47.8427 60.7779 6.5
    endloop
  endfacet
  facet normal 0.881915 -0.471409 0
    outer loop
      vertex 47.8427 60.7779 2.5
      vertex 47.3806 59.9134 6.5
      vertex 47.3806 59.9134 2.5
    endloop
  endfacet
  facet normal -0.881915 -0.471409 0
    outer loop
      vertex 56.6194 59.9134 2.5
      vertex 56.1573 60.7779 6.5
      vertex 56.1573 60.7779 2.5
    endloop
  endfacet
  facet normal -0.881915 -0.471409 0
    outer loop
      vertex 56.1573 60.7779 6.5
      vertex 56.6194 59.9134 2.5
      vertex 56.6194 59.9134 6.5
    endloop
  endfacet
  facet normal 0.290276 0.956943 -0
    outer loop
      vertex 51.0245 53.0961 2.5
      vertex 50.0866 53.3806 6.5
      vertex 51.0245 53.0961 6.5
    endloop
  endfacet
  facet normal 0.290276 0.956943 0
    outer loop
      vertex 50.0866 53.3806 6.5
      vertex 51.0245 53.0961 2.5
      vertex 50.0866 53.3806 2.5
    endloop
  endfacet
  facet normal -0.290276 -0.956943 0
    outer loop
      vertex 52.9755 62.9039 2.5
      vertex 53.9134 62.6194 6.5
      vertex 52.9755 62.9039 6.5
    endloop
  endfacet
  facet normal -0.290276 -0.956943 -0
    outer loop
      vertex 53.9134 62.6194 6.5
      vertex 52.9755 62.9039 2.5
      vertex 53.9134 62.6194 2.5
    endloop
  endfacet
  facet normal -0.634426 0.772984 0
    outer loop
      vertex 55.5355 54.4645 2.5
      vertex 54.7779 53.8427 6.5
      vertex 55.5355 54.4645 6.5
    endloop
  endfacet
  facet normal -0.634426 0.772984 0
    outer loop
      vertex 54.7779 53.8427 6.5
      vertex 55.5355 54.4645 2.5
      vertex 54.7779 53.8427 2.5
    endloop
  endfacet
  facet normal 0.098039 0.995183 -0
    outer loop
      vertex 52 53 2.5
      vertex 51.0245 53.0961 6.5
      vertex 52 53 6.5
    endloop
  endfacet
  facet normal 0.098039 0.995183 0
    outer loop
      vertex 51.0245 53.0961 6.5
      vertex 52 53 2.5
      vertex 51.0245 53.0961 2.5
    endloop
  endfacet
  facet normal -0.634426 -0.772984 0
    outer loop
      vertex 54.7779 62.1573 2.5
      vertex 55.5355 61.5355 6.5
      vertex 54.7779 62.1573 6.5
    endloop
  endfacet
  facet normal -0.634426 -0.772984 -0
    outer loop
      vertex 55.5355 61.5355 6.5
      vertex 54.7779 62.1573 2.5
      vertex 55.5355 61.5355 2.5
    endloop
  endfacet
  facet normal -0.471409 -0.881915 0
    outer loop
      vertex 53.9134 62.6194 2.5
      vertex 54.7779 62.1573 6.5
      vertex 53.9134 62.6194 6.5
    endloop
  endfacet
  facet normal -0.471409 -0.881915 -0
    outer loop
      vertex 54.7779 62.1573 6.5
      vertex 53.9134 62.6194 2.5
      vertex 54.7779 62.1573 2.5
    endloop
  endfacet
  facet normal 0.634426 -0.772984 0
    outer loop
      vertex 48.4645 61.5355 2.5
      vertex 49.2221 62.1573 6.5
      vertex 48.4645 61.5355 6.5
    endloop
  endfacet
  facet normal 0.634426 -0.772984 0
    outer loop
      vertex 49.2221 62.1573 6.5
      vertex 48.4645 61.5355 2.5
      vertex 49.2221 62.1573 2.5
    endloop
  endfacet
  facet normal -0.772984 -0.634426 0
    outer loop
      vertex 56.1573 60.7779 2.5
      vertex 55.5355 61.5355 6.5
      vertex 55.5355 61.5355 2.5
    endloop
  endfacet
  facet normal -0.772984 -0.634426 0
    outer loop
      vertex 55.5355 61.5355 6.5
      vertex 56.1573 60.7779 2.5
      vertex 56.1573 60.7779 6.5
    endloop
  endfacet
  facet normal 0.995183 0.098039 0
    outer loop
      vertex 47.0961 57.0245 6.5
      vertex 47 58 2.5
      vertex 47 58 6.5
    endloop
  endfacet
  facet normal 0.995183 0.098039 0
    outer loop
      vertex 47 58 2.5
      vertex 47.0961 57.0245 6.5
      vertex 47.0961 57.0245 2.5
    endloop
  endfacet
  facet normal 0.471409 0.881915 -0
    outer loop
      vertex 50.0866 53.3806 2.5
      vertex 49.2221 53.8427 6.5
      vertex 50.0866 53.3806 6.5
    endloop
  endfacet
  facet normal 0.471409 0.881915 0
    outer loop
      vertex 49.2221 53.8427 6.5
      vertex 50.0866 53.3806 2.5
      vertex 49.2221 53.8427 2.5
    endloop
  endfacet
  facet normal -0.471409 0.881915 0
    outer loop
      vertex 54.7779 53.8427 2.5
      vertex 53.9134 53.3806 6.5
      vertex 54.7779 53.8427 6.5
    endloop
  endfacet
  facet normal -0.471409 0.881915 0
    outer loop
      vertex 53.9134 53.3806 6.5
      vertex 54.7779 53.8427 2.5
      vertex 53.9134 53.3806 2.5
    endloop
  endfacet
  facet normal -0.290276 0.956943 0
    outer loop
      vertex 53.9134 53.3806 2.5
      vertex 52.9755 53.0961 6.5
      vertex 53.9134 53.3806 6.5
    endloop
  endfacet
  facet normal -0.290276 0.956943 0
    outer loop
      vertex 52.9755 53.0961 6.5
      vertex 53.9134 53.3806 2.5
      vertex 52.9755 53.0961 2.5
    endloop
  endfacet
  facet normal 0.956943 0.290276 0
    outer loop
      vertex 47.3806 56.0866 6.5
      vertex 47.0961 57.0245 2.5
      vertex 47.0961 57.0245 6.5
    endloop
  endfacet
  facet normal 0.956943 0.290276 0
    outer loop
      vertex 47.0961 57.0245 2.5
      vertex 47.3806 56.0866 6.5
      vertex 47.3806 56.0866 2.5
    endloop
  endfacet
  facet normal -0.098039 -0.995183 0
    outer loop
      vertex 52 63 2.5
      vertex 52.9755 62.9039 6.5
      vertex 52 63 6.5
    endloop
  endfacet
  facet normal -0.098039 -0.995183 -0
    outer loop
      vertex 52.9755 62.9039 6.5
      vertex 52 63 2.5
      vertex 52.9755 62.9039 2.5
    endloop
  endfacet
  facet normal 0.881915 0.471409 0
    outer loop
      vertex 47.8427 55.2221 6.5
      vertex 47.3806 56.0866 2.5
      vertex 47.3806 56.0866 6.5
    endloop
  endfacet
  facet normal 0.881915 0.471409 0
    outer loop
      vertex 47.3806 56.0866 2.5
      vertex 47.8427 55.2221 6.5
      vertex 47.8427 55.2221 2.5
    endloop
  endfacet
  facet normal -0.956943 -0.290276 0
    outer loop
      vertex 56.9039 58.9755 2.5
      vertex 56.6194 59.9134 6.5
      vertex 56.6194 59.9134 2.5
    endloop
  endfacet
  facet normal -0.956943 -0.290276 0
    outer loop
      vertex 56.6194 59.9134 6.5
      vertex 56.9039 58.9755 2.5
      vertex 56.9039 58.9755 6.5
    endloop
  endfacet
  facet normal -0.995183 -0.098039 0
    outer loop
      vertex 57 58 2.5
      vertex 56.9039 58.9755 6.5
      vertex 56.9039 58.9755 2.5
    endloop
  endfacet
  facet normal -0.995183 -0.098039 0
    outer loop
      vertex 56.9039 58.9755 6.5
      vertex 57 58 2.5
      vertex 57 58 6.5
    endloop
  endfacet
  facet normal 0.956943 -0.290276 0
    outer loop
      vertex 47.0961 58.9755 6.5
      vertex 47.3806 59.9134 2.5
      vertex 47.3806 59.9134 6.5
    endloop
  endfacet
  facet normal 0.956943 -0.290276 0
    outer loop
      vertex 47.3806 59.9134 2.5
      vertex 47.0961 58.9755 6.5
      vertex 47.0961 58.9755 2.5
    endloop
  endfacet
  facet normal 0.995183 -0.098039 0
    outer loop
      vertex 47 58 6.5
      vertex 47.0961 58.9755 2.5
      vertex 47.0961 58.9755 6.5
    endloop
  endfacet
  facet normal 0.995183 -0.098039 0
    outer loop
      vertex 47.0961 58.9755 2.5
      vertex 47 58 6.5
      vertex 47 58 2.5
    endloop
  endfacet
  facet normal 0.772984 -0.634426 0
    outer loop
      vertex 47.8427 60.7779 6.5
      vertex 48.4645 61.5355 2.5
      vertex 48.4645 61.5355 6.5
    endloop
  endfacet
  facet normal 0.772984 -0.634426 0
    outer loop
      vertex 48.4645 61.5355 2.5
      vertex 47.8427 60.7779 6.5
      vertex 47.8427 60.7779 2.5
    endloop
  endfacet
  facet normal 0.471409 -0.881915 0
    outer loop
      vertex 49.2221 62.1573 2.5
      vertex 50.0866 62.6194 6.5
      vertex 49.2221 62.1573 6.5
    endloop
  endfacet
  facet normal 0.471409 -0.881915 0
    outer loop
      vertex 50.0866 62.6194 6.5
      vertex 49.2221 62.1573 2.5
      vertex 50.0866 62.6194 2.5
    endloop
  endfacet
  facet normal 0.098039 -0.995183 0
    outer loop
      vertex 51.0245 62.9039 2.5
      vertex 52 63 6.5
      vertex 51.0245 62.9039 6.5
    endloop
  endfacet
  facet normal 0.098039 -0.995183 0
    outer loop
      vertex 52 63 6.5
      vertex 51.0245 62.9039 2.5
      vertex 52 63 2.5
    endloop
  endfacet
  facet normal 0.290276 -0.956943 0
    outer loop
      vertex 50.0866 62.6194 2.5
      vertex 51.0245 62.9039 6.5
      vertex 50.0866 62.6194 6.5
    endloop
  endfacet
  facet normal 0.290276 -0.956943 0
    outer loop
      vertex 51.0245 62.9039 6.5
      vertex 50.0866 62.6194 2.5
      vertex 51.0245 62.9039 2.5
    endloop
  endfacet
  facet normal 0.471431 0.881903 -0
    outer loop
      vertex 45.3334 70.9888 2.5
      vertex 44.2961 71.5433 6.5
      vertex 45.3334 70.9888 6.5
    endloop
  endfacet
  facet normal 0.471431 0.881903 0
    outer loop
      vertex 44.2961 71.5433 6.5
      vertex 45.3334 70.9888 2.5
      vertex 44.2961 71.5433 2.5
    endloop
  endfacet
  facet normal 0.956951 -0.290248 0
    outer loop
      vertex 47.5433 63.7039 6.5
      vertex 47.8847 64.8295 2.5
      vertex 47.8847 64.8295 6.5
    endloop
  endfacet
  facet normal 0.956951 -0.290248 0
    outer loop
      vertex 47.8847 64.8295 2.5
      vertex 47.5433 63.7039 6.5
      vertex 47.5433 63.7039 2.5
    endloop
  endfacet
  facet normal 0.290248 0.956951 -0
    outer loop
      vertex 44.2961 71.5433 2.5
      vertex 43.1705 71.8847 6.5
      vertex 44.2961 71.5433 6.5
    endloop
  endfacet
  facet normal 0.290248 0.956951 0
    outer loop
      vertex 43.1705 71.8847 6.5
      vertex 44.2961 71.5433 2.5
      vertex 43.1705 71.8847 2.5
    endloop
  endfacet
  facet normal 0.634413 0.772994 -0
    outer loop
      vertex 46.2426 70.2426 2.5
      vertex 45.3334 70.9888 6.5
      vertex 46.2426 70.2426 6.5
    endloop
  endfacet
  facet normal 0.634413 0.772994 0
    outer loop
      vertex 45.3334 70.9888 6.5
      vertex 46.2426 70.2426 2.5
      vertex 45.3334 70.9888 2.5
    endloop
  endfacet
  facet normal -0.634413 -0.772994 0
    outer loop
      vertex 37.7574 61.7574 2.5
      vertex 38.6666 61.0112 6.5
      vertex 37.7574 61.7574 6.5
    endloop
  endfacet
  facet normal -0.634413 -0.772994 -0
    outer loop
      vertex 38.6666 61.0112 6.5
      vertex 37.7574 61.7574 2.5
      vertex 38.6666 61.0112 2.5
    endloop
  endfacet
  facet normal 0.995183 0.0980305 0
    outer loop
      vertex 48 66 6.5
      vertex 47.8847 67.1705 2.5
      vertex 47.8847 67.1705 6.5
    endloop
  endfacet
  facet normal 0.995183 0.0980305 0
    outer loop
      vertex 47.8847 67.1705 2.5
      vertex 48 66 6.5
      vertex 48 66 2.5
    endloop
  endfacet
  facet normal 0.772994 0.634413 0
    outer loop
      vertex 46.9888 69.3334 6.5
      vertex 46.2426 70.2426 2.5
      vertex 46.2426 70.2426 6.5
    endloop
  endfacet
  facet normal 0.772994 0.634413 0
    outer loop
      vertex 46.2426 70.2426 2.5
      vertex 46.9888 69.3334 6.5
      vertex 46.9888 69.3334 2.5
    endloop
  endfacet
  facet normal 0.0980305 0.995183 -0
    outer loop
      vertex 43.1705 71.8847 2.5
      vertex 42 72 6.5
      vertex 43.1705 71.8847 6.5
    endloop
  endfacet
  facet normal 0.0980305 0.995183 0
    outer loop
      vertex 42 72 6.5
      vertex 43.1705 71.8847 2.5
      vertex 42 72 2.5
    endloop
  endfacet
  facet normal -0.772994 -0.634413 0
    outer loop
      vertex 37.7574 61.7574 2.5
      vertex 37.0112 62.6666 6.5
      vertex 37.0112 62.6666 2.5
    endloop
  endfacet
  facet normal -0.772994 -0.634413 0
    outer loop
      vertex 37.0112 62.6666 6.5
      vertex 37.7574 61.7574 2.5
      vertex 37.7574 61.7574 6.5
    endloop
  endfacet
  facet normal 0.772994 -0.634413 0
    outer loop
      vertex 46.2426 61.7574 6.5
      vertex 46.9888 62.6666 2.5
      vertex 46.9888 62.6666 6.5
    endloop
  endfacet
  facet normal 0.772994 -0.634413 0
    outer loop
      vertex 46.9888 62.6666 2.5
      vertex 46.2426 61.7574 6.5
      vertex 46.2426 61.7574 2.5
    endloop
  endfacet
  facet normal 0.995183 -0.0980305 0
    outer loop
      vertex 47.8847 64.8295 6.5
      vertex 48 66 2.5
      vertex 48 66 6.5
    endloop
  endfacet
  facet normal 0.995183 -0.0980305 0
    outer loop
      vertex 48 66 2.5
      vertex 47.8847 64.8295 6.5
      vertex 47.8847 64.8295 2.5
    endloop
  endfacet
  facet normal 0.0980305 -0.995183 0
    outer loop
      vertex 42 60 2.5
      vertex 43.1705 60.1153 6.5
      vertex 42 60 6.5
    endloop
  endfacet
  facet normal 0.0980305 -0.995183 0
    outer loop
      vertex 43.1705 60.1153 6.5
      vertex 42 60 2.5
      vertex 43.1705 60.1153 2.5
    endloop
  endfacet
  facet normal 0.634413 -0.772994 0
    outer loop
      vertex 45.3334 61.0112 2.5
      vertex 46.2426 61.7574 6.5
      vertex 45.3334 61.0112 6.5
    endloop
  endfacet
  facet normal 0.634413 -0.772994 0
    outer loop
      vertex 46.2426 61.7574 6.5
      vertex 45.3334 61.0112 2.5
      vertex 46.2426 61.7574 2.5
    endloop
  endfacet
  facet normal 0 0 1
    outer loop
      vertex 47 66 6.5
      vertex 48 66 6.5
      vertex 47.8847 67.1705 6.5
    endloop
  endfacet
  facet normal 0 0 1
    outer loop
      vertex 46.9039 66.9754 6.5
      vertex 47.8847 67.1705 6.5
      vertex 47.5433 68.2961 6.5
    endloop
  endfacet
  facet normal 0 0 1
    outer loop
      vertex 48 66 6.5
      vertex 47 66 6.5
      vertex 47.8847 64.8295 6.5
    endloop
  endfacet
  facet normal -0 0 1
    outer loop
      vertex 46.9039 65.0246 6.5
      vertex 47.8847 64.8295 6.5
      vertex 47 66 6.5
    endloop
  endfacet
  facet normal 0 0 1
    outer loop
      vertex 46.6194 67.9134 6.5
      vertex 47.5433 68.2961 6.5
      vertex 46.9888 69.3334 6.5
    endloop
  endfacet
  facet normal 0 0 1
    outer loop
      vertex 47.8847 67.1705 6.5
      vertex 46.9039 66.9754 6.5
      vertex 47 66 6.5
    endloop
  endfacet
  facet normal 0 0 1
    outer loop
      vertex 47.5433 68.2961 6.5
      vertex 46.6194 67.9134 6.5
      vertex 46.9039 66.9754 6.5
    endloop
  endfacet
  facet normal 0 0 1
    outer loop
      vertex 46.1573 68.7778 6.5
      vertex 46.9888 69.3334 6.5
      vertex 46.2426 70.2426 6.5
    endloop
  endfacet
  facet normal 0 0 1
    outer loop
      vertex 46.9888 69.3334 6.5
      vertex 46.1573 68.7778 6.5
      vertex 46.6194 67.9134 6.5
    endloop
  endfacet
  facet normal 0 0 1
    outer loop
      vertex 46.2426 70.2426 6.5
      vertex 45.5355 69.5355 6.5
      vertex 46.1573 68.7778 6.5
    endloop
  endfacet
  facet normal 0 0 1
    outer loop
      vertex 45.3334 70.9888 6.5
      vertex 45.5355 69.5355 6.5
      vertex 46.2426 70.2426 6.5
    endloop
  endfacet
  facet normal 0 0 1
    outer loop
      vertex 45.3334 70.9888 6.5
      vertex 44.7779 70.1573 6.5
      vertex 45.5355 69.5355 6.5
    endloop
  endfacet
  facet normal 0 0 1
    outer loop
      vertex 44.2961 71.5433 6.5
      vertex 44.7779 70.1573 6.5
      vertex 45.3334 70.9888 6.5
    endloop
  endfacet
  facet normal 0 0 1
    outer loop
      vertex 44.2961 71.5433 6.5
      vertex 43.9134 70.6194 6.5
      vertex 44.7779 70.1573 6.5
    endloop
  endfacet
  facet normal 0 0 1
    outer loop
      vertex 43.1705 71.8847 6.5
      vertex 43.9134 70.6194 6.5
      vertex 44.2961 71.5433 6.5
    endloop
  endfacet
  facet normal 0 0 1
    outer loop
      vertex 43.1705 71.8847 6.5
      vertex 42.9755 70.9039 6.5
      vertex 43.9134 70.6194 6.5
    endloop
  endfacet
  facet normal 0 0 1
    outer loop
      vertex 42 72 6.5
      vertex 42.9755 70.9039 6.5
      vertex 43.1705 71.8847 6.5
    endloop
  endfacet
  facet normal 0 0 1
    outer loop
      vertex 42 72 6.5
      vertex 42 71 6.5
      vertex 42.9755 70.9039 6.5
    endloop
  endfacet
  facet normal 0 0 1
    outer loop
      vertex 42 72 6.5
      vertex 41.0245 70.9039 6.5
      vertex 42 71 6.5
    endloop
  endfacet
  facet normal -0 0 1
    outer loop
      vertex 40.8295 71.8847 6.5
      vertex 41.0245 70.9039 6.5
      vertex 42 72 6.5
    endloop
  endfacet
  facet normal 0 0 1
    outer loop
      vertex 40.8295 71.8847 6.5
      vertex 40.0866 70.6194 6.5
      vertex 41.0245 70.9039 6.5
    endloop
  endfacet
  facet normal -0 0 1
    outer loop
      vertex 39.7039 71.5433 6.5
      vertex 40.0866 70.6194 6.5
      vertex 40.8295 71.8847 6.5
    endloop
  endfacet
  facet normal 0 0 1
    outer loop
      vertex 39.7039 71.5433 6.5
      vertex 39.2221 70.1573 6.5
      vertex 40.0866 70.6194 6.5
    endloop
  endfacet
  facet normal -0 0 1
    outer loop
      vertex 38.6666 70.9888 6.5
      vertex 39.2221 70.1573 6.5
      vertex 39.7039 71.5433 6.5
    endloop
  endfacet
  facet normal 0 0 1
    outer loop
      vertex 38.6666 70.9888 6.5
      vertex 38.4645 69.5355 6.5
      vertex 39.2221 70.1573 6.5
    endloop
  endfacet
  facet normal -0 0 1
    outer loop
      vertex 37.7574 70.2426 6.5
      vertex 38.4645 69.5355 6.5
      vertex 38.6666 70.9888 6.5
    endloop
  endfacet
  facet normal 0 0 1
    outer loop
      vertex 38.4645 69.5355 6.5
      vertex 37.7574 70.2426 6.5
      vertex 37.8427 68.7778 6.5
    endloop
  endfacet
  facet normal -0 0 1
    outer loop
      vertex 37.0112 69.3334 6.5
      vertex 37.8427 68.7778 6.5
      vertex 37.7574 70.2426 6.5
    endloop
  endfacet
  facet normal 0 0 1
    outer loop
      vertex 37.8427 68.7778 6.5
      vertex 37.0112 69.3334 6.5
      vertex 37.3806 67.9134 6.5
    endloop
  endfacet
  facet normal -0 0 1
    outer loop
      vertex 36.4567 68.2961 6.5
      vertex 37.3806 67.9134 6.5
      vertex 37.0112 69.3334 6.5
    endloop
  endfacet
  facet normal 0 0 1
    outer loop
      vertex 37.3806 67.9134 6.5
      vertex 36.4567 68.2961 6.5
      vertex 37.0961 66.9754 6.5
    endloop
  endfacet
  facet normal -0 0 1
    outer loop
      vertex 36.1153 67.1705 6.5
      vertex 37.0961 66.9754 6.5
      vertex 36.4567 68.2961 6.5
    endloop
  endfacet
  facet normal 0 0 1
    outer loop
      vertex 47.8847 64.8295 6.5
      vertex 46.9039 65.0246 6.5
      vertex 47.5433 63.7039 6.5
    endloop
  endfacet
  facet normal -0 0 1
    outer loop
      vertex 46.6194 64.0866 6.5
      vertex 47.5433 63.7039 6.5
      vertex 46.9039 65.0246 6.5
    endloop
  endfacet
  facet normal 0 0 1
    outer loop
      vertex 47.5433 63.7039 6.5
      vertex 46.6194 64.0866 6.5
      vertex 46.9888 62.6666 6.5
    endloop
  endfacet
  facet normal -0 0 1
    outer loop
      vertex 46.1573 63.2221 6.5
      vertex 46.9888 62.6666 6.5
      vertex 46.6194 64.0866 6.5
    endloop
  endfacet
  facet normal 0 0 1
    outer loop
      vertex 46.9888 62.6666 6.5
      vertex 46.1573 63.2221 6.5
      vertex 46.2426 61.7574 6.5
    endloop
  endfacet
  facet normal -0 0 1
    outer loop
      vertex 45.5355 62.4645 6.5
      vertex 46.2426 61.7574 6.5
      vertex 46.1573 63.2221 6.5
    endloop
  endfacet
  facet normal 0 0 1
    outer loop
      vertex 45.5355 62.4645 6.5
      vertex 45.3334 61.0112 6.5
      vertex 46.2426 61.7574 6.5
    endloop
  endfacet
  facet normal -0 0 1
    outer loop
      vertex 44.7779 61.8427 6.5
      vertex 45.3334 61.0112 6.5
      vertex 45.5355 62.4645 6.5
    endloop
  endfacet
  facet normal 0 0 1
    outer loop
      vertex 44.7779 61.8427 6.5
      vertex 44.2961 60.4567 6.5
      vertex 45.3334 61.0112 6.5
    endloop
  endfacet
  facet normal -0 0 1
    outer loop
      vertex 43.9134 61.3806 6.5
      vertex 44.2961 60.4567 6.5
      vertex 44.7779 61.8427 6.5
    endloop
  endfacet
  facet normal 0 0 1
    outer loop
      vertex 43.9134 61.3806 6.5
      vertex 43.1705 60.1153 6.5
      vertex 44.2961 60.4567 6.5
    endloop
  endfacet
  facet normal -0 0 1
    outer loop
      vertex 42.9755 61.0961 6.5
      vertex 43.1705 60.1153 6.5
      vertex 43.9134 61.3806 6.5
    endloop
  endfacet
  facet normal -0 0 1
    outer loop
      vertex 42 61 6.5
      vertex 43.1705 60.1153 6.5
      vertex 42.9755 61.0961 6.5
    endloop
  endfacet
  facet normal 0 0 1
    outer loop
      vertex 42 61 6.5
      vertex 42 60 6.5
      vertex 43.1705 60.1153 6.5
    endloop
  endfacet
  facet normal 0 0 1
    outer loop
      vertex 41.0245 61.0961 6.5
      vertex 42 60 6.5
      vertex 42 61 6.5
    endloop
  endfacet
  facet normal 0 0 1
    outer loop
      vertex 41.0245 61.0961 6.5
      vertex 40.8295 60.1153 6.5
      vertex 42 60 6.5
    endloop
  endfacet
  facet normal 0 0 1
    outer loop
      vertex 40.0866 61.3806 6.5
      vertex 40.8295 60.1153 6.5
      vertex 41.0245 61.0961 6.5
    endloop
  endfacet
  facet normal 0 0 1
    outer loop
      vertex 40.0866 61.3806 6.5
      vertex 39.7039 60.4567 6.5
      vertex 40.8295 60.1153 6.5
    endloop
  endfacet
  facet normal 0 0 1
    outer loop
      vertex 39.2221 61.8427 6.5
      vertex 39.7039 60.4567 6.5
      vertex 40.0866 61.3806 6.5
    endloop
  endfacet
  facet normal 0 0 1
    outer loop
      vertex 39.2221 61.8427 6.5
      vertex 38.6666 61.0112 6.5
      vertex 39.7039 60.4567 6.5
    endloop
  endfacet
  facet normal 0 0 1
    outer loop
      vertex 38.4645 62.4645 6.5
      vertex 38.6666 61.0112 6.5
      vertex 39.2221 61.8427 6.5
    endloop
  endfacet
  facet normal 0 0 1
    outer loop
      vertex 37.7574 61.7574 6.5
      vertex 38.4645 62.4645 6.5
      vertex 37.8427 63.2221 6.5
    endloop
  endfacet
  facet normal 0 0 1
    outer loop
      vertex 38.4645 62.4645 6.5
      vertex 37.7574 61.7574 6.5
      vertex 38.6666 61.0112 6.5
    endloop
  endfacet
  facet normal 0 0 1
    outer loop
      vertex 37.0112 62.6666 6.5
      vertex 37.8427 63.2221 6.5
      vertex 37.3806 64.0866 6.5
    endloop
  endfacet
  facet normal 0 0 1
    outer loop
      vertex 36.4567 63.7039 6.5
      vertex 37.3806 64.0866 6.5
      vertex 37.0961 65.0246 6.5
    endloop
  endfacet
  facet normal 0 0 1
    outer loop
      vertex 37.8427 63.2221 6.5
      vertex 37.0112 62.6666 6.5
      vertex 37.7574 61.7574 6.5
    endloop
  endfacet
  facet normal 0 0 1
    outer loop
      vertex 36.1153 64.8295 6.5
      vertex 37.0961 65.0246 6.5
      vertex 37 66 6.5
    endloop
  endfacet
  facet normal 0 0 1
    outer loop
      vertex 37.0961 66.9754 6.5
      vertex 36.1153 67.1705 6.5
      vertex 37 66 6.5
    endloop
  endfacet
  facet normal 0 0 1
    outer loop
      vertex 37.3806 64.0866 6.5
      vertex 36.4567 63.7039 6.5
      vertex 37.0112 62.6666 6.5
    endloop
  endfacet
  facet normal 0 0 1
    outer loop
      vertex 36 66 6.5
      vertex 37 66 6.5
      vertex 36.1153 67.1705 6.5
    endloop
  endfacet
  facet normal 0 0 1
    outer loop
      vertex 37.0961 65.0246 6.5
      vertex 36.1153 64.8295 6.5
      vertex 36.4567 63.7039 6.5
    endloop
  endfacet
  facet normal 0 0 1
    outer loop
      vertex 37 66 6.5
      vertex 36 66 6.5
      vertex 36.1153 64.8295 6.5
    endloop
  endfacet
  facet normal -0.0980305 -0.995183 0
    outer loop
      vertex 40.8295 60.1153 2.5
      vertex 42 60 6.5
      vertex 40.8295 60.1153 6.5
    endloop
  endfacet
  facet normal -0.0980305 -0.995183 -0
    outer loop
      vertex 42 60 6.5
      vertex 40.8295 60.1153 2.5
      vertex 42 60 2.5
    endloop
  endfacet
  facet normal 0.881903 -0.471431 0
    outer loop
      vertex 46.9888 62.6666 6.5
      vertex 47.5433 63.7039 2.5
      vertex 47.5433 63.7039 6.5
    endloop
  endfacet
  facet normal 0.881903 -0.471431 0
    outer loop
      vertex 47.5433 63.7039 2.5
      vertex 46.9888 62.6666 6.5
      vertex 46.9888 62.6666 2.5
    endloop
  endfacet
  facet normal 0.471431 -0.881903 0
    outer loop
      vertex 44.2961 60.4567 2.5
      vertex 45.3334 61.0112 6.5
      vertex 44.2961 60.4567 6.5
    endloop
  endfacet
  facet normal 0.471431 -0.881903 0
    outer loop
      vertex 45.3334 61.0112 6.5
      vertex 44.2961 60.4567 2.5
      vertex 45.3334 61.0112 2.5
    endloop
  endfacet
  facet normal -0.881903 -0.471431 0
    outer loop
      vertex 37.0112 62.6666 2.5
      vertex 36.4567 63.7039 6.5
      vertex 36.4567 63.7039 2.5
    endloop
  endfacet
  facet normal -0.881903 -0.471431 0
    outer loop
      vertex 36.4567 63.7039 6.5
      vertex 37.0112 62.6666 2.5
      vertex 37.0112 62.6666 6.5
    endloop
  endfacet
  facet normal -0.290248 -0.956951 0
    outer loop
      vertex 39.7039 60.4567 2.5
      vertex 40.8295 60.1153 6.5
      vertex 39.7039 60.4567 6.5
    endloop
  endfacet
  facet normal -0.290248 -0.956951 -0
    outer loop
      vertex 40.8295 60.1153 6.5
      vertex 39.7039 60.4567 2.5
      vertex 40.8295 60.1153 2.5
    endloop
  endfacet
  facet normal -0.471431 0.881903 0
    outer loop
      vertex 39.7039 71.5433 2.5
      vertex 38.6666 70.9888 6.5
      vertex 39.7039 71.5433 6.5
    endloop
  endfacet
  facet normal -0.471431 0.881903 0
    outer loop
      vertex 38.6666 70.9888 6.5
      vertex 39.7039 71.5433 2.5
      vertex 38.6666 70.9888 2.5
    endloop
  endfacet
  facet normal 0.290248 -0.956951 0
    outer loop
      vertex 43.1705 60.1153 2.5
      vertex 44.2961 60.4567 6.5
      vertex 43.1705 60.1153 6.5
    endloop
  endfacet
  facet normal 0.290248 -0.956951 0
    outer loop
      vertex 44.2961 60.4567 6.5
      vertex 43.1705 60.1153 2.5
      vertex 44.2961 60.4567 2.5
    endloop
  endfacet
  facet normal -0.995183 -0.0980305 0
    outer loop
      vertex 36.1153 64.8295 2.5
      vertex 36 66 6.5
      vertex 36 66 2.5
    endloop
  endfacet
  facet normal -0.995183 -0.0980305 0
    outer loop
      vertex 36 66 6.5
      vertex 36.1153 64.8295 2.5
      vertex 36.1153 64.8295 6.5
    endloop
  endfacet
  facet normal -0.290248 0.956951 0
    outer loop
      vertex 40.8295 71.8847 2.5
      vertex 39.7039 71.5433 6.5
      vertex 40.8295 71.8847 6.5
    endloop
  endfacet
  facet normal -0.290248 0.956951 0
    outer loop
      vertex 39.7039 71.5433 6.5
      vertex 40.8295 71.8847 2.5
      vertex 39.7039 71.5433 2.5
    endloop
  endfacet
  facet normal -0.956951 0.290248 0
    outer loop
      vertex 36.1153 67.1705 2.5
      vertex 36.4567 68.2961 6.5
      vertex 36.4567 68.2961 2.5
    endloop
  endfacet
  facet normal -0.956951 0.290248 0
    outer loop
      vertex 36.4567 68.2961 6.5
      vertex 36.1153 67.1705 2.5
      vertex 36.1153 67.1705 6.5
    endloop
  endfacet
  facet normal 0.881903 0.471431 0
    outer loop
      vertex 47.5433 68.2961 6.5
      vertex 46.9888 69.3334 2.5
      vertex 46.9888 69.3334 6.5
    endloop
  endfacet
  facet normal 0.881903 0.471431 0
    outer loop
      vertex 46.9888 69.3334 2.5
      vertex 47.5433 68.2961 6.5
      vertex 47.5433 68.2961 2.5
    endloop
  endfacet
  facet normal 0.956951 0.290248 0
    outer loop
      vertex 47.8847 67.1705 6.5
      vertex 47.5433 68.2961 2.5
      vertex 47.5433 68.2961 6.5
    endloop
  endfacet
  facet normal 0.956951 0.290248 0
    outer loop
      vertex 47.5433 68.2961 2.5
      vertex 47.8847 67.1705 6.5
      vertex 47.8847 67.1705 2.5
    endloop
  endfacet
  facet normal -0.956951 -0.290248 0
    outer loop
      vertex 36.4567 63.7039 2.5
      vertex 36.1153 64.8295 6.5
      vertex 36.1153 64.8295 2.5
    endloop
  endfacet
  facet normal -0.956951 -0.290248 0
    outer loop
      vertex 36.1153 64.8295 6.5
      vertex 36.4567 63.7039 2.5
      vertex 36.4567 63.7039 6.5
    endloop
  endfacet
  facet normal -0.471431 -0.881903 0
    outer loop
      vertex 38.6666 61.0112 2.5
      vertex 39.7039 60.4567 6.5
      vertex 38.6666 61.0112 6.5
    endloop
  endfacet
  facet normal -0.471431 -0.881903 -0
    outer loop
      vertex 39.7039 60.4567 6.5
      vertex 38.6666 61.0112 2.5
      vertex 39.7039 60.4567 2.5
    endloop
  endfacet
  facet normal -0.634413 0.772994 0
    outer loop
      vertex 38.6666 70.9888 2.5
      vertex 37.7574 70.2426 6.5
      vertex 38.6666 70.9888 6.5
    endloop
  endfacet
  facet normal -0.634413 0.772994 0
    outer loop
      vertex 37.7574 70.2426 6.5
      vertex 38.6666 70.9888 2.5
      vertex 37.7574 70.2426 2.5
    endloop
  endfacet
  facet normal -0.881903 0.471431 0
    outer loop
      vertex 36.4567 68.2961 2.5
      vertex 37.0112 69.3334 6.5
      vertex 37.0112 69.3334 2.5
    endloop
  endfacet
  facet normal -0.881903 0.471431 0
    outer loop
      vertex 37.0112 69.3334 6.5
      vertex 36.4567 68.2961 2.5
      vertex 36.4567 68.2961 6.5
    endloop
  endfacet
  facet normal -0.772994 0.634413 0
    outer loop
      vertex 37.0112 69.3334 2.5
      vertex 37.7574 70.2426 6.5
      vertex 37.7574 70.2426 2.5
    endloop
  endfacet
  facet normal -0.772994 0.634413 0
    outer loop
      vertex 37.7574 70.2426 6.5
      vertex 37.0112 69.3334 2.5
      vertex 37.0112 69.3334 6.5
    endloop
  endfacet
  facet normal -0.995183 0.0980305 0
    outer loop
      vertex 36 66 2.5
      vertex 36.1153 67.1705 6.5
      vertex 36.1153 67.1705 2.5
    endloop
  endfacet
  facet normal -0.995183 0.0980305 0
    outer loop
      vertex 36.1153 67.1705 6.5
      vertex 36 66 2.5
      vertex 36 66 6.5
    endloop
  endfacet
  facet normal -0.0980305 0.995183 0
    outer loop
      vertex 42 72 2.5
      vertex 40.8295 71.8847 6.5
      vertex 42 72 6.5
    endloop
  endfacet
  facet normal -0.0980305 0.995183 0
    outer loop
      vertex 40.8295 71.8847 6.5
      vertex 42 72 2.5
      vertex 40.8295 71.8847 2.5
    endloop
  endfacet
  facet normal 0 0 -1
    outer loop
      vertex 47 66 2.5
      vertex 48 66 2.5
      vertex 47.8847 64.8295 2.5
    endloop
  endfacet
  facet normal 0 0 -1
    outer loop
      vertex 46.9039 65.0246 2.5
      vertex 47.8847 64.8295 2.5
      vertex 47.5433 63.7039 2.5
    endloop
  endfacet
  facet normal 0 0 -1
    outer loop
      vertex 48 66 2.5
      vertex 47 66 2.5
      vertex 47.8847 67.1705 2.5
    endloop
  endfacet
  facet normal 0 0 -1
    outer loop
      vertex 46.9039 66.9754 2.5
      vertex 47.8847 67.1705 2.5
      vertex 47 66 2.5
    endloop
  endfacet
  facet normal 0 0 -1
    outer loop
      vertex 46.6194 64.0866 2.5
      vertex 47.5433 63.7039 2.5
      vertex 46.9888 62.6666 2.5
    endloop
  endfacet
  facet normal 0 0 -1
    outer loop
      vertex 47.8847 64.8295 2.5
      vertex 46.9039 65.0246 2.5
      vertex 47 66 2.5
    endloop
  endfacet
  facet normal 0 0 -1
    outer loop
      vertex 47.5433 63.7039 2.5
      vertex 46.6194 64.0866 2.5
      vertex 46.9039 65.0246 2.5
    endloop
  endfacet
  facet normal 0 0 -1
    outer loop
      vertex 46.1573 63.2221 2.5
      vertex 46.9888 62.6666 2.5
      vertex 46.2426 61.7574 2.5
    endloop
  endfacet
  facet normal 0 0 -1
    outer loop
      vertex 46.9888 62.6666 2.5
      vertex 46.1573 63.2221 2.5
      vertex 46.6194 64.0866 2.5
    endloop
  endfacet
  facet normal 0 0 -1
    outer loop
      vertex 46.2426 61.7574 2.5
      vertex 45.5355 62.4645 2.5
      vertex 46.1573 63.2221 2.5
    endloop
  endfacet
  facet normal 0 0 -1
    outer loop
      vertex 45.3334 61.0112 2.5
      vertex 45.5355 62.4645 2.5
      vertex 46.2426 61.7574 2.5
    endloop
  endfacet
  facet normal 0 0 -1
    outer loop
      vertex 45.3334 61.0112 2.5
      vertex 44.7779 61.8427 2.5
      vertex 45.5355 62.4645 2.5
    endloop
  endfacet
  facet normal 0 0 -1
    outer loop
      vertex 44.2961 60.4567 2.5
      vertex 44.7779 61.8427 2.5
      vertex 45.3334 61.0112 2.5
    endloop
  endfacet
  facet normal 0 0 -1
    outer loop
      vertex 44.2961 60.4567 2.5
      vertex 43.9134 61.3806 2.5
      vertex 44.7779 61.8427 2.5
    endloop
  endfacet
  facet normal 0 0 -1
    outer loop
      vertex 43.1705 60.1153 2.5
      vertex 43.9134 61.3806 2.5
      vertex 44.2961 60.4567 2.5
    endloop
  endfacet
  facet normal 0 0 -1
    outer loop
      vertex 43.1705 60.1153 2.5
      vertex 42.9755 61.0961 2.5
      vertex 43.9134 61.3806 2.5
    endloop
  endfacet
  facet normal 0 0 -1
    outer loop
      vertex 42 60 2.5
      vertex 42.9755 61.0961 2.5
      vertex 43.1705 60.1153 2.5
    endloop
  endfacet
  facet normal 0 0 -1
    outer loop
      vertex 42 60 2.5
      vertex 42 61 2.5
      vertex 42.9755 61.0961 2.5
    endloop
  endfacet
  facet normal 0 0 -1
    outer loop
      vertex 42 60 2.5
      vertex 41.0245 61.0961 2.5
      vertex 42 61 2.5
    endloop
  endfacet
  facet normal 0 0 -1
    outer loop
      vertex 40.8295 60.1153 2.5
      vertex 41.0245 61.0961 2.5
      vertex 42 60 2.5
    endloop
  endfacet
  facet normal 0 0 -1
    outer loop
      vertex 40.8295 60.1153 2.5
      vertex 40.0866 61.3806 2.5
      vertex 41.0245 61.0961 2.5
    endloop
  endfacet
  facet normal 0 0 -1
    outer loop
      vertex 39.7039 60.4567 2.5
      vertex 40.0866 61.3806 2.5
      vertex 40.8295 60.1153 2.5
    endloop
  endfacet
  facet normal 0 0 -1
    outer loop
      vertex 39.7039 60.4567 2.5
      vertex 39.2221 61.8427 2.5
      vertex 40.0866 61.3806 2.5
    endloop
  endfacet
  facet normal 0 0 -1
    outer loop
      vertex 38.6666 61.0112 2.5
      vertex 39.2221 61.8427 2.5
      vertex 39.7039 60.4567 2.5
    endloop
  endfacet
  facet normal 0 0 -1
    outer loop
      vertex 38.6666 61.0112 2.5
      vertex 38.4645 62.4645 2.5
      vertex 39.2221 61.8427 2.5
    endloop
  endfacet
  facet normal 0 0 -1
    outer loop
      vertex 37.7574 61.7574 2.5
      vertex 38.4645 62.4645 2.5
      vertex 38.6666 61.0112 2.5
    endloop
  endfacet
  facet normal -0 0 -1
    outer loop
      vertex 38.4645 62.4645 2.5
      vertex 37.7574 61.7574 2.5
      vertex 37.8427 63.2221 2.5
    endloop
  endfacet
  facet normal 0 0 -1
    outer loop
      vertex 37.0112 62.6666 2.5
      vertex 37.8427 63.2221 2.5
      vertex 37.7574 61.7574 2.5
    endloop
  endfacet
  facet normal -0 0 -1
    outer loop
      vertex 37.8427 63.2221 2.5
      vertex 37.0112 62.6666 2.5
      vertex 37.3806 64.0866 2.5
    endloop
  endfacet
  facet normal 0 0 -1
    outer loop
      vertex 36.4567 63.7039 2.5
      vertex 37.3806 64.0866 2.5
      vertex 37.0112 62.6666 2.5
    endloop
  endfacet
  facet normal -0 0 -1
    outer loop
      vertex 37.3806 64.0866 2.5
      vertex 36.4567 63.7039 2.5
      vertex 37.0961 65.0246 2.5
    endloop
  endfacet
  facet normal 0 0 -1
    outer loop
      vertex 36.1153 64.8295 2.5
      vertex 37.0961 65.0246 2.5
      vertex 36.4567 63.7039 2.5
    endloop
  endfacet
  facet normal -0 0 -1
    outer loop
      vertex 47.8847 67.1705 2.5
      vertex 46.9039 66.9754 2.5
      vertex 47.5433 68.2961 2.5
    endloop
  endfacet
  facet normal 0 0 -1
    outer loop
      vertex 46.6194 67.9134 2.5
      vertex 47.5433 68.2961 2.5
      vertex 46.9039 66.9754 2.5
    endloop
  endfacet
  facet normal -0 0 -1
    outer loop
      vertex 47.5433 68.2961 2.5
      vertex 46.6194 67.9134 2.5
      vertex 46.9888 69.3334 2.5
    endloop
  endfacet
  facet normal 0 0 -1
    outer loop
      vertex 46.1573 68.7778 2.5
      vertex 46.9888 69.3334 2.5
      vertex 46.6194 67.9134 2.5
    endloop
  endfacet
  facet normal -0 0 -1
    outer loop
      vertex 46.9888 69.3334 2.5
      vertex 46.1573 68.7778 2.5
      vertex 46.2426 70.2426 2.5
    endloop
  endfacet
  facet normal 0 0 -1
    outer loop
      vertex 45.5355 69.5355 2.5
      vertex 46.2426 70.2426 2.5
      vertex 46.1573 68.7778 2.5
    endloop
  endfacet
  facet normal 0 0 -1
    outer loop
      vertex 45.5355 69.5355 2.5
      vertex 45.3334 70.9888 2.5
      vertex 46.2426 70.2426 2.5
    endloop
  endfacet
  facet normal 0 0 -1
    outer loop
      vertex 44.7779 70.1573 2.5
      vertex 45.3334 70.9888 2.5
      vertex 45.5355 69.5355 2.5
    endloop
  endfacet
  facet normal 0 0 -1
    outer loop
      vertex 44.7779 70.1573 2.5
      vertex 44.2961 71.5433 2.5
      vertex 45.3334 70.9888 2.5
    endloop
  endfacet
  facet normal 0 0 -1
    outer loop
      vertex 43.9134 70.6194 2.5
      vertex 44.2961 71.5433 2.5
      vertex 44.7779 70.1573 2.5
    endloop
  endfacet
  facet normal 0 0 -1
    outer loop
      vertex 43.9134 70.6194 2.5
      vertex 43.1705 71.8847 2.5
      vertex 44.2961 71.5433 2.5
    endloop
  endfacet
  facet normal 0 0 -1
    outer loop
      vertex 42.9755 70.9039 2.5
      vertex 43.1705 71.8847 2.5
      vertex 43.9134 70.6194 2.5
    endloop
  endfacet
  facet normal 0 0 -1
    outer loop
      vertex 42 71 2.5
      vertex 43.1705 71.8847 2.5
      vertex 42.9755 70.9039 2.5
    endloop
  endfacet
  facet normal 0 0 -1
    outer loop
      vertex 42 71 2.5
      vertex 42 72 2.5
      vertex 43.1705 71.8847 2.5
    endloop
  endfacet
  facet normal 0 0 -1
    outer loop
      vertex 41.0245 70.9039 2.5
      vertex 42 72 2.5
      vertex 42 71 2.5
    endloop
  endfacet
  facet normal 0 0 -1
    outer loop
      vertex 41.0245 70.9039 2.5
      vertex 40.8295 71.8847 2.5
      vertex 42 72 2.5
    endloop
  endfacet
  facet normal 0 0 -1
    outer loop
      vertex 40.0866 70.6194 2.5
      vertex 40.8295 71.8847 2.5
      vertex 41.0245 70.9039 2.5
    endloop
  endfacet
  facet normal 0 0 -1
    outer loop
      vertex 40.0866 70.6194 2.5
      vertex 39.7039 71.5433 2.5
      vertex 40.8295 71.8847 2.5
    endloop
  endfacet
  facet normal 0 0 -1
    outer loop
      vertex 39.2221 70.1573 2.5
      vertex 39.7039 71.5433 2.5
      vertex 40.0866 70.6194 2.5
    endloop
  endfacet
  facet normal 0 0 -1
    outer loop
      vertex 39.2221 70.1573 2.5
      vertex 38.6666 70.9888 2.5
      vertex 39.7039 71.5433 2.5
    endloop
  endfacet
  facet normal 0 0 -1
    outer loop
      vertex 38.4645 69.5355 2.5
      vertex 38.6666 70.9888 2.5
      vertex 39.2221 70.1573 2.5
    endloop
  endfacet
  facet normal 0 0 -1
    outer loop
      vertex 37.7574 70.2426 2.5
      vertex 38.4645 69.5355 2.5
      vertex 37.8427 68.7778 2.5
    endloop
  endfacet
  facet normal 0 0 -1
    outer loop
      vertex 38.4645 69.5355 2.5
      vertex 37.7574 70.2426 2.5
      vertex 38.6666 70.9888 2.5
    endloop
  endfacet
  facet normal 0 0 -1
    outer loop
      vertex 37.0112 69.3334 2.5
      vertex 37.8427 68.7778 2.5
      vertex 37.3806 67.9134 2.5
    endloop
  endfacet
  facet normal 0 0 -1
    outer loop
      vertex 36.4567 68.2961 2.5
      vertex 37.3806 67.9134 2.5
      vertex 37.0961 66.9754 2.5
    endloop
  endfacet
  facet normal 0 0 -1
    outer loop
      vertex 37.8427 68.7778 2.5
      vertex 37.0112 69.3334 2.5
      vertex 37.7574 70.2426 2.5
    endloop
  endfacet
  facet normal 0 0 -1
    outer loop
      vertex 36.1153 67.1705 2.5
      vertex 37.0961 66.9754 2.5
      vertex 37 66 2.5
    endloop
  endfacet
  facet normal -0 0 -1
    outer loop
      vertex 37.0961 65.0246 2.5
      vertex 36.1153 64.8295 2.5
      vertex 37 66 2.5
    endloop
  endfacet
  facet normal 0 0 -1
    outer loop
      vertex 37.3806 67.9134 2.5
      vertex 36.4567 68.2961 2.5
      vertex 37.0112 69.3334 2.5
    endloop
  endfacet
  facet normal 0 0 -1
    outer loop
      vertex 36 66 2.5
      vertex 37 66 2.5
      vertex 36.1153 64.8295 2.5
    endloop
  endfacet
  facet normal 0 0 -1
    outer loop
      vertex 37.0961 66.9754 2.5
      vertex 36.1153 67.1705 2.5
      vertex 36.4567 68.2961 2.5
    endloop
  endfacet
  facet normal 0 0 -1
    outer loop
      vertex 37 66 2.5
      vertex 36 66 2.5
      vertex 36.1153 67.1705 2.5
    endloop
  endfacet
  facet normal -0.098039 0.995183 0
    outer loop
      vertex 42.9755 61.0961 2.5
      vertex 42 61 6.5
      vertex 42.9755 61.0961 6.5
    endloop
  endfacet
  facet normal -0.098039 0.995183 0
    outer loop
      vertex 42 61 6.5
      vertex 42.9755 61.0961 2.5
      vertex 42 61 2.5
    endloop
  endfacet
  facet normal -0.956951 0.290248 0
    outer loop
      vertex 46.6194 64.0866 2.5
      vertex 46.9039 65.0246 6.5
      vertex 46.9039 65.0246 2.5
    endloop
  endfacet
  facet normal -0.956951 0.290248 0
    outer loop
      vertex 46.9039 65.0246 6.5
      vertex 46.6194 64.0866 2.5
      vertex 46.6194 64.0866 6.5
    endloop
  endfacet
  facet normal -0.995182 0.098049 0
    outer loop
      vertex 46.9039 65.0246 2.5
      vertex 47 66 6.5
      vertex 47 66 2.5
    endloop
  endfacet
  facet normal -0.995182 0.098049 0
    outer loop
      vertex 47 66 6.5
      vertex 46.9039 65.0246 2.5
      vertex 46.9039 65.0246 6.5
    endloop
  endfacet
  facet normal -0.881915 0.471409 0
    outer loop
      vertex 46.1573 63.2221 2.5
      vertex 46.6194 64.0866 6.5
      vertex 46.6194 64.0866 2.5
    endloop
  endfacet
  facet normal -0.881915 0.471409 0
    outer loop
      vertex 46.6194 64.0866 6.5
      vertex 46.1573 63.2221 2.5
      vertex 46.1573 63.2221 6.5
    endloop
  endfacet
  facet normal 0.634426 0.772984 -0
    outer loop
      vertex 39.2221 61.8427 2.5
      vertex 38.4645 62.4645 6.5
      vertex 39.2221 61.8427 6.5
    endloop
  endfacet
  facet normal 0.634426 0.772984 0
    outer loop
      vertex 38.4645 62.4645 6.5
      vertex 39.2221 61.8427 2.5
      vertex 38.4645 62.4645 2.5
    endloop
  endfacet
  facet normal -0.772984 0.634426 0
    outer loop
      vertex 45.5355 62.4645 2.5
      vertex 46.1573 63.2221 6.5
      vertex 46.1573 63.2221 2.5
    endloop
  endfacet
  facet normal -0.772984 0.634426 0
    outer loop
      vertex 46.1573 63.2221 6.5
      vertex 45.5355 62.4645 2.5
      vertex 45.5355 62.4645 6.5
    endloop
  endfacet
  facet normal 0.772984 0.634426 0
    outer loop
      vertex 38.4645 62.4645 6.5
      vertex 37.8427 63.2221 2.5
      vertex 37.8427 63.2221 6.5
    endloop
  endfacet
  facet normal 0.772984 0.634426 0
    outer loop
      vertex 37.8427 63.2221 2.5
      vertex 38.4645 62.4645 6.5
      vertex 38.4645 62.4645 2.5
    endloop
  endfacet
  facet normal 0.881892 -0.471451 0
    outer loop
      vertex 37.3806 67.9134 6.5
      vertex 37.8427 68.7778 2.5
      vertex 37.8427 68.7778 6.5
    endloop
  endfacet
  facet normal 0.881892 -0.471451 0
    outer loop
      vertex 37.8427 68.7778 2.5
      vertex 37.3806 67.9134 6.5
      vertex 37.3806 67.9134 2.5
    endloop
  endfacet
  facet normal -0.881892 -0.471451 0
    outer loop
      vertex 46.6194 67.9134 2.5
      vertex 46.1573 68.7778 6.5
      vertex 46.1573 68.7778 2.5
    endloop
  endfacet
  facet normal -0.881892 -0.471451 0
    outer loop
      vertex 46.1573 68.7778 6.5
      vertex 46.6194 67.9134 2.5
      vertex 46.6194 67.9134 6.5
    endloop
  endfacet
  facet normal 0.290276 0.956943 -0
    outer loop
      vertex 41.0245 61.0961 2.5
      vertex 40.0866 61.3806 6.5
      vertex 41.0245 61.0961 6.5
    endloop
  endfacet
  facet normal 0.290276 0.956943 0
    outer loop
      vertex 40.0866 61.3806 6.5
      vertex 41.0245 61.0961 2.5
      vertex 40.0866 61.3806 2.5
    endloop
  endfacet
  facet normal -0.290276 -0.956943 0
    outer loop
      vertex 42.9755 70.9039 2.5
      vertex 43.9134 70.6194 6.5
      vertex 42.9755 70.9039 6.5
    endloop
  endfacet
  facet normal -0.290276 -0.956943 -0
    outer loop
      vertex 43.9134 70.6194 6.5
      vertex 42.9755 70.9039 2.5
      vertex 43.9134 70.6194 2.5
    endloop
  endfacet
  facet normal -0.634426 0.772984 0
    outer loop
      vertex 45.5355 62.4645 2.5
      vertex 44.7779 61.8427 6.5
      vertex 45.5355 62.4645 6.5
    endloop
  endfacet
  facet normal -0.634426 0.772984 0
    outer loop
      vertex 44.7779 61.8427 6.5
      vertex 45.5355 62.4645 2.5
      vertex 44.7779 61.8427 2.5
    endloop
  endfacet
  facet normal 0.098039 0.995183 -0
    outer loop
      vertex 42 61 2.5
      vertex 41.0245 61.0961 6.5
      vertex 42 61 6.5
    endloop
  endfacet
  facet normal 0.098039 0.995183 0
    outer loop
      vertex 41.0245 61.0961 6.5
      vertex 42 61 2.5
      vertex 41.0245 61.0961 2.5
    endloop
  endfacet
  facet normal -0.634426 -0.772984 0
    outer loop
      vertex 44.7779 70.1573 2.5
      vertex 45.5355 69.5355 6.5
      vertex 44.7779 70.1573 6.5
    endloop
  endfacet
  facet normal -0.634426 -0.772984 -0
    outer loop
      vertex 45.5355 69.5355 6.5
      vertex 44.7779 70.1573 2.5
      vertex 45.5355 69.5355 2.5
    endloop
  endfacet
  facet normal -0.471409 -0.881915 0
    outer loop
      vertex 43.9134 70.6194 2.5
      vertex 44.7779 70.1573 6.5
      vertex 43.9134 70.6194 6.5
    endloop
  endfacet
  facet normal -0.471409 -0.881915 -0
    outer loop
      vertex 44.7779 70.1573 6.5
      vertex 43.9134 70.6194 2.5
      vertex 44.7779 70.1573 2.5
    endloop
  endfacet
  facet normal 0.634426 -0.772984 0
    outer loop
      vertex 38.4645 69.5355 2.5
      vertex 39.2221 70.1573 6.5
      vertex 38.4645 69.5355 6.5
    endloop
  endfacet
  facet normal 0.634426 -0.772984 0
    outer loop
      vertex 39.2221 70.1573 6.5
      vertex 38.4645 69.5355 2.5
      vertex 39.2221 70.1573 2.5
    endloop
  endfacet
  facet normal -0.773025 -0.634376 0
    outer loop
      vertex 46.1573 68.7778 2.5
      vertex 45.5355 69.5355 6.5
      vertex 45.5355 69.5355 2.5
    endloop
  endfacet
  facet normal -0.773025 -0.634376 0
    outer loop
      vertex 45.5355 69.5355 6.5
      vertex 46.1573 68.7778 2.5
      vertex 46.1573 68.7778 6.5
    endloop
  endfacet
  facet normal 0.995182 0.098049 0
    outer loop
      vertex 37.0961 65.0246 6.5
      vertex 37 66 2.5
      vertex 37 66 6.5
    endloop
  endfacet
  facet normal 0.995182 0.098049 0
    outer loop
      vertex 37 66 2.5
      vertex 37.0961 65.0246 6.5
      vertex 37.0961 65.0246 2.5
    endloop
  endfacet
  facet normal 0.471409 0.881915 -0
    outer loop
      vertex 40.0866 61.3806 2.5
      vertex 39.2221 61.8427 6.5
      vertex 40.0866 61.3806 6.5
    endloop
  endfacet
  facet normal 0.471409 0.881915 0
    outer loop
      vertex 39.2221 61.8427 6.5
      vertex 40.0866 61.3806 2.5
      vertex 39.2221 61.8427 2.5
    endloop
  endfacet
  facet normal -0.471409 0.881915 0
    outer loop
      vertex 44.7779 61.8427 2.5
      vertex 43.9134 61.3806 6.5
      vertex 44.7779 61.8427 6.5
    endloop
  endfacet
  facet normal -0.471409 0.881915 0
    outer loop
      vertex 43.9134 61.3806 6.5
      vertex 44.7779 61.8427 2.5
      vertex 43.9134 61.3806 2.5
    endloop
  endfacet
  facet normal -0.290276 0.956943 0
    outer loop
      vertex 43.9134 61.3806 2.5
      vertex 42.9755 61.0961 6.5
      vertex 43.9134 61.3806 6.5
    endloop
  endfacet
  facet normal -0.290276 0.956943 0
    outer loop
      vertex 42.9755 61.0961 6.5
      vertex 43.9134 61.3806 2.5
      vertex 42.9755 61.0961 2.5
    endloop
  endfacet
  facet normal 0.956951 0.290248 0
    outer loop
      vertex 37.3806 64.0866 6.5
      vertex 37.0961 65.0246 2.5
      vertex 37.0961 65.0246 6.5
    endloop
  endfacet
  facet normal 0.956951 0.290248 0
    outer loop
      vertex 37.0961 65.0246 2.5
      vertex 37.3806 64.0866 6.5
      vertex 37.3806 64.0866 2.5
    endloop
  endfacet
  facet normal -0.098039 -0.995183 0
    outer loop
      vertex 42 71 2.5
      vertex 42.9755 70.9039 6.5
      vertex 42 71 6.5
    endloop
  endfacet
  facet normal -0.098039 -0.995183 -0
    outer loop
      vertex 42.9755 70.9039 6.5
      vertex 42 71 2.5
      vertex 42.9755 70.9039 2.5
    endloop
  endfacet
  facet normal 0.881915 0.471409 0
    outer loop
      vertex 37.8427 63.2221 6.5
      vertex 37.3806 64.0866 2.5
      vertex 37.3806 64.0866 6.5
    endloop
  endfacet
  facet normal 0.881915 0.471409 0
    outer loop
      vertex 37.3806 64.0866 2.5
      vertex 37.8427 63.2221 6.5
      vertex 37.8427 63.2221 2.5
    endloop
  endfacet
  facet normal -0.956951 -0.290248 0
    outer loop
      vertex 46.9039 66.9754 2.5
      vertex 46.6194 67.9134 6.5
      vertex 46.6194 67.9134 2.5
    endloop
  endfacet
  facet normal -0.956951 -0.290248 0
    outer loop
      vertex 46.6194 67.9134 6.5
      vertex 46.9039 66.9754 2.5
      vertex 46.9039 66.9754 6.5
    endloop
  endfacet
  facet normal -0.995182 -0.098049 0
    outer loop
      vertex 47 66 2.5
      vertex 46.9039 66.9754 6.5
      vertex 46.9039 66.9754 2.5
    endloop
  endfacet
  facet normal -0.995182 -0.098049 0
    outer loop
      vertex 46.9039 66.9754 6.5
      vertex 47 66 2.5
      vertex 47 66 6.5
    endloop
  endfacet
  facet normal 0.956951 -0.290248 0
    outer loop
      vertex 37.0961 66.9754 6.5
      vertex 37.3806 67.9134 2.5
      vertex 37.3806 67.9134 6.5
    endloop
  endfacet
  facet normal 0.956951 -0.290248 0
    outer loop
      vertex 37.3806 67.9134 2.5
      vertex 37.0961 66.9754 6.5
      vertex 37.0961 66.9754 2.5
    endloop
  endfacet
  facet normal 0.995182 -0.098049 0
    outer loop
      vertex 37 66 6.5
      vertex 37.0961 66.9754 2.5
      vertex 37.0961 66.9754 6.5
    endloop
  endfacet
  facet normal 0.995182 -0.098049 0
    outer loop
      vertex 37.0961 66.9754 2.5
      vertex 37 66 6.5
      vertex 37 66 2.5
    endloop
  endfacet
  facet normal 0.773025 -0.634376 0
    outer loop
      vertex 37.8427 68.7778 6.5
      vertex 38.4645 69.5355 2.5
      vertex 38.4645 69.5355 6.5
    endloop
  endfacet
  facet normal 0.773025 -0.634376 0
    outer loop
      vertex 38.4645 69.5355 2.5
      vertex 37.8427 68.7778 6.5
      vertex 37.8427 68.7778 2.5
    endloop
  endfacet
  facet normal 0.471409 -0.881915 0
    outer loop
      vertex 39.2221 70.1573 2.5
      vertex 40.0866 70.6194 6.5
      vertex 39.2221 70.1573 6.5
    endloop
  endfacet
  facet normal 0.471409 -0.881915 0
    outer loop
      vertex 40.0866 70.6194 6.5
      vertex 39.2221 70.1573 2.5
      vertex 40.0866 70.6194 2.5
    endloop
  endfacet
  facet normal 0.098039 -0.995183 0
    outer loop
      vertex 41.0245 70.9039 2.5
      vertex 42 71 6.5
      vertex 41.0245 70.9039 6.5
    endloop
  endfacet
  facet normal 0.098039 -0.995183 0
    outer loop
      vertex 42 71 6.5
      vertex 41.0245 70.9039 2.5
      vertex 42 71 2.5
    endloop
  endfacet
  facet normal 0.290276 -0.956943 0
    outer loop
      vertex 40.0866 70.6194 2.5
      vertex 41.0245 70.9039 6.5
      vertex 40.0866 70.6194 6.5
    endloop
  endfacet
  facet normal 0.290276 -0.956943 0
    outer loop
      vertex 41.0245 70.9039 6.5
      vertex 40.0866 70.6194 2.5
      vertex 41.0245 70.9039 2.5
    endloop
  endfacet
  facet normal 1 -0 0
    outer loop
      vertex 27 51 5.5
      vertex 27 73 2.5
      vertex 27 73 5.5
    endloop
  endfacet
  facet normal 1 0 0
    outer loop
      vertex 27 73 2.5
      vertex 27 51 5.5
      vertex 27 51 2.5
    endloop
  endfacet
  facet normal 0 0 1
    outer loop
      vertex 12.5 58.5 5.5
      vertex 6.5 58.5 5.5
      vertex 12.5 52.5 5.5
    endloop
  endfacet
  facet normal 0 0 1
    outer loop
      vertex 27 73 5.5
      vertex 25.5 65.5 5.5
      vertex 27 51 5.5
    endloop
  endfacet
  facet normal 0 0 1
    outer loop
      vertex 27 73 5.5
      vertex 19.5 71.5 5.5
      vertex 25.5 65.5 5.5
    endloop
  endfacet
  facet normal 0 0 1
    outer loop
      vertex 27 73 5.5
      vertex 12.5 71.5 5.5
      vertex 19.5 71.5 5.5
    endloop
  endfacet
  facet normal 0 0 1
    outer loop
      vertex 12.5 71.5 5.5
      vertex 8.25 69 5.5
      vertex 12.5 65.5 5.5
    endloop
  endfacet
  facet normal 0 0 1
    outer loop
      vertex 12.5 71.5 5.5
      vertex 8.17333 69.5823 5.5
      vertex 8.25 69 5.5
    endloop
  endfacet
  facet normal 0 0 1
    outer loop
      vertex 12.5 71.5 5.5
      vertex 7.94856 70.125 5.5
      vertex 8.17333 69.5823 5.5
    endloop
  endfacet
  facet normal 0 0 1
    outer loop
      vertex 12.5 71.5 5.5
      vertex 7.59099 70.591 5.5
      vertex 7.94856 70.125 5.5
    endloop
  endfacet
  facet normal 0 0 1
    outer loop
      vertex 12.5 71.5 5.5
      vertex 7.125 70.9486 5.5
      vertex 7.59099 70.591 5.5
    endloop
  endfacet
  facet normal -0 0 1
    outer loop
      vertex 5 73 5.5
      vertex 12.5 71.5 5.5
      vertex 27 73 5.5
    endloop
  endfacet
  facet normal 0 0 1
    outer loop
      vertex 12.5 71.5 5.5
      vertex 5 73 5.5
      vertex 7.125 70.9486 5.5
    endloop
  endfacet
  facet normal 0 0 1
    outer loop
      vertex 7.125 70.9486 5.5
      vertex 5 73 5.5
      vertex 6.58234 71.1733 5.5
    endloop
  endfacet
  facet normal 0 0 1
    outer loop
      vertex 6.58234 71.1733 5.5
      vertex 5 73 5.5
      vertex 6 71.25 5.5
    endloop
  endfacet
  facet normal 0 0 1
    outer loop
      vertex 5 73 5.5
      vertex 5.41766 71.1733 5.5
      vertex 6 71.25 5.5
    endloop
  endfacet
  facet normal 0 0 1
    outer loop
      vertex 5.41766 71.1733 5.5
      vertex 5 73 5.5
      vertex 5 71.0003 5.5
    endloop
  endfacet
  facet normal -0 0 1
    outer loop
      vertex 25.5 58.5 5.5
      vertex 27 51 5.5
      vertex 25.5 65.5 5.5
    endloop
  endfacet
  facet normal 0 0 1
    outer loop
      vertex 19.5 52.5 5.5
      vertex 25.5 58.5 5.5
      vertex 19.5 58.5 5.5
    endloop
  endfacet
  facet normal 0 0 1
    outer loop
      vertex 25.5 58.5 5.5
      vertex 19.5 52.5 5.5
      vertex 27 51 5.5
    endloop
  endfacet
  facet normal -0 0 1
    outer loop
      vertex 12.5 52.5 5.5
      vertex 27 51 5.5
      vertex 19.5 52.5 5.5
    endloop
  endfacet
  facet normal 0 0 1
    outer loop
      vertex 5 66.9997 5.5
      vertex 6.5 65.5 5.5
      vertex 5.41766 66.8267 5.5
    endloop
  endfacet
  facet normal 0 0 1
    outer loop
      vertex 6.5 65.5 5.5
      vertex 5 66.9997 5.5
      vertex 6.5 58.5 5.5
    endloop
  endfacet
  facet normal 0 0 1
    outer loop
      vertex 12.5 52.5 5.5
      vertex 5 51 5.5
      vertex 27 51 5.5
    endloop
  endfacet
  facet normal 0 0 1
    outer loop
      vertex 6.5 58.5 5.5
      vertex 5 51 5.5
      vertex 12.5 52.5 5.5
    endloop
  endfacet
  facet normal 0 0 1
    outer loop
      vertex 5 51 5.5
      vertex 6.5 58.5 5.5
      vertex 5 66.9997 5.5
    endloop
  endfacet
  facet normal 0 0 1
    outer loop
      vertex 25.5 65.5 5.5
      vertex 19.5 71.5 5.5
      vertex 19.5 65.5 5.5
    endloop
  endfacet
  facet normal -0 0 1
    outer loop
      vertex 8.17333 68.4177 5.5
      vertex 12.5 65.5 5.5
      vertex 8.25 69 5.5
    endloop
  endfacet
  facet normal -0 0 1
    outer loop
      vertex 7.94856 67.875 5.5
      vertex 12.5 65.5 5.5
      vertex 8.17333 68.4177 5.5
    endloop
  endfacet
  facet normal -0 0 1
    outer loop
      vertex 7.59099 67.409 5.5
      vertex 12.5 65.5 5.5
      vertex 7.94856 67.875 5.5
    endloop
  endfacet
  facet normal 0 0 1
    outer loop
      vertex 6.5 65.5 5.5
      vertex 7.59099 67.409 5.5
      vertex 7.125 67.0514 5.5
    endloop
  endfacet
  facet normal 0 0 1
    outer loop
      vertex 6.5 65.5 5.5
      vertex 7.125 67.0514 5.5
      vertex 6.58234 66.8267 5.5
    endloop
  endfacet
  facet normal 0 0 1
    outer loop
      vertex 7.59099 67.409 5.5
      vertex 6.5 65.5 5.5
      vertex 12.5 65.5 5.5
    endloop
  endfacet
  facet normal 0 0 1
    outer loop
      vertex 5.41766 66.8267 5.5
      vertex 6.5 65.5 5.5
      vertex 6 66.75 5.5
    endloop
  endfacet
  facet normal -0 0 1
    outer loop
      vertex 6 66.75 5.5
      vertex 6.5 65.5 5.5
      vertex 6.58234 66.8267 5.5
    endloop
  endfacet
  facet normal 0 0 1
    outer loop
      vertex 6.7391 69.3061 5.5
      vertex 6.7391 68.6939 5.5
      vertex 6.8 69 5.5
    endloop
  endfacet
  facet normal 0 0 1
    outer loop
      vertex 6.56569 69.5657 5.5
      vertex 6.7391 68.6939 5.5
      vertex 6.7391 69.3061 5.5
    endloop
  endfacet
  facet normal 0 0 1
    outer loop
      vertex 6.56569 69.5657 5.5
      vertex 6.56569 68.4343 5.5
      vertex 6.7391 68.6939 5.5
    endloop
  endfacet
  facet normal 0 0 1
    outer loop
      vertex 6.30615 69.7391 5.5
      vertex 6.56569 68.4343 5.5
      vertex 6.56569 69.5657 5.5
    endloop
  endfacet
  facet normal 0 0 1
    outer loop
      vertex 6.30615 69.7391 5.5
      vertex 6.30615 68.2609 5.5
      vertex 6.56569 68.4343 5.5
    endloop
  endfacet
  facet normal 0 0 1
    outer loop
      vertex 6 69.8 5.5
      vertex 6.30615 68.2609 5.5
      vertex 6.30615 69.7391 5.5
    endloop
  endfacet
  facet normal 0 0 1
    outer loop
      vertex 6 69.8 5.5
      vertex 6 68.2 5.5
      vertex 6.30615 68.2609 5.5
    endloop
  endfacet
  facet normal -0 0 1
    outer loop
      vertex 5.69385 69.7391 5.5
      vertex 6 68.2 5.5
      vertex 6 69.8 5.5
    endloop
  endfacet
  facet normal 0 0 1
    outer loop
      vertex 5.69385 69.7391 5.5
      vertex 5.69385 68.2609 5.5
      vertex 6 68.2 5.5
    endloop
  endfacet
  facet normal -0 0 1
    outer loop
      vertex 5.43431 69.5657 5.5
      vertex 5.69385 68.2609 5.5
      vertex 5.69385 69.7391 5.5
    endloop
  endfacet
  facet normal 0 0 1
    outer loop
      vertex 5.43431 69.5657 5.5
      vertex 5.43431 68.4343 5.5
      vertex 5.69385 68.2609 5.5
    endloop
  endfacet
  facet normal -0 0 1
    outer loop
      vertex 5.2609 69.3061 5.5
      vertex 5.43431 68.4343 5.5
      vertex 5.43431 69.5657 5.5
    endloop
  endfacet
  facet normal 0 0 1
    outer loop
      vertex 5.2609 69.3061 5.5
      vertex 5.2609 68.6939 5.5
      vertex 5.43431 68.4343 5.5
    endloop
  endfacet
  facet normal 0 -0 1
    outer loop
      vertex 5.2609 68.6939 5.5
      vertex 5.2609 69.3061 5.5
      vertex 5.2 69 5.5
    endloop
  endfacet
  facet normal -1 0 0
    outer loop
      vertex 5 51 2.5
      vertex 5 66.9997 5.5
      vertex 5 66.9997 2.5
    endloop
  endfacet
  facet normal -1 -0 0
    outer loop
      vertex 5 66.9997 5.5
      vertex 5 51 2.5
      vertex 5 51 5.5
    endloop
  endfacet
  facet normal -1 0 0
    outer loop
      vertex 5 71.0003 2.5
      vertex 5 73 5.5
      vertex 5 73 2.5
    endloop
  endfacet
  facet normal -1 -0 0
    outer loop
      vertex 5 73 5.5
      vertex 5 71.0003 2.5
      vertex 5 71.0003 5.5
    endloop
  endfacet
  facet normal 0 -1 0
    outer loop
      vertex 5 51 2.5
      vertex 27 51 5.5
      vertex 5 51 5.5
    endloop
  endfacet
  facet normal 0 -1 -0
    outer loop
      vertex 27 51 5.5
      vertex 5 51 2.5
      vertex 27 51 2.5
    endloop
  endfacet
  facet normal 0 1 -0
    outer loop
      vertex 27 73 2.5
      vertex 5 73 5.5
      vertex 27 73 5.5
    endloop
  endfacet
  facet normal 0 1 0
    outer loop
      vertex 5 73 5.5
      vertex 27 73 2.5
      vertex 5 73 2.5
    endloop
  endfacet
  facet normal -1 0 0
    outer loop
      vertex 25.5 58.5 2.5
      vertex 25.5 65.5 5.5
      vertex 25.5 65.5 2.5
    endloop
  endfacet
  facet normal -1 -0 0
    outer loop
      vertex 25.5 65.5 5.5
      vertex 25.5 58.5 2.5
      vertex 25.5 58.5 5.5
    endloop
  endfacet
  facet normal 1 -0 0
    outer loop
      vertex 6.5 58.5 5.5
      vertex 6.5 65.5 2.5
      vertex 6.5 65.5 5.5
    endloop
  endfacet
  facet normal 1 0 0
    outer loop
      vertex 6.5 65.5 2.5
      vertex 6.5 58.5 5.5
      vertex 6.5 58.5 2.5
    endloop
  endfacet
  facet normal 0 1 -0
    outer loop
      vertex 12.5 58.5 2.5
      vertex 6.5 58.5 5.5
      vertex 12.5 58.5 5.5
    endloop
  endfacet
  facet normal 0 1 0
    outer loop
      vertex 6.5 58.5 5.5
      vertex 12.5 58.5 2.5
      vertex 6.5 58.5 2.5
    endloop
  endfacet
  facet normal 0 1 -0
    outer loop
      vertex 25.5 58.5 2.5
      vertex 19.5 58.5 5.5
      vertex 25.5 58.5 5.5
    endloop
  endfacet
  facet normal 0 1 0
    outer loop
      vertex 19.5 58.5 5.5
      vertex 25.5 58.5 2.5
      vertex 19.5 58.5 2.5
    endloop
  endfacet
  facet normal 0 -1 0
    outer loop
      vertex 6.5 65.5 2.5
      vertex 12.5 65.5 5.5
      vertex 6.5 65.5 5.5
    endloop
  endfacet
  facet normal 0 -1 -0
    outer loop
      vertex 12.5 65.5 5.5
      vertex 6.5 65.5 2.5
      vertex 12.5 65.5 2.5
    endloop
  endfacet
  facet normal 0 -1 0
    outer loop
      vertex 19.5 65.5 2.5
      vertex 25.5 65.5 5.5
      vertex 19.5 65.5 5.5
    endloop
  endfacet
  facet normal 0 -1 -0
    outer loop
      vertex 25.5 65.5 5.5
      vertex 19.5 65.5 2.5
      vertex 25.5 65.5 2.5
    endloop
  endfacet
  facet normal -1 0 0
    outer loop
      vertex 19.5 52.5 2.5
      vertex 19.5 58.5 5.5
      vertex 19.5 58.5 2.5
    endloop
  endfacet
  facet normal -1 -0 0
    outer loop
      vertex 19.5 58.5 5.5
      vertex 19.5 52.5 2.5
      vertex 19.5 52.5 5.5
    endloop
  endfacet
  facet normal -1 0 0
    outer loop
      vertex 19.5 65.5 2.5
      vertex 19.5 71.5 5.5
      vertex 19.5 71.5 2.5
    endloop
  endfacet
  facet normal -1 -0 0
    outer loop
      vertex 19.5 71.5 5.5
      vertex 19.5 65.5 2.5
      vertex 19.5 65.5 5.5
    endloop
  endfacet
  facet normal 1 -0 0
    outer loop
      vertex 12.5 52.5 5.5
      vertex 12.5 58.5 2.5
      vertex 12.5 58.5 5.5
    endloop
  endfacet
  facet normal 1 0 0
    outer loop
      vertex 12.5 58.5 2.5
      vertex 12.5 52.5 5.5
      vertex 12.5 52.5 2.5
    endloop
  endfacet
  facet normal 1 -0 0
    outer loop
      vertex 12.5 65.5 5.5
      vertex 12.5 71.5 2.5
      vertex 12.5 71.5 5.5
    endloop
  endfacet
  facet normal 1 0 0
    outer loop
      vertex 12.5 71.5 2.5
      vertex 12.5 65.5 5.5
      vertex 12.5 65.5 2.5
    endloop
  endfacet
  facet normal 0 1 -0
    outer loop
      vertex 19.5 52.5 2.5
      vertex 12.5 52.5 5.5
      vertex 19.5 52.5 5.5
    endloop
  endfacet
  facet normal 0 1 0
    outer loop
      vertex 12.5 52.5 5.5
      vertex 19.5 52.5 2.5
      vertex 12.5 52.5 2.5
    endloop
  endfacet
  facet normal 0 -1 0
    outer loop
      vertex 12.5 71.5 2.5
      vertex 19.5 71.5 5.5
      vertex 12.5 71.5 5.5
    endloop
  endfacet
  facet normal 0 -1 -0
    outer loop
      vertex 19.5 71.5 5.5
      vertex 12.5 71.5 2.5
      vertex 19.5 71.5 2.5
    endloop
  endfacet
  facet normal 0.956932 -0.290311 0
    outer loop
      vertex 60.8829 84.149 9
      vertex 61.3069 85.5466 2.5
      vertex 61.3069 85.5466 9
    endloop
  endfacet
  facet normal 0.956932 -0.290311 0
    outer loop
      vertex 61.3069 85.5466 2.5
      vertex 60.8829 84.149 9
      vertex 60.8829 84.149 2.5
    endloop
  endfacet
  facet normal 0.995188 -0.097985 0
    outer loop
      vertex 61.3069 85.5466 9
      vertex 61.45 87 2.5
      vertex 61.45 87 9
    endloop
  endfacet
  facet normal 0.995188 -0.097985 0
    outer loop
      vertex 61.45 87 2.5
      vertex 61.3069 85.5466 9
      vertex 61.3069 85.5466 2.5
    endloop
  endfacet
  facet normal 0.881936 -0.47137 0
    outer loop
      vertex 60.1945 82.861 9
      vertex 60.8829 84.149 2.5
      vertex 60.8829 84.149 9
    endloop
  endfacet
  facet normal 0.881936 -0.47137 0
    outer loop
      vertex 60.8829 84.149 2.5
      vertex 60.1945 82.861 9
      vertex 60.1945 82.861 2.5
    endloop
  endfacet
  facet normal 0.772965 -0.634449 0
    outer loop
      vertex 59.2679 81.7321 9
      vertex 60.1945 82.861 2.5
      vertex 60.1945 82.861 9
    endloop
  endfacet
  facet normal 0.772965 -0.634449 0
    outer loop
      vertex 60.1945 82.861 2.5
      vertex 59.2679 81.7321 9
      vertex 59.2679 81.7321 2.5
    endloop
  endfacet
  facet normal 0.0980528 -0.995181 0
    outer loop
      vertex 54 79.55 2.5
      vertex 55.4534 79.6932 9
      vertex 54 79.55 9
    endloop
  endfacet
  facet normal 0.0980528 -0.995181 0
    outer loop
      vertex 55.4534 79.6932 9
      vertex 54 79.55 2.5
      vertex 55.4534 79.6932 2.5
    endloop
  endfacet
  facet normal 0.47137 -0.881936 0
    outer loop
      vertex 56.851 80.1171 2.5
      vertex 58.139 80.8055 9
      vertex 56.851 80.1171 9
    endloop
  endfacet
  facet normal 0.47137 -0.881936 0
    outer loop
      vertex 58.139 80.8055 9
      vertex 56.851 80.1171 2.5
      vertex 58.139 80.8055 2.5
    endloop
  endfacet
  facet normal -0.956932 0.290311 0
    outer loop
      vertex 46.6931 88.4534 2.5
      vertex 47.1171 89.851 9
      vertex 47.1171 89.851 2.5
    endloop
  endfacet
  facet normal -0.956932 0.290311 0
    outer loop
      vertex 47.1171 89.851 9
      vertex 46.6931 88.4534 2.5
      vertex 46.6931 88.4534 9
    endloop
  endfacet
  facet normal -0.47137 -0.881936 0
    outer loop
      vertex 49.861 80.8055 2.5
      vertex 51.149 80.1171 9
      vertex 49.861 80.8055 9
    endloop
  endfacet
  facet normal -0.47137 -0.881936 -0
    outer loop
      vertex 51.149 80.1171 9
      vertex 49.861 80.8055 2.5
      vertex 51.149 80.1171 2.5
    endloop
  endfacet
  facet normal 0.995188 0.097985 0
    outer loop
      vertex 61.45 87 9
      vertex 61.3069 88.4534 2.5
      vertex 61.3069 88.4534 9
    endloop
  endfacet
  facet normal 0.995188 0.097985 0
    outer loop
      vertex 61.3069 88.4534 2.5
      vertex 61.45 87 9
      vertex 61.45 87 2.5
    endloop
  endfacet
  facet normal 0.772965 0.634449 0
    outer loop
      vertex 60.1945 91.139 9
      vertex 59.2679 92.2679 2.5
      vertex 59.2679 92.2679 9
    endloop
  endfacet
  facet normal 0.772965 0.634449 0
    outer loop
      vertex 59.2679 92.2679 2.5
      vertex 60.1945 91.139 9
      vertex 60.1945 91.139 2.5
    endloop
  endfacet
  facet normal -0.772965 -0.634449 0
    outer loop
      vertex 48.7321 81.7321 2.5
      vertex 47.8055 82.861 9
      vertex 47.8055 82.861 2.5
    endloop
  endfacet
  facet normal -0.772965 -0.634449 0
    outer loop
      vertex 47.8055 82.861 9
      vertex 48.7321 81.7321 2.5
      vertex 48.7321 81.7321 9
    endloop
  endfacet
  facet normal 0 0 1
    outer loop
      vertex 60.1 87 9
      vertex 61.45 87 9
      vertex 61.3069 88.4534 9
    endloop
  endfacet
  facet normal 0 0 1
    outer loop
      vertex 59.9828 88.19 9
      vertex 61.3069 88.4534 9
      vertex 60.8829 89.851 9
    endloop
  endfacet
  facet normal 0 0 1
    outer loop
      vertex 61.45 87 9
      vertex 60.1 87 9
      vertex 61.3069 85.5466 9
    endloop
  endfacet
  facet normal 0 0 1
    outer loop
      vertex 59.6357 89.3344 9
      vertex 60.8829 89.851 9
      vertex 60.1945 91.139 9
    endloop
  endfacet
  facet normal -0 0 1
    outer loop
      vertex 59.9828 85.81 9
      vertex 61.3069 85.5466 9
      vertex 60.1 87 9
    endloop
  endfacet
  facet normal 0 0 1
    outer loop
      vertex 61.3069 85.5466 9
      vertex 59.9828 85.81 9
      vertex 60.8829 84.149 9
    endloop
  endfacet
  facet normal 0 0 1
    outer loop
      vertex 61.3069 88.4534 9
      vertex 59.9828 88.19 9
      vertex 60.1 87 9
    endloop
  endfacet
  facet normal 0 0 1
    outer loop
      vertex 60.8829 89.851 9
      vertex 59.6357 89.3344 9
      vertex 59.9828 88.19 9
    endloop
  endfacet
  facet normal 0 0 1
    outer loop
      vertex 59.072 90.389 9
      vertex 60.1945 91.139 9
      vertex 59.2679 92.2679 9
    endloop
  endfacet
  facet normal 0 0 1
    outer loop
      vertex 60.1945 91.139 9
      vertex 59.072 90.389 9
      vertex 59.6357 89.3344 9
    endloop
  endfacet
  facet normal 0 0 1
    outer loop
      vertex 59.2679 92.2679 9
      vertex 58.3134 91.3134 9
      vertex 59.072 90.389 9
    endloop
  endfacet
  facet normal 0 0 1
    outer loop
      vertex 58.139 93.1945 9
      vertex 58.3134 91.3134 9
      vertex 59.2679 92.2679 9
    endloop
  endfacet
  facet normal 0 0 1
    outer loop
      vertex 58.139 93.1945 9
      vertex 57.389 92.072 9
      vertex 58.3134 91.3134 9
    endloop
  endfacet
  facet normal 0 0 1
    outer loop
      vertex 56.851 93.8829 9
      vertex 57.389 92.072 9
      vertex 58.139 93.1945 9
    endloop
  endfacet
  facet normal 0 0 1
    outer loop
      vertex 56.851 93.8829 9
      vertex 56.3344 92.6357 9
      vertex 57.389 92.072 9
    endloop
  endfacet
  facet normal 0 0 1
    outer loop
      vertex 55.4534 94.3068 9
      vertex 56.3344 92.6357 9
      vertex 56.851 93.8829 9
    endloop
  endfacet
  facet normal 0 0 1
    outer loop
      vertex 55.4534 94.3068 9
      vertex 55.19 92.9828 9
      vertex 56.3344 92.6357 9
    endloop
  endfacet
  facet normal 0 0 1
    outer loop
      vertex 54 94.45 9
      vertex 55.19 92.9828 9
      vertex 55.4534 94.3068 9
    endloop
  endfacet
  facet normal 0 0 1
    outer loop
      vertex 54 94.45 9
      vertex 54 93.1 9
      vertex 55.19 92.9828 9
    endloop
  endfacet
  facet normal 0 0 1
    outer loop
      vertex 54 94.45 9
      vertex 52.81 92.9828 9
      vertex 54 93.1 9
    endloop
  endfacet
  facet normal -0 0 1
    outer loop
      vertex 52.5466 94.3068 9
      vertex 52.81 92.9828 9
      vertex 54 94.45 9
    endloop
  endfacet
  facet normal 0 0 1
    outer loop
      vertex 52.5466 94.3068 9
      vertex 51.6656 92.6357 9
      vertex 52.81 92.9828 9
    endloop
  endfacet
  facet normal -0 0 1
    outer loop
      vertex 51.149 93.8829 9
      vertex 51.6656 92.6357 9
      vertex 52.5466 94.3068 9
    endloop
  endfacet
  facet normal 0 0 1
    outer loop
      vertex 51.149 93.8829 9
      vertex 50.611 92.072 9
      vertex 51.6656 92.6357 9
    endloop
  endfacet
  facet normal -0 0 1
    outer loop
      vertex 49.861 93.1945 9
      vertex 50.611 92.072 9
      vertex 51.149 93.8829 9
    endloop
  endfacet
  facet normal 0 0 1
    outer loop
      vertex 49.861 93.1945 9
      vertex 49.6866 91.3134 9
      vertex 50.611 92.072 9
    endloop
  endfacet
  facet normal -0 0 1
    outer loop
      vertex 48.7321 92.2679 9
      vertex 49.6866 91.3134 9
      vertex 49.861 93.1945 9
    endloop
  endfacet
  facet normal 0 0 1
    outer loop
      vertex 49.6866 91.3134 9
      vertex 48.7321 92.2679 9
      vertex 48.928 90.389 9
    endloop
  endfacet
  facet normal -0 0 1
    outer loop
      vertex 47.8055 91.139 9
      vertex 48.928 90.389 9
      vertex 48.7321 92.2679 9
    endloop
  endfacet
  facet normal 0 0 1
    outer loop
      vertex 48.928 90.389 9
      vertex 47.8055 91.139 9
      vertex 48.3643 89.3344 9
    endloop
  endfacet
  facet normal 0 0 1
    outer loop
      vertex 48.3643 89.3344 9
      vertex 47.1171 89.851 9
      vertex 48.0172 88.19 9
    endloop
  endfacet
  facet normal -0 0 1
    outer loop
      vertex 47.1171 89.851 9
      vertex 48.3643 89.3344 9
      vertex 47.8055 91.139 9
    endloop
  endfacet
  facet normal -0 0 1
    outer loop
      vertex 59.6357 84.6656 9
      vertex 60.8829 84.149 9
      vertex 59.9828 85.81 9
    endloop
  endfacet
  facet normal 0 0 1
    outer loop
      vertex 60.8829 84.149 9
      vertex 59.6357 84.6656 9
      vertex 60.1945 82.861 9
    endloop
  endfacet
  facet normal -0 0 1
    outer loop
      vertex 59.072 83.611 9
      vertex 60.1945 82.861 9
      vertex 59.6357 84.6656 9
    endloop
  endfacet
  facet normal 0 0 1
    outer loop
      vertex 60.1945 82.861 9
      vertex 59.072 83.611 9
      vertex 59.2679 81.7321 9
    endloop
  endfacet
  facet normal -0 0 1
    outer loop
      vertex 58.3134 82.6866 9
      vertex 59.2679 81.7321 9
      vertex 59.072 83.611 9
    endloop
  endfacet
  facet normal 0 0 1
    outer loop
      vertex 58.3134 82.6866 9
      vertex 58.139 80.8055 9
      vertex 59.2679 81.7321 9
    endloop
  endfacet
  facet normal -0 0 1
    outer loop
      vertex 57.389 81.928 9
      vertex 58.139 80.8055 9
      vertex 58.3134 82.6866 9
    endloop
  endfacet
  facet normal 0 0 1
    outer loop
      vertex 57.389 81.928 9
      vertex 56.851 80.1171 9
      vertex 58.139 80.8055 9
    endloop
  endfacet
  facet normal -0 0 1
    outer loop
      vertex 56.3344 81.3643 9
      vertex 56.851 80.1171 9
      vertex 57.389 81.928 9
    endloop
  endfacet
  facet normal 0 0 1
    outer loop
      vertex 56.3344 81.3643 9
      vertex 55.4534 79.6932 9
      vertex 56.851 80.1171 9
    endloop
  endfacet
  facet normal -0 0 1
    outer loop
      vertex 55.19 81.0172 9
      vertex 55.4534 79.6932 9
      vertex 56.3344 81.3643 9
    endloop
  endfacet
  facet normal -0 0 1
    outer loop
      vertex 54 80.9 9
      vertex 55.4534 79.6932 9
      vertex 55.19 81.0172 9
    endloop
  endfacet
  facet normal 0 0 1
    outer loop
      vertex 54 80.9 9
      vertex 54 79.55 9
      vertex 55.4534 79.6932 9
    endloop
  endfacet
  facet normal 0 0 1
    outer loop
      vertex 52.81 81.0172 9
      vertex 54 79.55 9
      vertex 54 80.9 9
    endloop
  endfacet
  facet normal 0 0 1
    outer loop
      vertex 52.81 81.0172 9
      vertex 52.5466 79.6932 9
      vertex 54 79.55 9
    endloop
  endfacet
  facet normal 0 0 1
    outer loop
      vertex 51.6656 81.3643 9
      vertex 52.5466 79.6932 9
      vertex 52.81 81.0172 9
    endloop
  endfacet
  facet normal 0 0 1
    outer loop
      vertex 51.6656 81.3643 9
      vertex 51.149 80.1171 9
      vertex 52.5466 79.6932 9
    endloop
  endfacet
  facet normal 0 0 1
    outer loop
      vertex 50.611 81.928 9
      vertex 51.149 80.1171 9
      vertex 51.6656 81.3643 9
    endloop
  endfacet
  facet normal 0 0 1
    outer loop
      vertex 50.611 81.928 9
      vertex 49.861 80.8055 9
      vertex 51.149 80.1171 9
    endloop
  endfacet
  facet normal 0 0 1
    outer loop
      vertex 49.6866 82.6866 9
      vertex 49.861 80.8055 9
      vertex 50.611 81.928 9
    endloop
  endfacet
  facet normal 0 0 1
    outer loop
      vertex 48.7321 81.7321 9
      vertex 49.6866 82.6866 9
      vertex 48.928 83.611 9
    endloop
  endfacet
  facet normal 0 0 1
    outer loop
      vertex 49.6866 82.6866 9
      vertex 48.7321 81.7321 9
      vertex 49.861 80.8055 9
    endloop
  endfacet
  facet normal 0 0 1
    outer loop
      vertex 47.8055 82.861 9
      vertex 48.928 83.611 9
      vertex 48.3643 84.6656 9
    endloop
  endfacet
  facet normal 0 0 1
    outer loop
      vertex 47.1171 84.149 9
      vertex 48.3643 84.6656 9
      vertex 48.0172 85.81 9
    endloop
  endfacet
  facet normal 0 0 1
    outer loop
      vertex 48.928 83.611 9
      vertex 47.8055 82.861 9
      vertex 48.7321 81.7321 9
    endloop
  endfacet
  facet normal 0 0 1
    outer loop
      vertex 46.6931 85.5466 9
      vertex 48.0172 85.81 9
      vertex 47.9 87 9
    endloop
  endfacet
  facet normal -0 0 1
    outer loop
      vertex 46.6931 88.4534 9
      vertex 48.0172 88.19 9
      vertex 47.1171 89.851 9
    endloop
  endfacet
  facet normal 0 0 1
    outer loop
      vertex 48.0172 88.19 9
      vertex 46.6931 88.4534 9
      vertex 47.9 87 9
    endloop
  endfacet
  facet normal 0 0 1
    outer loop
      vertex 48.3643 84.6656 9
      vertex 47.1171 84.149 9
      vertex 47.8055 82.861 9
    endloop
  endfacet
  facet normal 0 0 1
    outer loop
      vertex 46.55 87 9
      vertex 47.9 87 9
      vertex 46.6931 88.4534 9
    endloop
  endfacet
  facet normal 0 0 1
    outer loop
      vertex 48.0172 85.81 9
      vertex 46.6931 85.5466 9
      vertex 47.1171 84.149 9
    endloop
  endfacet
  facet normal 0 0 1
    outer loop
      vertex 47.9 87 9
      vertex 46.55 87 9
      vertex 46.6931 85.5466 9
    endloop
  endfacet
  facet normal -0.290249 0.956951 0
    outer loop
      vertex 52.5466 94.3068 2.5
      vertex 51.149 93.8829 9
      vertex 52.5466 94.3068 9
    endloop
  endfacet
  facet normal -0.290249 0.956951 0
    outer loop
      vertex 51.149 93.8829 9
      vertex 52.5466 94.3068 2.5
      vertex 51.149 93.8829 2.5
    endloop
  endfacet
  facet normal 0.634449 -0.772965 0
    outer loop
      vertex 58.139 80.8055 2.5
      vertex 59.2679 81.7321 9
      vertex 58.139 80.8055 9
    endloop
  endfacet
  facet normal 0.634449 -0.772965 0
    outer loop
      vertex 59.2679 81.7321 9
      vertex 58.139 80.8055 2.5
      vertex 59.2679 81.7321 2.5
    endloop
  endfacet
  facet normal -0.0980528 0.995181 0
    outer loop
      vertex 54 94.45 2.5
      vertex 52.5466 94.3068 9
      vertex 54 94.45 9
    endloop
  endfacet
  facet normal -0.0980528 0.995181 0
    outer loop
      vertex 52.5466 94.3068 9
      vertex 54 94.45 2.5
      vertex 52.5466 94.3068 2.5
    endloop
  endfacet
  facet normal -0.634449 -0.772965 0
    outer loop
      vertex 48.7321 81.7321 2.5
      vertex 49.861 80.8055 9
      vertex 48.7321 81.7321 9
    endloop
  endfacet
  facet normal -0.634449 -0.772965 -0
    outer loop
      vertex 49.861 80.8055 9
      vertex 48.7321 81.7321 2.5
      vertex 49.861 80.8055 2.5
    endloop
  endfacet
  facet normal 0.956932 0.290311 0
    outer loop
      vertex 61.3069 88.4534 9
      vertex 60.8829 89.851 2.5
      vertex 60.8829 89.851 9
    endloop
  endfacet
  facet normal 0.956932 0.290311 0
    outer loop
      vertex 60.8829 89.851 2.5
      vertex 61.3069 88.4534 9
      vertex 61.3069 88.4534 2.5
    endloop
  endfacet
  facet normal 0.881936 0.47137 0
    outer loop
      vertex 60.8829 89.851 9
      vertex 60.1945 91.139 2.5
      vertex 60.1945 91.139 9
    endloop
  endfacet
  facet normal 0.881936 0.47137 0
    outer loop
      vertex 60.1945 91.139 2.5
      vertex 60.8829 89.851 9
      vertex 60.8829 89.851 2.5
    endloop
  endfacet
  facet normal -0.881936 0.47137 0
    outer loop
      vertex 47.1171 89.851 2.5
      vertex 47.8055 91.139 9
      vertex 47.8055 91.139 2.5
    endloop
  endfacet
  facet normal -0.881936 0.47137 0
    outer loop
      vertex 47.8055 91.139 9
      vertex 47.1171 89.851 2.5
      vertex 47.1171 89.851 9
    endloop
  endfacet
  facet normal 0.47137 0.881936 -0
    outer loop
      vertex 58.139 93.1945 2.5
      vertex 56.851 93.8829 9
      vertex 58.139 93.1945 9
    endloop
  endfacet
  facet normal 0.47137 0.881936 0
    outer loop
      vertex 56.851 93.8829 9
      vertex 58.139 93.1945 2.5
      vertex 56.851 93.8829 2.5
    endloop
  endfacet
  facet normal 0.634449 0.772965 -0
    outer loop
      vertex 59.2679 92.2679 2.5
      vertex 58.139 93.1945 9
      vertex 59.2679 92.2679 9
    endloop
  endfacet
  facet normal 0.634449 0.772965 0
    outer loop
      vertex 58.139 93.1945 9
      vertex 59.2679 92.2679 2.5
      vertex 58.139 93.1945 2.5
    endloop
  endfacet
  facet normal -0.290249 -0.956951 0
    outer loop
      vertex 51.149 80.1171 2.5
      vertex 52.5466 79.6932 9
      vertex 51.149 80.1171 9
    endloop
  endfacet
  facet normal -0.290249 -0.956951 -0
    outer loop
      vertex 52.5466 79.6932 9
      vertex 51.149 80.1171 2.5
      vertex 52.5466 79.6932 2.5
    endloop
  endfacet
  facet normal 0.0980528 0.995181 -0
    outer loop
      vertex 55.4534 94.3068 2.5
      vertex 54 94.45 9
      vertex 55.4534 94.3068 9
    endloop
  endfacet
  facet normal 0.0980528 0.995181 0
    outer loop
      vertex 54 94.45 9
      vertex 55.4534 94.3068 2.5
      vertex 54 94.45 2.5
    endloop
  endfacet
  facet normal -0.634449 0.772965 0
    outer loop
      vertex 49.861 93.1945 2.5
      vertex 48.7321 92.2679 9
      vertex 49.861 93.1945 9
    endloop
  endfacet
  facet normal -0.634449 0.772965 0
    outer loop
      vertex 48.7321 92.2679 9
      vertex 49.861 93.1945 2.5
      vertex 48.7321 92.2679 2.5
    endloop
  endfacet
  facet normal -0.881936 -0.47137 0
    outer loop
      vertex 47.8055 82.861 2.5
      vertex 47.1171 84.149 9
      vertex 47.1171 84.149 2.5
    endloop
  endfacet
  facet normal -0.881936 -0.47137 0
    outer loop
      vertex 47.1171 84.149 9
      vertex 47.8055 82.861 2.5
      vertex 47.8055 82.861 9
    endloop
  endfacet
  facet normal -0.0980528 -0.995181 0
    outer loop
      vertex 52.5466 79.6932 2.5
      vertex 54 79.55 9
      vertex 52.5466 79.6932 9
    endloop
  endfacet
  facet normal -0.0980528 -0.995181 -0
    outer loop
      vertex 54 79.55 9
      vertex 52.5466 79.6932 2.5
      vertex 54 79.55 2.5
    endloop
  endfacet
  facet normal 0.290249 -0.956951 0
    outer loop
      vertex 55.4534 79.6932 2.5
      vertex 56.851 80.1171 9
      vertex 55.4534 79.6932 9
    endloop
  endfacet
  facet normal 0.290249 -0.956951 0
    outer loop
      vertex 56.851 80.1171 9
      vertex 55.4534 79.6932 2.5
      vertex 56.851 80.1171 2.5
    endloop
  endfacet
  facet normal 0 0 -1
    outer loop
      vertex 60.1 87 2.5
      vertex 61.45 87 2.5
      vertex 61.3069 85.5466 2.5
    endloop
  endfacet
  facet normal 0 0 -1
    outer loop
      vertex 59.9828 85.81 2.5
      vertex 61.3069 85.5466 2.5
      vertex 60.8829 84.149 2.5
    endloop
  endfacet
  facet normal 0 0 -1
    outer loop
      vertex 61.45 87 2.5
      vertex 60.1 87 2.5
      vertex 61.3069 88.4534 2.5
    endloop
  endfacet
  facet normal 0 0 -1
    outer loop
      vertex 59.6357 84.6656 2.5
      vertex 60.8829 84.149 2.5
      vertex 60.1945 82.861 2.5
    endloop
  endfacet
  facet normal 0 0 -1
    outer loop
      vertex 59.9828 88.19 2.5
      vertex 61.3069 88.4534 2.5
      vertex 60.1 87 2.5
    endloop
  endfacet
  facet normal -0 0 -1
    outer loop
      vertex 61.3069 88.4534 2.5
      vertex 59.9828 88.19 2.5
      vertex 60.8829 89.851 2.5
    endloop
  endfacet
  facet normal 0 0 -1
    outer loop
      vertex 61.3069 85.5466 2.5
      vertex 59.9828 85.81 2.5
      vertex 60.1 87 2.5
    endloop
  endfacet
  facet normal 0 0 -1
    outer loop
      vertex 60.8829 84.149 2.5
      vertex 59.6357 84.6656 2.5
      vertex 59.9828 85.81 2.5
    endloop
  endfacet
  facet normal 0 0 -1
    outer loop
      vertex 59.072 83.611 2.5
      vertex 60.1945 82.861 2.5
      vertex 59.2679 81.7321 2.5
    endloop
  endfacet
  facet normal 0 0 -1
    outer loop
      vertex 60.1945 82.861 2.5
      vertex 59.072 83.611 2.5
      vertex 59.6357 84.6656 2.5
    endloop
  endfacet
  facet normal 0 0 -1
    outer loop
      vertex 59.2679 81.7321 2.5
      vertex 58.3134 82.6866 2.5
      vertex 59.072 83.611 2.5
    endloop
  endfacet
  facet normal 0 0 -1
    outer loop
      vertex 58.139 80.8055 2.5
      vertex 58.3134 82.6866 2.5
      vertex 59.2679 81.7321 2.5
    endloop
  endfacet
  facet normal 0 0 -1
    outer loop
      vertex 58.139 80.8055 2.5
      vertex 57.389 81.928 2.5
      vertex 58.3134 82.6866 2.5
    endloop
  endfacet
  facet normal 0 0 -1
    outer loop
      vertex 56.851 80.1171 2.5
      vertex 57.389 81.928 2.5
      vertex 58.139 80.8055 2.5
    endloop
  endfacet
  facet normal 0 0 -1
    outer loop
      vertex 56.851 80.1171 2.5
      vertex 56.3344 81.3643 2.5
      vertex 57.389 81.928 2.5
    endloop
  endfacet
  facet normal 0 0 -1
    outer loop
      vertex 55.4534 79.6932 2.5
      vertex 56.3344 81.3643 2.5
      vertex 56.851 80.1171 2.5
    endloop
  endfacet
  facet normal 0 0 -1
    outer loop
      vertex 55.4534 79.6932 2.5
      vertex 55.19 81.0172 2.5
      vertex 56.3344 81.3643 2.5
    endloop
  endfacet
  facet normal 0 0 -1
    outer loop
      vertex 54 79.55 2.5
      vertex 55.19 81.0172 2.5
      vertex 55.4534 79.6932 2.5
    endloop
  endfacet
  facet normal 0 0 -1
    outer loop
      vertex 54 79.55 2.5
      vertex 54 80.9 2.5
      vertex 55.19 81.0172 2.5
    endloop
  endfacet
  facet normal 0 0 -1
    outer loop
      vertex 54 79.55 2.5
      vertex 52.81 81.0172 2.5
      vertex 54 80.9 2.5
    endloop
  endfacet
  facet normal 0 0 -1
    outer loop
      vertex 52.5466 79.6932 2.5
      vertex 52.81 81.0172 2.5
      vertex 54 79.55 2.5
    endloop
  endfacet
  facet normal 0 0 -1
    outer loop
      vertex 52.5466 79.6932 2.5
      vertex 51.6656 81.3643 2.5
      vertex 52.81 81.0172 2.5
    endloop
  endfacet
  facet normal 0 0 -1
    outer loop
      vertex 51.149 80.1171 2.5
      vertex 51.6656 81.3643 2.5
      vertex 52.5466 79.6932 2.5
    endloop
  endfacet
  facet normal 0 0 -1
    outer loop
      vertex 51.149 80.1171 2.5
      vertex 50.611 81.928 2.5
      vertex 51.6656 81.3643 2.5
    endloop
  endfacet
  facet normal 0 0 -1
    outer loop
      vertex 49.861 80.8055 2.5
      vertex 50.611 81.928 2.5
      vertex 51.149 80.1171 2.5
    endloop
  endfacet
  facet normal 0 0 -1
    outer loop
      vertex 49.861 80.8055 2.5
      vertex 49.6866 82.6866 2.5
      vertex 50.611 81.928 2.5
    endloop
  endfacet
  facet normal 0 0 -1
    outer loop
      vertex 48.7321 81.7321 2.5
      vertex 49.6866 82.6866 2.5
      vertex 49.861 80.8055 2.5
    endloop
  endfacet
  facet normal -0 0 -1
    outer loop
      vertex 49.6866 82.6866 2.5
      vertex 48.7321 81.7321 2.5
      vertex 48.928 83.611 2.5
    endloop
  endfacet
  facet normal 0 0 -1
    outer loop
      vertex 47.8055 82.861 2.5
      vertex 48.928 83.611 2.5
      vertex 48.7321 81.7321 2.5
    endloop
  endfacet
  facet normal -0 0 -1
    outer loop
      vertex 48.928 83.611 2.5
      vertex 47.8055 82.861 2.5
      vertex 48.3643 84.6656 2.5
    endloop
  endfacet
  facet normal -0 0 -1
    outer loop
      vertex 48.3643 84.6656 2.5
      vertex 47.1171 84.149 2.5
      vertex 48.0172 85.81 2.5
    endloop
  endfacet
  facet normal 0 0 -1
    outer loop
      vertex 47.1171 84.149 2.5
      vertex 48.3643 84.6656 2.5
      vertex 47.8055 82.861 2.5
    endloop
  endfacet
  facet normal 0 0 -1
    outer loop
      vertex 59.6357 89.3344 2.5
      vertex 60.8829 89.851 2.5
      vertex 59.9828 88.19 2.5
    endloop
  endfacet
  facet normal -0 0 -1
    outer loop
      vertex 60.8829 89.851 2.5
      vertex 59.6357 89.3344 2.5
      vertex 60.1945 91.139 2.5
    endloop
  endfacet
  facet normal 0 0 -1
    outer loop
      vertex 59.072 90.389 2.5
      vertex 60.1945 91.139 2.5
      vertex 59.6357 89.3344 2.5
    endloop
  endfacet
  facet normal -0 0 -1
    outer loop
      vertex 60.1945 91.139 2.5
      vertex 59.072 90.389 2.5
      vertex 59.2679 92.2679 2.5
    endloop
  endfacet
  facet normal 0 0 -1
    outer loop
      vertex 58.3134 91.3134 2.5
      vertex 59.2679 92.2679 2.5
      vertex 59.072 90.389 2.5
    endloop
  endfacet
  facet normal 0 0 -1
    outer loop
      vertex 58.3134 91.3134 2.5
      vertex 58.139 93.1945 2.5
      vertex 59.2679 92.2679 2.5
    endloop
  endfacet
  facet normal 0 0 -1
    outer loop
      vertex 57.389 92.072 2.5
      vertex 58.139 93.1945 2.5
      vertex 58.3134 91.3134 2.5
    endloop
  endfacet
  facet normal 0 0 -1
    outer loop
      vertex 57.389 92.072 2.5
      vertex 56.851 93.8829 2.5
      vertex 58.139 93.1945 2.5
    endloop
  endfacet
  facet normal 0 0 -1
    outer loop
      vertex 56.3344 92.6357 2.5
      vertex 56.851 93.8829 2.5
      vertex 57.389 92.072 2.5
    endloop
  endfacet
  facet normal 0 0 -1
    outer loop
      vertex 56.3344 92.6357 2.5
      vertex 55.4534 94.3068 2.5
      vertex 56.851 93.8829 2.5
    endloop
  endfacet
  facet normal 0 0 -1
    outer loop
      vertex 55.19 92.9828 2.5
      vertex 55.4534 94.3068 2.5
      vertex 56.3344 92.6357 2.5
    endloop
  endfacet
  facet normal 0 0 -1
    outer loop
      vertex 54 93.1 2.5
      vertex 55.4534 94.3068 2.5
      vertex 55.19 92.9828 2.5
    endloop
  endfacet
  facet normal 0 0 -1
    outer loop
      vertex 54 93.1 2.5
      vertex 54 94.45 2.5
      vertex 55.4534 94.3068 2.5
    endloop
  endfacet
  facet normal 0 0 -1
    outer loop
      vertex 52.81 92.9828 2.5
      vertex 54 94.45 2.5
      vertex 54 93.1 2.5
    endloop
  endfacet
  facet normal 0 0 -1
    outer loop
      vertex 52.81 92.9828 2.5
      vertex 52.5466 94.3068 2.5
      vertex 54 94.45 2.5
    endloop
  endfacet
  facet normal 0 0 -1
    outer loop
      vertex 51.6656 92.6357 2.5
      vertex 52.5466 94.3068 2.5
      vertex 52.81 92.9828 2.5
    endloop
  endfacet
  facet normal 0 0 -1
    outer loop
      vertex 51.6656 92.6357 2.5
      vertex 51.149 93.8829 2.5
      vertex 52.5466 94.3068 2.5
    endloop
  endfacet
  facet normal 0 0 -1
    outer loop
      vertex 50.611 92.072 2.5
      vertex 51.149 93.8829 2.5
      vertex 51.6656 92.6357 2.5
    endloop
  endfacet
  facet normal 0 0 -1
    outer loop
      vertex 50.611 92.072 2.5
      vertex 49.861 93.1945 2.5
      vertex 51.149 93.8829 2.5
    endloop
  endfacet
  facet normal 0 0 -1
    outer loop
      vertex 49.6866 91.3134 2.5
      vertex 49.861 93.1945 2.5
      vertex 50.611 92.072 2.5
    endloop
  endfacet
  facet normal 0 0 -1
    outer loop
      vertex 48.7321 92.2679 2.5
      vertex 49.6866 91.3134 2.5
      vertex 48.928 90.389 2.5
    endloop
  endfacet
  facet normal 0 0 -1
    outer loop
      vertex 49.6866 91.3134 2.5
      vertex 48.7321 92.2679 2.5
      vertex 49.861 93.1945 2.5
    endloop
  endfacet
  facet normal 0 0 -1
    outer loop
      vertex 47.8055 91.139 2.5
      vertex 48.928 90.389 2.5
      vertex 48.3643 89.3344 2.5
    endloop
  endfacet
  facet normal 0 0 -1
    outer loop
      vertex 47.1171 89.851 2.5
      vertex 48.3643 89.3344 2.5
      vertex 48.0172 88.19 2.5
    endloop
  endfacet
  facet normal 0 0 -1
    outer loop
      vertex 48.928 90.389 2.5
      vertex 47.8055 91.139 2.5
      vertex 48.7321 92.2679 2.5
    endloop
  endfacet
  facet normal 0 0 -1
    outer loop
      vertex 46.6931 88.4534 2.5
      vertex 48.0172 88.19 2.5
      vertex 47.9 87 2.5
    endloop
  endfacet
  facet normal 0 0 -1
    outer loop
      vertex 46.6931 85.5466 2.5
      vertex 48.0172 85.81 2.5
      vertex 47.1171 84.149 2.5
    endloop
  endfacet
  facet normal -0 0 -1
    outer loop
      vertex 48.0172 85.81 2.5
      vertex 46.6931 85.5466 2.5
      vertex 47.9 87 2.5
    endloop
  endfacet
  facet normal 0 0 -1
    outer loop
      vertex 48.3643 89.3344 2.5
      vertex 47.1171 89.851 2.5
      vertex 47.8055 91.139 2.5
    endloop
  endfacet
  facet normal 0 0 -1
    outer loop
      vertex 46.55 87 2.5
      vertex 47.9 87 2.5
      vertex 46.6931 85.5466 2.5
    endloop
  endfacet
  facet normal 0 0 -1
    outer loop
      vertex 48.0172 88.19 2.5
      vertex 46.6931 88.4534 2.5
      vertex 47.1171 89.851 2.5
    endloop
  endfacet
  facet normal 0 0 -1
    outer loop
      vertex 47.9 87 2.5
      vertex 46.55 87 2.5
      vertex 46.6931 88.4534 2.5
    endloop
  endfacet
  facet normal -0.772965 0.634449 0
    outer loop
      vertex 47.8055 91.139 2.5
      vertex 48.7321 92.2679 9
      vertex 48.7321 92.2679 2.5
    endloop
  endfacet
  facet normal -0.772965 0.634449 0
    outer loop
      vertex 48.7321 92.2679 9
      vertex 47.8055 91.139 2.5
      vertex 47.8055 91.139 9
    endloop
  endfacet
  facet normal -0.995188 0.097985 0
    outer loop
      vertex 46.55 87 2.5
      vertex 46.6931 88.4534 9
      vertex 46.6931 88.4534 2.5
    endloop
  endfacet
  facet normal -0.995188 0.097985 0
    outer loop
      vertex 46.6931 88.4534 9
      vertex 46.55 87 2.5
      vertex 46.55 87 9
    endloop
  endfacet
  facet normal -0.47137 0.881936 0
    outer loop
      vertex 51.149 93.8829 2.5
      vertex 49.861 93.1945 9
      vertex 51.149 93.8829 9
    endloop
  endfacet
  facet normal -0.47137 0.881936 0
    outer loop
      vertex 49.861 93.1945 9
      vertex 51.149 93.8829 2.5
      vertex 49.861 93.1945 2.5
    endloop
  endfacet
  facet normal 0.290249 0.956951 -0
    outer loop
      vertex 56.851 93.8829 2.5
      vertex 55.4534 94.3068 9
      vertex 56.851 93.8829 9
    endloop
  endfacet
  facet normal 0.290249 0.956951 0
    outer loop
      vertex 55.4534 94.3068 9
      vertex 56.851 93.8829 2.5
      vertex 55.4534 94.3068 2.5
    endloop
  endfacet
  facet normal -0.956932 -0.290311 0
    outer loop
      vertex 47.1171 84.149 2.5
      vertex 46.6931 85.5466 9
      vertex 46.6931 85.5466 2.5
    endloop
  endfacet
  facet normal -0.956932 -0.290311 0
    outer loop
      vertex 46.6931 85.5466 9
      vertex 47.1171 84.149 2.5
      vertex 47.1171 84.149 9
    endloop
  endfacet
  facet normal -0.995188 -0.097985 0
    outer loop
      vertex 46.6931 85.5466 2.5
      vertex 46.55 87 9
      vertex 46.55 87 2.5
    endloop
  endfacet
  facet normal -0.995188 -0.097985 0
    outer loop
      vertex 46.55 87 9
      vertex 46.6931 85.5466 2.5
      vertex 46.6931 85.5466 9
    endloop
  endfacet
  facet normal 0.290246 0.956952 -0
    outer loop
      vertex 52.81 81.0172 2.5
      vertex 51.6656 81.3643 9
      vertex 52.81 81.0172 9
    endloop
  endfacet
  facet normal 0.290246 0.956952 0
    outer loop
      vertex 51.6656 81.3643 9
      vertex 52.81 81.0172 2.5
      vertex 51.6656 81.3643 2.5
    endloop
  endfacet
  facet normal -0.956952 0.290246 0
    outer loop
      vertex 59.6357 84.6656 2.5
      vertex 59.9828 85.81 9
      vertex 59.9828 85.81 2.5
    endloop
  endfacet
  facet normal -0.956952 0.290246 0
    outer loop
      vertex 59.9828 85.81 9
      vertex 59.6357 84.6656 2.5
      vertex 59.6357 84.6656 9
    endloop
  endfacet
  facet normal -0.995185 0.0980132 0
    outer loop
      vertex 59.9828 85.81 2.5
      vertex 60.1 87 9
      vertex 60.1 87 2.5
    endloop
  endfacet
  facet normal -0.995185 0.0980132 0
    outer loop
      vertex 60.1 87 9
      vertex 59.9828 85.81 2.5
      vertex 59.9828 85.81 9
    endloop
  endfacet
  facet normal -0.88192 0.4714 0
    outer loop
      vertex 59.072 83.611 2.5
      vertex 59.6357 84.6656 9
      vertex 59.6357 84.6656 2.5
    endloop
  endfacet
  facet normal -0.88192 0.4714 0
    outer loop
      vertex 59.6357 84.6656 9
      vertex 59.072 83.611 2.5
      vertex 59.072 83.611 9
    endloop
  endfacet
  facet normal 0.995185 -0.0980132 0
    outer loop
      vertex 47.9 87 9
      vertex 48.0172 88.19 2.5
      vertex 48.0172 88.19 9
    endloop
  endfacet
  facet normal 0.995185 -0.0980132 0
    outer loop
      vertex 48.0172 88.19 2.5
      vertex 47.9 87 9
      vertex 47.9 87 2.5
    endloop
  endfacet
  facet normal -0.634376 -0.773025 0
    outer loop
      vertex 57.389 92.072 2.5
      vertex 58.3134 91.3134 9
      vertex 57.389 92.072 9
    endloop
  endfacet
  facet normal -0.634376 -0.773025 -0
    outer loop
      vertex 58.3134 91.3134 9
      vertex 57.389 92.072 2.5
      vertex 58.3134 91.3134 2.5
    endloop
  endfacet
  facet normal -0.995185 -0.0980132 0
    outer loop
      vertex 60.1 87 2.5
      vertex 59.9828 88.19 9
      vertex 59.9828 88.19 2.5
    endloop
  endfacet
  facet normal -0.995185 -0.0980132 0
    outer loop
      vertex 59.9828 88.19 9
      vertex 60.1 87 2.5
      vertex 60.1 87 9
    endloop
  endfacet
  facet normal -0.290246 -0.956952 0
    outer loop
      vertex 55.19 92.9828 2.5
      vertex 56.3344 92.6357 9
      vertex 55.19 92.9828 9
    endloop
  endfacet
  facet normal -0.290246 -0.956952 -0
    outer loop
      vertex 56.3344 92.6357 9
      vertex 55.19 92.9828 2.5
      vertex 56.3344 92.6357 2.5
    endloop
  endfacet
  facet normal -0.773025 0.634376 0
    outer loop
      vertex 58.3134 82.6866 2.5
      vertex 59.072 83.611 9
      vertex 59.072 83.611 2.5
    endloop
  endfacet
  facet normal -0.773025 0.634376 0
    outer loop
      vertex 59.072 83.611 9
      vertex 58.3134 82.6866 2.5
      vertex 58.3134 82.6866 9
    endloop
  endfacet
  facet normal 0.88192 -0.4714 0
    outer loop
      vertex 48.3643 89.3344 9
      vertex 48.928 90.389 2.5
      vertex 48.928 90.389 9
    endloop
  endfacet
  facet normal 0.88192 -0.4714 0
    outer loop
      vertex 48.928 90.389 2.5
      vertex 48.3643 89.3344 9
      vertex 48.3643 89.3344 2.5
    endloop
  endfacet
  facet normal 0.773025 0.634376 0
    outer loop
      vertex 49.6866 82.6866 9
      vertex 48.928 83.611 2.5
      vertex 48.928 83.611 9
    endloop
  endfacet
  facet normal 0.773025 0.634376 0
    outer loop
      vertex 48.928 83.611 2.5
      vertex 49.6866 82.6866 9
      vertex 49.6866 82.6866 2.5
    endloop
  endfacet
  facet normal -0.88192 -0.4714 0
    outer loop
      vertex 59.6357 89.3344 2.5
      vertex 59.072 90.389 9
      vertex 59.072 90.389 2.5
    endloop
  endfacet
  facet normal -0.88192 -0.4714 0
    outer loop
      vertex 59.072 90.389 9
      vertex 59.6357 89.3344 2.5
      vertex 59.6357 89.3344 9
    endloop
  endfacet
  facet normal -0.0980132 0.995185 0
    outer loop
      vertex 55.19 81.0172 2.5
      vertex 54 80.9 9
      vertex 55.19 81.0172 9
    endloop
  endfacet
  facet normal -0.0980132 0.995185 0
    outer loop
      vertex 54 80.9 9
      vertex 55.19 81.0172 2.5
      vertex 54 80.9 2.5
    endloop
  endfacet
  facet normal -0.956952 -0.290246 0
    outer loop
      vertex 59.9828 88.19 2.5
      vertex 59.6357 89.3344 9
      vertex 59.6357 89.3344 2.5
    endloop
  endfacet
  facet normal -0.956952 -0.290246 0
    outer loop
      vertex 59.6357 89.3344 9
      vertex 59.9828 88.19 2.5
      vertex 59.9828 88.19 9
    endloop
  endfacet
  facet normal 0.0980132 0.995185 -0
    outer loop
      vertex 54 80.9 2.5
      vertex 52.81 81.0172 9
      vertex 54 80.9 9
    endloop
  endfacet
  facet normal 0.0980132 0.995185 0
    outer loop
      vertex 52.81 81.0172 9
      vertex 54 80.9 2.5
      vertex 52.81 81.0172 2.5
    endloop
  endfacet
  facet normal 0.956952 0.290246 0
    outer loop
      vertex 48.3643 84.6656 9
      vertex 48.0172 85.81 2.5
      vertex 48.0172 85.81 9
    endloop
  endfacet
  facet normal 0.956952 0.290246 0
    outer loop
      vertex 48.0172 85.81 2.5
      vertex 48.3643 84.6656 9
      vertex 48.3643 84.6656 2.5
    endloop
  endfacet
  facet normal 0.290246 -0.956952 0
    outer loop
      vertex 51.6656 92.6357 2.5
      vertex 52.81 92.9828 9
      vertex 51.6656 92.6357 9
    endloop
  endfacet
  facet normal 0.290246 -0.956952 0
    outer loop
      vertex 52.81 92.9828 9
      vertex 51.6656 92.6357 2.5
      vertex 52.81 92.9828 2.5
    endloop
  endfacet
  facet normal 0.4714 0.88192 -0
    outer loop
      vertex 51.6656 81.3643 2.5
      vertex 50.611 81.928 9
      vertex 51.6656 81.3643 9
    endloop
  endfacet
  facet normal 0.4714 0.88192 0
    outer loop
      vertex 50.611 81.928 9
      vertex 51.6656 81.3643 2.5
      vertex 50.611 81.928 2.5
    endloop
  endfacet
  facet normal 0.0980132 -0.995185 0
    outer loop
      vertex 52.81 92.9828 2.5
      vertex 54 93.1 9
      vertex 52.81 92.9828 9
    endloop
  endfacet
  facet normal 0.0980132 -0.995185 0
    outer loop
      vertex 54 93.1 9
      vertex 52.81 92.9828 2.5
      vertex 54 93.1 2.5
    endloop
  endfacet
  facet normal -0.4714 0.88192 0
    outer loop
      vertex 57.389 81.928 2.5
      vertex 56.3344 81.3643 9
      vertex 57.389 81.928 9
    endloop
  endfacet
  facet normal -0.4714 0.88192 0
    outer loop
      vertex 56.3344 81.3643 9
      vertex 57.389 81.928 2.5
      vertex 56.3344 81.3643 2.5
    endloop
  endfacet
  facet normal 0.634376 -0.773025 0
    outer loop
      vertex 49.6866 91.3134 2.5
      vertex 50.611 92.072 9
      vertex 49.6866 91.3134 9
    endloop
  endfacet
  facet normal 0.634376 -0.773025 0
    outer loop
      vertex 50.611 92.072 9
      vertex 49.6866 91.3134 2.5
      vertex 50.611 92.072 2.5
    endloop
  endfacet
  facet normal -0.290246 0.956952 0
    outer loop
      vertex 56.3344 81.3643 2.5
      vertex 55.19 81.0172 9
      vertex 56.3344 81.3643 9
    endloop
  endfacet
  facet normal -0.290246 0.956952 0
    outer loop
      vertex 55.19 81.0172 9
      vertex 56.3344 81.3643 2.5
      vertex 55.19 81.0172 2.5
    endloop
  endfacet
  facet normal -0.4714 -0.88192 0
    outer loop
      vertex 56.3344 92.6357 2.5
      vertex 57.389 92.072 9
      vertex 56.3344 92.6357 9
    endloop
  endfacet
  facet normal -0.4714 -0.88192 -0
    outer loop
      vertex 57.389 92.072 9
      vertex 56.3344 92.6357 2.5
      vertex 57.389 92.072 2.5
    endloop
  endfacet
  facet normal 0.88192 0.4714 0
    outer loop
      vertex 48.928 83.611 9
      vertex 48.3643 84.6656 2.5
      vertex 48.3643 84.6656 9
    endloop
  endfacet
  facet normal 0.88192 0.4714 0
    outer loop
      vertex 48.3643 84.6656 2.5
      vertex 48.928 83.611 9
      vertex 48.928 83.611 2.5
    endloop
  endfacet
  facet normal 0.634376 0.773025 -0
    outer loop
      vertex 50.611 81.928 2.5
      vertex 49.6866 82.6866 9
      vertex 50.611 81.928 9
    endloop
  endfacet
  facet normal 0.634376 0.773025 0
    outer loop
      vertex 49.6866 82.6866 9
      vertex 50.611 81.928 2.5
      vertex 49.6866 82.6866 2.5
    endloop
  endfacet
  facet normal 0.4714 -0.88192 0
    outer loop
      vertex 50.611 92.072 2.5
      vertex 51.6656 92.6357 9
      vertex 50.611 92.072 9
    endloop
  endfacet
  facet normal 0.4714 -0.88192 0
    outer loop
      vertex 51.6656 92.6357 9
      vertex 50.611 92.072 2.5
      vertex 51.6656 92.6357 2.5
    endloop
  endfacet
  facet normal -0.634376 0.773025 0
    outer loop
      vertex 58.3134 82.6866 2.5
      vertex 57.389 81.928 9
      vertex 58.3134 82.6866 9
    endloop
  endfacet
  facet normal -0.634376 0.773025 0
    outer loop
      vertex 57.389 81.928 9
      vertex 58.3134 82.6866 2.5
      vertex 57.389 81.928 2.5
    endloop
  endfacet
  facet normal 0.773025 -0.634376 0
    outer loop
      vertex 48.928 90.389 9
      vertex 49.6866 91.3134 2.5
      vertex 49.6866 91.3134 9
    endloop
  endfacet
  facet normal 0.773025 -0.634376 0
    outer loop
      vertex 49.6866 91.3134 2.5
      vertex 48.928 90.389 9
      vertex 48.928 90.389 2.5
    endloop
  endfacet
  facet normal -0.0980132 -0.995185 0
    outer loop
      vertex 54 93.1 2.5
      vertex 55.19 92.9828 9
      vertex 54 93.1 9
    endloop
  endfacet
  facet normal -0.0980132 -0.995185 -0
    outer loop
      vertex 55.19 92.9828 9
      vertex 54 93.1 2.5
      vertex 55.19 92.9828 2.5
    endloop
  endfacet
  facet normal 0.956952 -0.290246 0
    outer loop
      vertex 48.0172 88.19 9
      vertex 48.3643 89.3344 2.5
      vertex 48.3643 89.3344 9
    endloop
  endfacet
  facet normal 0.956952 -0.290246 0
    outer loop
      vertex 48.3643 89.3344 2.5
      vertex 48.0172 88.19 9
      vertex 48.0172 88.19 2.5
    endloop
  endfacet
  facet normal -0.773025 -0.634376 0
    outer loop
      vertex 59.072 90.389 2.5
      vertex 58.3134 91.3134 9
      vertex 58.3134 91.3134 2.5
    endloop
  endfacet
  facet normal -0.773025 -0.634376 0
    outer loop
      vertex 58.3134 91.3134 9
      vertex 59.072 90.389 2.5
      vertex 59.072 90.389 9
    endloop
  endfacet
  facet normal 0.995185 0.0980132 0
    outer loop
      vertex 48.0172 85.81 9
      vertex 47.9 87 2.5
      vertex 47.9 87 9
    endloop
  endfacet
  facet normal 0.995185 0.0980132 0
    outer loop
      vertex 47.9 87 2.5
      vertex 48.0172 85.81 9
      vertex 48.0172 85.81 2.5
    endloop
  endfacet
  facet normal 0 0 -1
    outer loop
      vertex 2.5 45 2.5
      vertex 63.5 47 2.5
      vertex 63.5 45 2.5
    endloop
  endfacet
  facet normal -0 0 -1
    outer loop
      vertex 63.5 47 2.5
      vertex 2.5 45 2.5
      vertex 2.5 47 2.5
    endloop
  endfacet
  facet normal -0 0 1
    outer loop
      vertex 2.5 47 4
      vertex 63.5 45 4
      vertex 63.5 47 4
    endloop
  endfacet
  facet normal 0 0 1
    outer loop
      vertex 63.5 45 4
      vertex 2.5 47 4
      vertex 2.5 45 4
    endloop
  endfacet
  facet normal 0 -1 0
    outer loop
      vertex 2.5 45 2.5
      vertex 63.5 45 4
      vertex 2.5 45 4
    endloop
  endfacet
  facet normal 0 -1 -0
    outer loop
      vertex 63.5 45 4
      vertex 2.5 45 2.5
      vertex 63.5 45 2.5
    endloop
  endfacet
  facet normal 0 1 -0
    outer loop
      vertex 63.5 47 2.5
      vertex 2.5 47 4
      vertex 63.5 47 4
    endloop
  endfacet
  facet normal 0 1 0
    outer loop
      vertex 2.5 47 4
      vertex 63.5 47 2.5
      vertex 2.5 47 2.5
    endloop
  endfacet
  facet normal 0 0 1
    outer loop
      vertex 2.91866 5.89524 4
      vertex 3.75 6 4
      vertex 3.82667 6.58234 4
    endloop
  endfacet
  facet normal 0 0 1
    outer loop
      vertex 3.75 6 4
      vertex 2.91866 5.89524 4
      vertex 3.39718 5 4
    endloop
  endfacet
  facet normal -0 0 1
    outer loop
      vertex 2.59849 7 4
      vertex 3.82667 6.58234 4
      vertex 3.99967 7 4
    endloop
  endfacet
  facet normal 0 0 1
    outer loop
      vertex 3.82667 6.58234 4
      vertex 2.60568 6.927 4
      vertex 2.91866 5.89524 4
    endloop
  endfacet
  facet normal 0 0 1
    outer loop
      vertex 3.82667 6.58234 4
      vertex 2.59849 7 4
      vertex 2.60568 6.927 4
    endloop
  endfacet
  facet normal 0 0 1
    outer loop
      vertex 3.82667 5.41766 4
      vertex 3.39718 5 4
      vertex 3.99967 5 4
    endloop
  endfacet
  facet normal 0 0 1
    outer loop
      vertex 3.39718 5 4
      vertex 3.82667 5.41766 4
      vertex 3.75 6 4
    endloop
  endfacet
  facet normal 0 0 1
    outer loop
      vertex 6.7391 6.30615 4
      vertex 6.7391 5.69385 4
      vertex 6.8 6 4
    endloop
  endfacet
  facet normal 0 0 1
    outer loop
      vertex 6.56569 6.56569 4
      vertex 6.7391 5.69385 4
      vertex 6.7391 6.30615 4
    endloop
  endfacet
  facet normal 0 0 1
    outer loop
      vertex 6.56569 6.56569 4
      vertex 6.56569 5.43431 4
      vertex 6.7391 5.69385 4
    endloop
  endfacet
  facet normal 0 0 1
    outer loop
      vertex 6.30615 6.7391 4
      vertex 6.56569 5.43431 4
      vertex 6.56569 6.56569 4
    endloop
  endfacet
  facet normal 0 0 1
    outer loop
      vertex 6.30615 6.7391 4
      vertex 6.30615 5.2609 4
      vertex 6.56569 5.43431 4
    endloop
  endfacet
  facet normal 0 0 1
    outer loop
      vertex 6 6.8 4
      vertex 6.30615 5.2609 4
      vertex 6.30615 6.7391 4
    endloop
  endfacet
  facet normal 0 0 1
    outer loop
      vertex 6 6.8 4
      vertex 6 5.2 4
      vertex 6.30615 5.2609 4
    endloop
  endfacet
  facet normal -0 0 1
    outer loop
      vertex 5.69385 6.7391 4
      vertex 6 5.2 4
      vertex 6 6.8 4
    endloop
  endfacet
  facet normal 0 0 1
    outer loop
      vertex 5.69385 6.7391 4
      vertex 5.69385 5.2609 4
      vertex 6 5.2 4
    endloop
  endfacet
  facet normal -0 0 1
    outer loop
      vertex 5.43431 6.56569 4
      vertex 5.69385 5.2609 4
      vertex 5.69385 6.7391 4
    endloop
  endfacet
  facet normal 0 0 1
    outer loop
      vertex 5.43431 6.56569 4
      vertex 5.43431 5.43431 4
      vertex 5.69385 5.2609 4
    endloop
  endfacet
  facet normal -0 0 1
    outer loop
      vertex 5.2609 6.30615 4
      vertex 5.43431 5.43431 4
      vertex 5.43431 6.56569 4
    endloop
  endfacet
  facet normal 0 0 1
    outer loop
      vertex 5.2609 6.30615 4
      vertex 5.2609 5.69385 4
      vertex 5.43431 5.43431 4
    endloop
  endfacet
  facet normal 0 -0 1
    outer loop
      vertex 5.2609 5.69385 4
      vertex 5.2609 6.30615 4
      vertex 5.2 6 4
    endloop
  endfacet
  facet normal 0 0 1
    outer loop
      vertex 57.8267 6.58234 4
      vertex 8.25 6 4
      vertex 57.75 6 4
    endloop
  endfacet
  facet normal 0 0 1
    outer loop
      vertex 8.17333 6.58234 4
      vertex 57.8267 6.58234 4
      vertex 57.9997 7 4
    endloop
  endfacet
  facet normal 0 0 1
    outer loop
      vertex 57.8267 6.58234 4
      vertex 8.17333 6.58234 4
      vertex 8.25 6 4
    endloop
  endfacet
  facet normal 0 -0 1
    outer loop
      vertex 8.17333 6.58234 4
      vertex 57.9997 7 4
      vertex 8.00033 7 4
    endloop
  endfacet
  facet normal -0 0 1
    outer loop
      vertex 8.25 6 4
      vertex 57.8267 5.41766 4
      vertex 57.75 6 4
    endloop
  endfacet
  facet normal 0 0 1
    outer loop
      vertex 8.17333 5.41766 4
      vertex 57.8267 5.41766 4
      vertex 8.25 6 4
    endloop
  endfacet
  facet normal 0 0 1
    outer loop
      vertex 57.8267 5.41766 4
      vertex 8.17333 5.41766 4
      vertex 57.9997 5 4
    endloop
  endfacet
  facet normal 0 0 1
    outer loop
      vertex 57.9997 5 4
      vertex 8.17333 5.41766 4
      vertex 8.00033 5 4
    endloop
  endfacet
  facet normal 0 0 1
    outer loop
      vertex 60.7391 6.30615 4
      vertex 60.7391 5.69385 4
      vertex 60.8 6 4
    endloop
  endfacet
  facet normal 0 0 1
    outer loop
      vertex 60.5657 6.56569 4
      vertex 60.7391 5.69385 4
      vertex 60.7391 6.30615 4
    endloop
  endfacet
  facet normal 0 0 1
    outer loop
      vertex 60.5657 6.56569 4
      vertex 60.5657 5.43431 4
      vertex 60.7391 5.69385 4
    endloop
  endfacet
  facet normal 0 0 1
    outer loop
      vertex 60.3061 6.7391 4
      vertex 60.5657 5.43431 4
      vertex 60.5657 6.56569 4
    endloop
  endfacet
  facet normal 0 0 1
    outer loop
      vertex 60.3061 6.7391 4
      vertex 60.3061 5.2609 4
      vertex 60.5657 5.43431 4
    endloop
  endfacet
  facet normal 0 0 1
    outer loop
      vertex 60 6.8 4
      vertex 60.3061 5.2609 4
      vertex 60.3061 6.7391 4
    endloop
  endfacet
  facet normal 0 0 1
    outer loop
      vertex 60 6.8 4
      vertex 60 5.2 4
      vertex 60.3061 5.2609 4
    endloop
  endfacet
  facet normal -0 0 1
    outer loop
      vertex 59.6939 6.7391 4
      vertex 60 5.2 4
      vertex 60 6.8 4
    endloop
  endfacet
  facet normal 0 0 1
    outer loop
      vertex 59.6939 6.7391 4
      vertex 59.6939 5.2609 4
      vertex 60 5.2 4
    endloop
  endfacet
  facet normal -0 0 1
    outer loop
      vertex 59.4343 6.56569 4
      vertex 59.6939 5.2609 4
      vertex 59.6939 6.7391 4
    endloop
  endfacet
  facet normal 0 0 1
    outer loop
      vertex 59.4343 6.56569 4
      vertex 59.4343 5.43431 4
      vertex 59.6939 5.2609 4
    endloop
  endfacet
  facet normal -0 0 1
    outer loop
      vertex 59.2609 6.30615 4
      vertex 59.4343 5.43431 4
      vertex 59.4343 6.56569 4
    endloop
  endfacet
  facet normal 0 0 1
    outer loop
      vertex 59.2609 6.30615 4
      vertex 59.2609 5.69385 4
      vertex 59.4343 5.43431 4
    endloop
  endfacet
  facet normal 0 -0 1
    outer loop
      vertex 59.2609 5.69385 4
      vertex 59.2609 6.30615 4
      vertex 59.2 6 4
    endloop
  endfacet
  facet normal 0 0 1
    outer loop
      vertex 62.1733 6.58234 4
      vertex 63.3943 6.927 4
      vertex 63.4015 7 4
    endloop
  endfacet
  facet normal 0 0 1
    outer loop
      vertex 63.3943 6.927 4
      vertex 62.1733 6.58234 4
      vertex 63.0813 5.89524 4
    endloop
  endfacet
  facet normal 0 0 1
    outer loop
      vertex 62.1733 5.41766 4
      vertex 63.0813 5.89524 4
      vertex 62.25 6 4
    endloop
  endfacet
  facet normal 0 0 1
    outer loop
      vertex 63.0813 5.89524 4
      vertex 62.1733 6.58234 4
      vertex 62.25 6 4
    endloop
  endfacet
  facet normal 0 -0 1
    outer loop
      vertex 62.1733 6.58234 4
      vertex 63.4015 7 4
      vertex 62.0003 7 4
    endloop
  endfacet
  facet normal 0 0 1
    outer loop
      vertex 63.0813 5.89524 4
      vertex 62.1733 5.41766 4
      vertex 62.6028 5 4
    endloop
  endfacet
  facet normal 0 0 1
    outer loop
      vertex 62.6028 5 4
      vertex 62.1733 5.41766 4
      vertex 62.0003 5 4
    endloop
  endfacet
  facet normal 0 -1 0
    outer loop
      vertex 3.39718 5 2.5
      vertex 3.99967 5 4
      vertex 3.39718 5 4
    endloop
  endfacet
  facet normal 0 -1 -0
    outer loop
      vertex 3.99967 5 4
      vertex 3.39718 5 2.5
      vertex 3.99967 5 2.5
    endloop
  endfacet
  facet normal 0 -1 0
    outer loop
      vertex 8.00033 5 2.5
      vertex 57.9997 5 4
      vertex 8.00033 5 4
    endloop
  endfacet
  facet normal 0 -1 -0
    outer loop
      vertex 57.9997 5 4
      vertex 8.00033 5 2.5
      vertex 57.9997 5 2.5
    endloop
  endfacet
  facet normal 0 -1 0
    outer loop
      vertex 62.0003 5 2.5
      vertex 62.6028 5 4
      vertex 62.0003 5 4
    endloop
  endfacet
  facet normal 0 -1 -0
    outer loop
      vertex 62.6028 5 4
      vertex 62.0003 5 2.5
      vertex 62.6028 5 2.5
    endloop
  endfacet
  facet normal 0 1 -0
    outer loop
      vertex 3.99967 7 2.5
      vertex 2.59849 7 4
      vertex 3.99967 7 4
    endloop
  endfacet
  facet normal 0 1 0
    outer loop
      vertex 2.59849 7 4
      vertex 3.99967 7 2.5
      vertex 2.59849 7 2.5
    endloop
  endfacet
  facet normal 0 1 -0
    outer loop
      vertex 57.9997 7 2.5
      vertex 8.00033 7 4
      vertex 57.9997 7 4
    endloop
  endfacet
  facet normal 0 1 0
    outer loop
      vertex 8.00033 7 4
      vertex 57.9997 7 2.5
      vertex 8.00033 7 2.5
    endloop
  endfacet
  facet normal 0 1 -0
    outer loop
      vertex 63.4015 7 2.5
      vertex 62.0003 7 4
      vertex 63.4015 7 4
    endloop
  endfacet
  facet normal 0 1 0
    outer loop
      vertex 62.0003 7 4
      vertex 63.4015 7 2.5
      vertex 62.0003 7 2.5
    endloop
  endfacet
  facet normal -0.793348 -0.608768 0
    outer loop
      vertex 6.40192 5.5 5.72205e-07
      vertex 6.78559 5 0.00921631
      vertex 6.40192 5.5 0.00921631
    endloop
  endfacet
  facet normal -0.79336 -0.608753 0
    outer loop
      vertex 6.78559 5 0.00921631
      vertex 6.87868 4.87868 5.72205e-07
      vertex 6.78559 5 0.39989
    endloop
  endfacet
  facet normal -0.793351 -0.608765 0.000255549
    outer loop
      vertex 6.87868 4.87868 5.72205e-07
      vertex 6.78559 5 0.00921631
      vertex 6.40192 5.5 5.72205e-07
    endloop
  endfacet
  facet normal -0.790808 -0.612064 0
    outer loop
      vertex 6.40305 5.49854 0.39989
      vertex 6.40192 5.5 1.6
      vertex 6.40192 5.5 0.39989
    endloop
  endfacet
  facet normal -0.793356 -0.608758 -6.42028e-06
    outer loop
      vertex 6.78559 5 0.39989
      vertex 6.40192 5.5 1.6
      vertex 6.40305 5.49854 0.39989
    endloop
  endfacet
  facet normal -0.793351 -0.608765 -1.96238e-06
    outer loop
      vertex 6.78559 5 0.39989
      vertex 6.87868 4.87868 1.6
      vertex 6.40192 5.5 1.6
    endloop
  endfacet
  facet normal -0.79336 -0.608753 -0
    outer loop
      vertex 6.87868 4.87868 1.6
      vertex 6.78559 5 0.39989
      vertex 6.87868 4.87868 5.72205e-07
    endloop
  endfacet
  facet normal 1 0 0
    outer loop
      vertex 60 42 1.6
      vertex 60 41.0347 0.35
      vertex 60 42 0.35
    endloop
  endfacet
  facet normal 1 0 0
    outer loop
      vertex 60 42 1.6
      vertex 60 36.1283 0.35699
      vertex 60 41.0347 0.35
    endloop
  endfacet
  facet normal 1 -0 0
    outer loop
      vertex 60 7 1.6
      vertex 60 36.1283 0.35699
      vertex 60 42 1.6
    endloop
  endfacet
  facet normal 1 0 0
    outer loop
      vertex 60 36.1283 0.35699
      vertex 60 7 1.6
      vertex 60 7 0.398837
    endloop
  endfacet
  facet normal 1 -0 0
    outer loop
      vertex 60 7 0.00921631
      vertex 60 42 5.72205e-07
      vertex 60 42 0.00921631
    endloop
  endfacet
  facet normal 1 0 0
    outer loop
      vertex 60 42 5.72205e-07
      vertex 60 7 0.00921631
      vertex 60 7 5.72205e-07
    endloop
  endfacet
  facet normal 0.471431 0.881903 -0
    outer loop
      vertex 57.3334 46.9888 0.35
      vertex 56.2961 47.5433 1.6
      vertex 57.3334 46.9888 1.6
    endloop
  endfacet
  facet normal 0.471431 0.881903 0
    outer loop
      vertex 56.2961 47.5433 1.6
      vertex 57.3334 46.9888 0.35
      vertex 56.2961 47.5433 0.35
    endloop
  endfacet
  facet normal 0.471431 0.881903 -0
    outer loop
      vertex 57.3334 46.9888 5.72205e-07
      vertex 56.2961 47.5433 0.00921631
      vertex 57.3334 46.9888 0.00921631
    endloop
  endfacet
  facet normal 0.471431 0.881903 0
    outer loop
      vertex 56.2961 47.5433 0.00921631
      vertex 57.3334 46.9888 5.72205e-07
      vertex 56.2961 47.5433 5.72205e-07
    endloop
  endfacet
  facet normal 0.995183 0.0980305 0
    outer loop
      vertex 60 42 0.00921631
      vertex 59.8847 43.1705 5.72205e-07
      vertex 59.8847 43.1705 0.00921631
    endloop
  endfacet
  facet normal 0.995183 0.0980305 0
    outer loop
      vertex 59.8847 43.1705 5.72205e-07
      vertex 60 42 0.00921631
      vertex 60 42 5.72205e-07
    endloop
  endfacet
  facet normal 0.995183 0.0980305 0
    outer loop
      vertex 60 42 1.6
      vertex 59.8847 43.1705 0.35
      vertex 59.8847 43.1705 1.6
    endloop
  endfacet
  facet normal 0.995183 0.0980305 0
    outer loop
      vertex 59.8847 43.1705 0.35
      vertex 60 42 1.6
      vertex 60 42 0.35
    endloop
  endfacet
  facet normal -0.608797 0.793326 1.63405e-06
    outer loop
      vertex 6.98918 47.2061 0.399777
      vertex 6.87868 47.1213 1.6
      vertex 7.5 47.5981 1.6
    endloop
  endfacet
  facet normal -0.609065 0.79312 0
    outer loop
      vertex 6.87868 47.1213 1.6
      vertex 6.9796 47.1988 0.39978
      vertex 6.87868 47.1213 0.399828
    endloop
  endfacet
  facet normal -0.60824 0.793753 0.000110227
    outer loop
      vertex 6.87868 47.1213 1.6
      vertex 6.98482 47.2028 0.399778
      vertex 6.9796 47.1988 0.39978
    endloop
  endfacet
  facet normal -0.608795 0.793328 0
    outer loop
      vertex 6.98918 47.2061 0.399777
      vertex 7.5 47.5981 1.6
      vertex 7.5 47.5981 0.399777
    endloop
  endfacet
  facet normal -0.603505 0.797359 0.000773762
    outer loop
      vertex 6.87868 47.1213 1.6
      vertex 6.98918 47.2061 0.399777
      vertex 6.98482 47.2028 0.399778
    endloop
  endfacet
  facet normal -0.608797 0.793326 0
    outer loop
      vertex 7.5 47.5981 5.72205e-07
      vertex 6.87868 47.1213 0.00921631
      vertex 7.5 47.5981 0.00921631
    endloop
  endfacet
  facet normal -0.608797 0.793326 0
    outer loop
      vertex 6.87868 47.1213 0.00921631
      vertex 7.5 47.5981 5.72205e-07
      vertex 6.87868 47.1213 5.72205e-07
    endloop
  endfacet
  facet normal 0.772994 0.634413 0
    outer loop
      vertex 58.9888 45.3334 1.6
      vertex 58.2426 46.2426 0.35
      vertex 58.2426 46.2426 1.6
    endloop
  endfacet
  facet normal 0.772994 0.634413 0
    outer loop
      vertex 58.2426 46.2426 0.35
      vertex 58.9888 45.3334 1.6
      vertex 58.9888 45.3334 0.35
    endloop
  endfacet
  facet normal 0.772994 0.634413 0
    outer loop
      vertex 58.9888 45.3334 0.00921631
      vertex 58.2426 46.2426 5.72205e-07
      vertex 58.2426 46.2426 0.00921631
    endloop
  endfacet
  facet normal 0.772994 0.634413 0
    outer loop
      vertex 58.2426 46.2426 5.72205e-07
      vertex 58.9888 45.3334 0.00921631
      vertex 58.9888 45.3334 5.72205e-07
    endloop
  endfacet
  facet normal 0.92388 -0.382683 0
    outer loop
      vertex 59.5981 5.5 0.00921631
      vertex 59.8978 6.22354 5.72205e-07
      vertex 59.8978 6.22354 0.00921631
    endloop
  endfacet
  facet normal 0.92388 -0.382683 0
    outer loop
      vertex 59.8978 6.22354 5.72205e-07
      vertex 59.5981 5.5 0.00921631
      vertex 59.5981 5.5 5.72205e-07
    endloop
  endfacet
  facet normal 0.923847 -0.382762 0
    outer loop
      vertex 59.8978 6.22354 1.6
      vertex 59.6909 5.72416 0.399565
      vertex 59.8978 6.22354 0.399565
    endloop
  endfacet
  facet normal 0.92388 -0.382683 -3.8548e-05
    outer loop
      vertex 59.5981 5.5 1.6
      vertex 59.6909 5.72416 0.399565
      vertex 59.8978 6.22354 1.6
    endloop
  endfacet
  facet normal 0.924711 -0.38067 0.000401692
    outer loop
      vertex 59.6909 5.72416 0.399565
      vertex 59.5981 5.5 1.6
      vertex 59.6861 5.7125 0.399568
    endloop
  endfacet
  facet normal 0.923911 -0.382608 0
    outer loop
      vertex 59.6861 5.7125 0.399568
      vertex 59.5981 5.5 1.6
      vertex 59.5981 5.5 0.399712
    endloop
  endfacet
  facet normal -0.793326 0.608798 0
    outer loop
      vertex 6.45638 46.571 0.399828
      vertex 6.87868 47.1213 1.6
      vertex 6.87868 47.1213 0.399828
    endloop
  endfacet
  facet normal -0.795736 0.605643 -0.000279209
    outer loop
      vertex 6.40192 46.5 1.6
      vertex 6.45638 46.571 0.399828
      vertex 6.45364 46.5674 0.399829
    endloop
  endfacet
  facet normal -0.793341 0.608777 0
    outer loop
      vertex 6.40192 46.5 1.6
      vertex 6.45364 46.5674 0.399829
      vertex 6.40192 46.5 0.399856
    endloop
  endfacet
  facet normal -0.793341 0.608777 1.48547e-05
    outer loop
      vertex 6.45638 46.571 0.399828
      vertex 6.40192 46.5 1.6
      vertex 6.87868 47.1213 1.6
    endloop
  endfacet
  facet normal -0.793341 0.608777 0
    outer loop
      vertex 6.40192 46.5 5.72205e-07
      vertex 6.87868 47.1213 0.00921631
      vertex 6.87868 47.1213 5.72205e-07
    endloop
  endfacet
  facet normal -0.793341 0.608777 0
    outer loop
      vertex 6.87868 47.1213 0.00921631
      vertex 6.40192 46.5 5.72205e-07
      vertex 6.40192 46.5 0.00921631
    endloop
  endfacet
  facet normal 0 1 -0
    outer loop
      vertex 46.7308 48 0.356989
      vertex 9 48 1.6
      vertex 54 48 1.6
    endloop
  endfacet
  facet normal 0 1 0
    outer loop
      vertex 9 48 1.6
      vertex 46.7308 48 0.356989
      vertex 9 48 0.399097
    endloop
  endfacet
  facet normal 0 1 0
    outer loop
      vertex 53.0347 48 0.35
      vertex 54 48 1.6
      vertex 54 48 0.35
    endloop
  endfacet
  facet normal 0 1 0
    outer loop
      vertex 54 48 1.6
      vertex 53.0347 48 0.35
      vertex 46.7308 48 0.356989
    endloop
  endfacet
  facet normal 0 1 -0
    outer loop
      vertex 54 48 5.72205e-07
      vertex 9 48 0.00921631
      vertex 54 48 0.00921631
    endloop
  endfacet
  facet normal 0 1 0
    outer loop
      vertex 9 48 0.00921631
      vertex 54 48 5.72205e-07
      vertex 9 48 5.72205e-07
    endloop
  endfacet
  facet normal 0.634413 0.772994 -0
    outer loop
      vertex 58.2426 46.2426 0.35
      vertex 57.3334 46.9888 1.6
      vertex 58.2426 46.2426 1.6
    endloop
  endfacet
  facet normal 0.634413 0.772994 0
    outer loop
      vertex 57.3334 46.9888 1.6
      vertex 58.2426 46.2426 0.35
      vertex 57.3334 46.9888 0.35
    endloop
  endfacet
  facet normal 0.634413 0.772994 -0
    outer loop
      vertex 58.2426 46.2426 5.72205e-07
      vertex 57.3334 46.9888 0.00921631
      vertex 58.2426 46.2426 0.00921631
    endloop
  endfacet
  facet normal 0.634413 0.772994 0
    outer loop
      vertex 57.3334 46.9888 0.00921631
      vertex 58.2426 46.2426 5.72205e-07
      vertex 57.3334 46.9888 5.72205e-07
    endloop
  endfacet
  facet normal -0.608765 -0.793351 0
    outer loop
      vertex 6.87868 4.87868 5.72205e-07
      vertex 7.5 4.40192 1.6
      vertex 6.87868 4.87868 1.6
    endloop
  endfacet
  facet normal -0.608765 -0.793351 -0
    outer loop
      vertex 7.5 4.40192 1.6
      vertex 6.87868 4.87868 5.72205e-07
      vertex 7.5 4.40192 5.72205e-07
    endloop
  endfacet
  facet normal 0.0980305 0.995183 -0
    outer loop
      vertex 55.1705 47.8847 0.35
      vertex 54 48 1.6
      vertex 55.1705 47.8847 1.6
    endloop
  endfacet
  facet normal 0.0980305 0.995183 0
    outer loop
      vertex 54 48 1.6
      vertex 55.1705 47.8847 0.35
      vertex 54 48 0.35
    endloop
  endfacet
  facet normal 0.0980305 0.995183 -0
    outer loop
      vertex 55.1705 47.8847 5.72205e-07
      vertex 54 48 0.00921631
      vertex 55.1705 47.8847 0.00921631
    endloop
  endfacet
  facet normal 0.0980305 0.995183 0
    outer loop
      vertex 54 48 0.00921631
      vertex 55.1705 47.8847 5.72205e-07
      vertex 54 48 5.72205e-07
    endloop
  endfacet
  facet normal 0 -1 0
    outer loop
      vertex 9 4 5.72205e-07
      vertex 57 4 1.6
      vertex 9 4 1.6
    endloop
  endfacet
  facet normal 0 -1 -0
    outer loop
      vertex 57 4 1.6
      vertex 9 4 5.72205e-07
      vertex 57 4 5.72205e-07
    endloop
  endfacet
  facet normal -1 0 0
    outer loop
      vertex 6 7.03337 0.399882
      vertex 6 45 1.6
      vertex 6 45 0.399882
    endloop
  endfacet
  facet normal -1 0 0
    outer loop
      vertex 6 7 1.6
      vertex 6 7.03337 0.399882
      vertex 6 7.03035 0.399882
    endloop
  endfacet
  facet normal -1 0 0
    outer loop
      vertex 6 7 1.6
      vertex 6 7.03035 0.399882
      vertex 6 7 0.399886
    endloop
  endfacet
  facet normal -1 0 0
    outer loop
      vertex 6 7.03337 0.399882
      vertex 6 7 1.6
      vertex 6 45 1.6
    endloop
  endfacet
  facet normal -1 0 0
    outer loop
      vertex 6 7 5.72205e-07
      vertex 6 45 0.00921631
      vertex 6 45 5.72205e-07
    endloop
  endfacet
  facet normal -1 -0 0
    outer loop
      vertex 6 45 0.00921631
      vertex 6 7 5.72205e-07
      vertex 6 7 0.00921631
    endloop
  endfacet
  facet normal 0.881903 0.471431 0
    outer loop
      vertex 59.5433 44.2961 0.00921631
      vertex 58.9888 45.3334 5.72205e-07
      vertex 58.9888 45.3334 0.00921631
    endloop
  endfacet
  facet normal 0.881903 0.471431 0
    outer loop
      vertex 58.9888 45.3334 5.72205e-07
      vertex 59.5433 44.2961 0.00921631
      vertex 59.5433 44.2961 5.72205e-07
    endloop
  endfacet
  facet normal 0.881903 0.471431 0
    outer loop
      vertex 59.5433 44.2961 1.6
      vertex 58.9888 45.3334 0.35
      vertex 58.9888 45.3334 1.6
    endloop
  endfacet
  facet normal 0.881903 0.471431 0
    outer loop
      vertex 58.9888 45.3334 0.35
      vertex 59.5433 44.2961 1.6
      vertex 59.5433 44.2961 0.35
    endloop
  endfacet
  facet normal -0.991446 0.130516 0
    outer loop
      vertex 6 45 5.72205e-07
      vertex 6.10222 45.7765 0.00921631
      vertex 6.10222 45.7765 5.72205e-07
    endloop
  endfacet
  facet normal -0.991446 0.130516 0
    outer loop
      vertex 6.10222 45.7765 0.00921631
      vertex 6 45 5.72205e-07
      vertex 6 45 0.00921631
    endloop
  endfacet
  facet normal -0.991447 0.130511 0
    outer loop
      vertex 6.00598 45.0454 0.399875
      vertex 6.10222 45.7765 1.6
      vertex 6.10222 45.7765 0.399875
    endloop
  endfacet
  facet normal -0.991078 0.133283 0.000103654
    outer loop
      vertex 6 45 1.6
      vertex 6.00598 45.0454 0.399875
      vertex 6.00559 45.0425 0.399875
    endloop
  endfacet
  facet normal -0.991461 0.130406 0
    outer loop
      vertex 6 45 1.6
      vertex 6.00559 45.0425 0.399875
      vertex 6 45 0.399882
    endloop
  endfacet
  facet normal -0.991446 0.130516 -2.85338e-06
    outer loop
      vertex 6.00598 45.0454 0.399875
      vertex 6 45 1.6
      vertex 6.10222 45.7765 1.6
    endloop
  endfacet
  facet normal 0.793325 -0.608798 0
    outer loop
      vertex 59.5981 5.5 1.6
      vertex 59.2144 5 0.399712
      vertex 59.5981 5.5 0.399712
    endloop
  endfacet
  facet normal 0.793328 -0.608794 0
    outer loop
      vertex 59.1213 4.87868 5.72205e-07
      vertex 59.2144 5 0.399712
      vertex 59.1213 4.87868 1.6
    endloop
  endfacet
  facet normal 0.793326 -0.608797 -5.14868e-07
    outer loop
      vertex 59.1213 4.87868 1.6
      vertex 59.2144 5 0.399712
      vertex 59.5981 5.5 1.6
    endloop
  endfacet
  facet normal 0.793325 -0.608798 0
    outer loop
      vertex 59.2144 5 0.00921631
      vertex 59.5981 5.5 5.72205e-07
      vertex 59.5981 5.5 0.00921631
    endloop
  endfacet
  facet normal 0.793326 -0.608797 6.70582e-05
    outer loop
      vertex 59.2144 5 0.00921631
      vertex 59.1213 4.87868 5.72205e-07
      vertex 59.5981 5.5 5.72205e-07
    endloop
  endfacet
  facet normal 0.793328 -0.608794 0
    outer loop
      vertex 59.2144 5 0.399712
      vertex 59.1213 4.87868 5.72205e-07
      vertex 59.2144 5 0.00921631
    endloop
  endfacet
  facet normal -0.92388 -0.382683 0
    outer loop
      vertex 6.40192 5.5 5.72205e-07
      vertex 6.10222 6.22354 0.00921631
      vertex 6.10222 6.22354 5.72205e-07
    endloop
  endfacet
  facet normal -0.92388 -0.382683 0
    outer loop
      vertex 6.10222 6.22354 0.00921631
      vertex 6.40192 5.5 5.72205e-07
      vertex 6.40192 5.5 0.00921631
    endloop
  endfacet
  facet normal -0.923878 -0.382688 0
    outer loop
      vertex 6.40163 5.50071 0.39989
      vertex 6.10222 6.22354 1.6
      vertex 6.10222 6.22354 0.39989
    endloop
  endfacet
  facet normal -0.925755 -0.378125 -0
    outer loop
      vertex 6.40192 5.5 1.6
      vertex 6.40163 5.50071 0.39989
      vertex 6.40192 5.5 0.39989
    endloop
  endfacet
  facet normal -0.92388 -0.382683 -3.14979e-06
    outer loop
      vertex 6.40163 5.50071 0.39989
      vertex 6.40192 5.5 1.6
      vertex 6.10222 6.22354 1.6
    endloop
  endfacet
  facet normal -0.130497 0.991449 0
    outer loop
      vertex 9 48 5.72205e-07
      vertex 8.22354 47.8978 0.00921631
      vertex 9 48 0.00921631
    endloop
  endfacet
  facet normal -0.130497 0.991449 0
    outer loop
      vertex 8.22354 47.8978 0.00921631
      vertex 9 48 5.72205e-07
      vertex 8.22354 47.8978 5.72205e-07
    endloop
  endfacet
  facet normal -0.130497 0.991449 -3.19541e-05
    outer loop
      vertex 8.9228 47.9898 0.399126
      vertex 8.22354 47.8978 1.6
      vertex 9 48 1.6
    endloop
  endfacet
  facet normal -0.130444 0.991456 0
    outer loop
      vertex 8.22354 47.8978 1.6
      vertex 8.9228 47.9898 0.399126
      vertex 8.22354 47.8978 0.399663
    endloop
  endfacet
  facet normal -0.12903 0.991641 0
    outer loop
      vertex 8.96849 47.9959 0.399097
      vertex 9 48 1.6
      vertex 9 48 0.399097
    endloop
  endfacet
  facet normal -0.132334 0.991205 8.81912e-05
    outer loop
      vertex 9 48 1.6
      vertex 8.96849 47.9959 0.399097
      vertex 8.9228 47.9898 0.399126
    endloop
  endfacet
  facet normal 0.608777 -0.793341 0
    outer loop
      vertex 58.5 4.40192 5.72205e-07
      vertex 59.1213 4.87868 1.6
      vertex 58.5 4.40192 1.6
    endloop
  endfacet
  facet normal 0.608777 -0.793341 0
    outer loop
      vertex 59.1213 4.87868 1.6
      vertex 58.5 4.40192 5.72205e-07
      vertex 59.1213 4.87868 5.72205e-07
    endloop
  endfacet
  facet normal -0.130523 -0.991445 0
    outer loop
      vertex 8.22354 4.10222 5.72205e-07
      vertex 9 4 1.6
      vertex 8.22354 4.10222 1.6
    endloop
  endfacet
  facet normal -0.130523 -0.991445 -0
    outer loop
      vertex 9 4 1.6
      vertex 8.22354 4.10222 5.72205e-07
      vertex 9 4 5.72205e-07
    endloop
  endfacet
  facet normal -0.382683 -0.92388 0
    outer loop
      vertex 7.5 4.40192 5.72205e-07
      vertex 8.22354 4.10222 1.6
      vertex 7.5 4.40192 1.6
    endloop
  endfacet
  facet normal -0.382683 -0.92388 -0
    outer loop
      vertex 8.22354 4.10222 1.6
      vertex 7.5 4.40192 5.72205e-07
      vertex 8.22354 4.10222 5.72205e-07
    endloop
  endfacet
  facet normal 0.290248 0.956951 -0
    outer loop
      vertex 56.2961 47.5433 0.35
      vertex 55.1705 47.8847 1.6
      vertex 56.2961 47.5433 1.6
    endloop
  endfacet
  facet normal 0.290248 0.956951 0
    outer loop
      vertex 55.1705 47.8847 1.6
      vertex 56.2961 47.5433 0.35
      vertex 55.1705 47.8847 0.35
    endloop
  endfacet
  facet normal 0.290248 0.956951 -0
    outer loop
      vertex 56.2961 47.5433 5.72205e-07
      vertex 55.1705 47.8847 0.00921631
      vertex 56.2961 47.5433 0.00921631
    endloop
  endfacet
  facet normal 0.290248 0.956951 0
    outer loop
      vertex 55.1705 47.8847 0.00921631
      vertex 56.2961 47.5433 5.72205e-07
      vertex 55.1705 47.8847 5.72205e-07
    endloop
  endfacet
  facet normal -0.382683 0.92388 0
    outer loop
      vertex 8.22354 47.8978 5.72205e-07
      vertex 7.5 47.5981 0.00921631
      vertex 8.22354 47.8978 0.00921631
    endloop
  endfacet
  facet normal -0.382683 0.92388 0
    outer loop
      vertex 7.5 47.5981 0.00921631
      vertex 8.22354 47.8978 5.72205e-07
      vertex 7.5 47.5981 5.72205e-07
    endloop
  endfacet
  facet normal -0.382683 0.92388 -3.8098e-05
    outer loop
      vertex 7.7244 47.691 0.399663
      vertex 7.5 47.5981 1.6
      vertex 8.22354 47.8978 1.6
    endloop
  endfacet
  facet normal -0.38268 0.923881 0
    outer loop
      vertex 7.5 47.5981 1.6
      vertex 7.71535 47.6873 0.399665
      vertex 7.5 47.5981 0.399777
    endloop
  endfacet
  facet normal -0.378433 0.925628 0.000891748
    outer loop
      vertex 7.5 47.5981 1.6
      vertex 7.7244 47.691 0.399663
      vertex 7.71535 47.6873 0.399665
    endloop
  endfacet
  facet normal -0.382762 0.923847 0
    outer loop
      vertex 7.7244 47.691 0.399663
      vertex 8.22354 47.8978 1.6
      vertex 8.22354 47.8978 0.399663
    endloop
  endfacet
  facet normal 0.382701 -0.923872 0
    outer loop
      vertex 57.7765 4.10222 5.72205e-07
      vertex 58.5 4.40192 1.6
      vertex 57.7765 4.10222 1.6
    endloop
  endfacet
  facet normal 0.382701 -0.923872 0
    outer loop
      vertex 58.5 4.40192 1.6
      vertex 57.7765 4.10222 5.72205e-07
      vertex 58.5 4.40192 5.72205e-07
    endloop
  endfacet
  facet normal 0 0 -1
    outer loop
      vertex 57 4 5.72205e-07
      vertex 60 7 5.72205e-07
      vertex 59.8978 6.22354 5.72205e-07
    endloop
  endfacet
  facet normal 0 0 -1
    outer loop
      vertex 60 7 5.72205e-07
      vertex 54 10 5.72205e-07
      vertex 60 42 5.72205e-07
    endloop
  endfacet
  facet normal 0 0 -1
    outer loop
      vertex 57 4 5.72205e-07
      vertex 59.8978 6.22354 5.72205e-07
      vertex 59.5981 5.5 5.72205e-07
    endloop
  endfacet
  facet normal 0 0 -1
    outer loop
      vertex 54 42 5.72205e-07
      vertex 60 42 5.72205e-07
      vertex 54 10 5.72205e-07
    endloop
  endfacet
  facet normal 0 0 -1
    outer loop
      vertex 57 4 5.72205e-07
      vertex 59.5981 5.5 5.72205e-07
      vertex 59.1213 4.87868 5.72205e-07
    endloop
  endfacet
  facet normal 0 0 -1
    outer loop
      vertex 60 42 5.72205e-07
      vertex 54 42 5.72205e-07
      vertex 59.8847 43.1705 5.72205e-07
    endloop
  endfacet
  facet normal 0 0 -1
    outer loop
      vertex 57 4 5.72205e-07
      vertex 59.1213 4.87868 5.72205e-07
      vertex 58.5 4.40192 5.72205e-07
    endloop
  endfacet
  facet normal -0 0 -1
    outer loop
      vertex 59.8847 43.1705 5.72205e-07
      vertex 54 42 5.72205e-07
      vertex 59.5433 44.2961 5.72205e-07
    endloop
  endfacet
  facet normal 0 0 -1
    outer loop
      vertex 57 4 5.72205e-07
      vertex 58.5 4.40192 5.72205e-07
      vertex 57.7765 4.10222 5.72205e-07
    endloop
  endfacet
  facet normal -0 0 -1
    outer loop
      vertex 59.5433 44.2961 5.72205e-07
      vertex 54 42 5.72205e-07
      vertex 58.9888 45.3334 5.72205e-07
    endloop
  endfacet
  facet normal -0 0 -1
    outer loop
      vertex 60 7 5.72205e-07
      vertex 57 4 5.72205e-07
      vertex 54 10 5.72205e-07
    endloop
  endfacet
  facet normal -0 0 -1
    outer loop
      vertex 58.9888 45.3334 5.72205e-07
      vertex 54 42 5.72205e-07
      vertex 58.2426 46.2426 5.72205e-07
    endloop
  endfacet
  facet normal -0 0 -1
    outer loop
      vertex 57.3334 46.9888 5.72205e-07
      vertex 54 42 5.72205e-07
      vertex 56.2961 47.5433 5.72205e-07
    endloop
  endfacet
  facet normal -0 0 -1
    outer loop
      vertex 58.2426 46.2426 5.72205e-07
      vertex 54 42 5.72205e-07
      vertex 57.3334 46.9888 5.72205e-07
    endloop
  endfacet
  facet normal 0 0 -1
    outer loop
      vertex 57 4 5.72205e-07
      vertex 12 10 5.72205e-07
      vertex 54 10 5.72205e-07
    endloop
  endfacet
  facet normal 0 0 -1
    outer loop
      vertex 6 7 5.72205e-07
      vertex 12 10 5.72205e-07
      vertex 9 4 5.72205e-07
    endloop
  endfacet
  facet normal 0 0 -1
    outer loop
      vertex 9 4 5.72205e-07
      vertex 12 10 5.72205e-07
      vertex 57 4 5.72205e-07
    endloop
  endfacet
  facet normal -0 0 -1
    outer loop
      vertex 56.2961 47.5433 5.72205e-07
      vertex 54 42 5.72205e-07
      vertex 55.1705 47.8847 5.72205e-07
    endloop
  endfacet
  facet normal 0 0 -1
    outer loop
      vertex 54 42 5.72205e-07
      vertex 54 48 5.72205e-07
      vertex 55.1705 47.8847 5.72205e-07
    endloop
  endfacet
  facet normal 0 0 -1
    outer loop
      vertex 12 42 5.72205e-07
      vertex 54 48 5.72205e-07
      vertex 54 42 5.72205e-07
    endloop
  endfacet
  facet normal 0 0 -1
    outer loop
      vertex 12 42 5.72205e-07
      vertex 9 48 5.72205e-07
      vertex 54 48 5.72205e-07
    endloop
  endfacet
  facet normal -0 0 -1
    outer loop
      vertex 12 10 5.72205e-07
      vertex 6 7 5.72205e-07
      vertex 12 42 5.72205e-07
    endloop
  endfacet
  facet normal 0 0 -1
    outer loop
      vertex 6 7 5.72205e-07
      vertex 9 4 5.72205e-07
      vertex 8.22354 4.10222 5.72205e-07
    endloop
  endfacet
  facet normal 0 0 -1
    outer loop
      vertex 6 45 5.72205e-07
      vertex 12 42 5.72205e-07
      vertex 6 7 5.72205e-07
    endloop
  endfacet
  facet normal 0 0 -1
    outer loop
      vertex 6 7 5.72205e-07
      vertex 8.22354 4.10222 5.72205e-07
      vertex 7.5 4.40192 5.72205e-07
    endloop
  endfacet
  facet normal 0 0 -1
    outer loop
      vertex 12 42 5.72205e-07
      vertex 6 45 5.72205e-07
      vertex 9 48 5.72205e-07
    endloop
  endfacet
  facet normal 0 0 -1
    outer loop
      vertex 6 7 5.72205e-07
      vertex 7.5 4.40192 5.72205e-07
      vertex 6.87868 4.87868 5.72205e-07
    endloop
  endfacet
  facet normal 0 0 -1
    outer loop
      vertex 9 48 5.72205e-07
      vertex 6 45 5.72205e-07
      vertex 8.22354 47.8978 5.72205e-07
    endloop
  endfacet
  facet normal 0 0 -1
    outer loop
      vertex 6 7 5.72205e-07
      vertex 6.87868 4.87868 5.72205e-07
      vertex 6.40192 5.5 5.72205e-07
    endloop
  endfacet
  facet normal 0 0 -1
    outer loop
      vertex 8.22354 47.8978 5.72205e-07
      vertex 6 45 5.72205e-07
      vertex 7.5 47.5981 5.72205e-07
    endloop
  endfacet
  facet normal 0 0 -1
    outer loop
      vertex 6 7 5.72205e-07
      vertex 6.40192 5.5 5.72205e-07
      vertex 6.10222 6.22354 5.72205e-07
    endloop
  endfacet
  facet normal 0 0 -1
    outer loop
      vertex 7.5 47.5981 5.72205e-07
      vertex 6 45 5.72205e-07
      vertex 6.87868 47.1213 5.72205e-07
    endloop
  endfacet
  facet normal 0 0 -1
    outer loop
      vertex 6.87868 47.1213 5.72205e-07
      vertex 6 45 5.72205e-07
      vertex 6.40192 46.5 5.72205e-07
    endloop
  endfacet
  facet normal 0 0 -1
    outer loop
      vertex 6.40192 46.5 5.72205e-07
      vertex 6 45 5.72205e-07
      vertex 6.10222 45.7765 5.72205e-07
    endloop
  endfacet
  facet normal 0 0 1
    outer loop
      vertex 54 48 1.6
      vertex 12 42 1.6
      vertex 54 42 1.6
    endloop
  endfacet
  facet normal -0 0 1
    outer loop
      vertex 6 45 1.6
      vertex 12 42 1.6
      vertex 9 48 1.6
    endloop
  endfacet
  facet normal -0 0 1
    outer loop
      vertex 9 48 1.6
      vertex 12 42 1.6
      vertex 54 48 1.6
    endloop
  endfacet
  facet normal -0 0 1
    outer loop
      vertex 54 10 1.6
      vertex 60 7 1.6
      vertex 60 42 1.6
    endloop
  endfacet
  facet normal 0 0 1
    outer loop
      vertex 54 42 1.6
      vertex 60 42 1.6
      vertex 59.8847 43.1705 1.6
    endloop
  endfacet
  facet normal 0 -0 1
    outer loop
      vertex 57 4 1.6
      vertex 60 7 1.6
      vertex 54 10 1.6
    endloop
  endfacet
  facet normal 0 0 1
    outer loop
      vertex 54 42 1.6
      vertex 59.8847 43.1705 1.6
      vertex 59.5433 44.2961 1.6
    endloop
  endfacet
  facet normal 0 0 1
    outer loop
      vertex 60 7 1.6
      vertex 57 4 1.6
      vertex 59.8978 6.22354 1.6
    endloop
  endfacet
  facet normal 0 0 1
    outer loop
      vertex 54 42 1.6
      vertex 59.5433 44.2961 1.6
      vertex 58.9888 45.3334 1.6
    endloop
  endfacet
  facet normal 0 0 1
    outer loop
      vertex 59.8978 6.22354 1.6
      vertex 57 4 1.6
      vertex 59.5981 5.5 1.6
    endloop
  endfacet
  facet normal 0 0 1
    outer loop
      vertex 54 42 1.6
      vertex 58.9888 45.3334 1.6
      vertex 58.2426 46.2426 1.6
    endloop
  endfacet
  facet normal 0 0 1
    outer loop
      vertex 59.5981 5.5 1.6
      vertex 57 4 1.6
      vertex 59.1213 4.87868 1.6
    endloop
  endfacet
  facet normal 0 0 1
    outer loop
      vertex 54 42 1.6
      vertex 58.2426 46.2426 1.6
      vertex 57.3334 46.9888 1.6
    endloop
  endfacet
  facet normal 0 0 1
    outer loop
      vertex 59.1213 4.87868 1.6
      vertex 57 4 1.6
      vertex 58.5 4.40192 1.6
    endloop
  endfacet
  facet normal 0 0 1
    outer loop
      vertex 54 42 1.6
      vertex 57.3334 46.9888 1.6
      vertex 56.2961 47.5433 1.6
    endloop
  endfacet
  facet normal 0 0 1
    outer loop
      vertex 54 42 1.6
      vertex 56.2961 47.5433 1.6
      vertex 55.1705 47.8847 1.6
    endloop
  endfacet
  facet normal 0 0 1
    outer loop
      vertex 54 42 1.6
      vertex 55.1705 47.8847 1.6
      vertex 54 48 1.6
    endloop
  endfacet
  facet normal 0 0 1
    outer loop
      vertex 60 42 1.6
      vertex 54 42 1.6
      vertex 54 10 1.6
    endloop
  endfacet
  facet normal 0 0 1
    outer loop
      vertex 58.5 4.40192 1.6
      vertex 57 4 1.6
      vertex 57.7765 4.10222 1.6
    endloop
  endfacet
  facet normal -0 0 1
    outer loop
      vertex 12 10 1.6
      vertex 57 4 1.6
      vertex 54 10 1.6
    endloop
  endfacet
  facet normal 0 0 1
    outer loop
      vertex 12 10 1.6
      vertex 9 4 1.6
      vertex 57 4 1.6
    endloop
  endfacet
  facet normal 0 0 1
    outer loop
      vertex 12 42 1.6
      vertex 6 45 1.6
      vertex 12 10 1.6
    endloop
  endfacet
  facet normal 0 0 1
    outer loop
      vertex 6 45 1.6
      vertex 9 48 1.6
      vertex 8.22354 47.8978 1.6
    endloop
  endfacet
  facet normal 0 0 1
    outer loop
      vertex 6 7 1.6
      vertex 12 10 1.6
      vertex 6 45 1.6
    endloop
  endfacet
  facet normal 0 0 1
    outer loop
      vertex 6 45 1.6
      vertex 8.22354 47.8978 1.6
      vertex 7.5 47.5981 1.6
    endloop
  endfacet
  facet normal 0 0 1
    outer loop
      vertex 12 10 1.6
      vertex 6 7 1.6
      vertex 9 4 1.6
    endloop
  endfacet
  facet normal 0 0 1
    outer loop
      vertex 6 45 1.6
      vertex 7.5 47.5981 1.6
      vertex 6.87868 47.1213 1.6
    endloop
  endfacet
  facet normal 0 0 1
    outer loop
      vertex 9 4 1.6
      vertex 6 7 1.6
      vertex 8.22354 4.10222 1.6
    endloop
  endfacet
  facet normal 0 0 1
    outer loop
      vertex 6 45 1.6
      vertex 6.87868 47.1213 1.6
      vertex 6.40192 46.5 1.6
    endloop
  endfacet
  facet normal 0 0 1
    outer loop
      vertex 8.22354 4.10222 1.6
      vertex 6 7 1.6
      vertex 7.5 4.40192 1.6
    endloop
  endfacet
  facet normal 0 0 1
    outer loop
      vertex 6 45 1.6
      vertex 6.40192 46.5 1.6
      vertex 6.10222 45.7765 1.6
    endloop
  endfacet
  facet normal 0 0 1
    outer loop
      vertex 7.5 4.40192 1.6
      vertex 6 7 1.6
      vertex 6.87868 4.87868 1.6
    endloop
  endfacet
  facet normal 0 0 1
    outer loop
      vertex 6.87868 4.87868 1.6
      vertex 6 7 1.6
      vertex 6.40192 5.5 1.6
    endloop
  endfacet
  facet normal 0 0 1
    outer loop
      vertex 6.40192 5.5 1.6
      vertex 6 7 1.6
      vertex 6.10222 6.22354 1.6
    endloop
  endfacet
  facet normal 0.956951 0.290248 0
    outer loop
      vertex 59.8847 43.1705 0.00921631
      vertex 59.5433 44.2961 5.72205e-07
      vertex 59.5433 44.2961 0.00921631
    endloop
  endfacet
  facet normal 0.956951 0.290248 0
    outer loop
      vertex 59.5433 44.2961 5.72205e-07
      vertex 59.8847 43.1705 0.00921631
      vertex 59.8847 43.1705 5.72205e-07
    endloop
  endfacet
  facet normal 0.956951 0.290248 0
    outer loop
      vertex 59.8847 43.1705 1.6
      vertex 59.5433 44.2961 0.35
      vertex 59.5433 44.2961 1.6
    endloop
  endfacet
  facet normal 0.956951 0.290248 0
    outer loop
      vertex 59.5433 44.2961 0.35
      vertex 59.8847 43.1705 1.6
      vertex 59.8847 43.1705 0.35
    endloop
  endfacet
  facet normal 0.130516 -0.991446 0
    outer loop
      vertex 57 4 5.72205e-07
      vertex 57.7765 4.10222 1.6
      vertex 57 4 1.6
    endloop
  endfacet
  facet normal 0.130516 -0.991446 0
    outer loop
      vertex 57.7765 4.10222 1.6
      vertex 57 4 5.72205e-07
      vertex 57.7765 4.10222 5.72205e-07
    endloop
  endfacet
  facet normal 0.991449 -0.130497 0
    outer loop
      vertex 59.8978 6.22354 0.00921631
      vertex 60 7 5.72205e-07
      vertex 60 7 0.00921631
    endloop
  endfacet
  facet normal 0.991449 -0.130497 0
    outer loop
      vertex 60 7 5.72205e-07
      vertex 59.8978 6.22354 0.00921631
      vertex 59.8978 6.22354 5.72205e-07
    endloop
  endfacet
  facet normal 0.991496 -0.130134 0
    outer loop
      vertex 60 7 1.6
      vertex 59.9958 6.968 0.398837
      vertex 60 7 0.398837
    endloop
  endfacet
  facet normal 0.991379 -0.131027 2.41961e-05
    outer loop
      vertex 60 7 1.6
      vertex 59.9881 6.90974 0.398885
      vertex 59.9958 6.968 0.398837
    endloop
  endfacet
  facet normal 0.991449 -0.130497 -1.62673e-05
    outer loop
      vertex 59.8978 6.22354 1.6
      vertex 59.9881 6.90974 0.398885
      vertex 60 7 1.6
    endloop
  endfacet
  facet normal 0.991452 -0.130469 0
    outer loop
      vertex 59.9881 6.90974 0.398885
      vertex 59.8978 6.22354 1.6
      vertex 59.8978 6.22354 0.399565
    endloop
  endfacet
  facet normal -0.923872 0.382701 0
    outer loop
      vertex 6.10222 45.7765 5.72205e-07
      vertex 6.40192 46.5 0.00921631
      vertex 6.40192 46.5 5.72205e-07
    endloop
  endfacet
  facet normal -0.923872 0.382701 0
    outer loop
      vertex 6.40192 46.5 0.00921631
      vertex 6.10222 45.7765 5.72205e-07
      vertex 6.10222 45.7765 0.00921631
    endloop
  endfacet
  facet normal -0.92389 0.382659 0
    outer loop
      vertex 6.12653 45.8351 0.399856
      vertex 6.40192 46.5 1.6
      vertex 6.40192 46.5 0.399856
    endloop
  endfacet
  facet normal -0.921364 0.388701 0.000316206
    outer loop
      vertex 6.10222 45.7765 1.6
      vertex 6.12653 45.8351 0.399856
      vertex 6.12518 45.8319 0.399857
    endloop
  endfacet
  facet normal -0.923805 0.382862 0
    outer loop
      vertex 6.10222 45.7765 1.6
      vertex 6.12518 45.8319 0.399857
      vertex 6.10222 45.7765 0.399875
    endloop
  endfacet
  facet normal -0.923872 0.382701 -2.75203e-05
    outer loop
      vertex 6.12653 45.8351 0.399856
      vertex 6.10222 45.7765 1.6
      vertex 6.40192 46.5 1.6
    endloop
  endfacet
  facet normal -0.991444 -0.130532 0
    outer loop
      vertex 6.10008 6.23985 0.399886
      vertex 6 7 1.6
      vertex 6 7 0.399886
    endloop
  endfacet
  facet normal -0.991581 -0.129485 8.4044e-06
    outer loop
      vertex 6.10222 6.22354 1.6
      vertex 6.10008 6.23985 0.399886
      vertex 6.10046 6.23694 0.399887
    endloop
  endfacet
  facet normal -0.991484 -0.130225 -0
    outer loop
      vertex 6.10222 6.22354 1.6
      vertex 6.10046 6.23694 0.399887
      vertex 6.10222 6.22354 0.39989
    endloop
  endfacet
  facet normal -0.991445 -0.130523 -5.94097e-06
    outer loop
      vertex 6.10008 6.23985 0.399886
      vertex 6.10222 6.22354 1.6
      vertex 6 7 1.6
    endloop
  endfacet
  facet normal -0.991445 -0.130523 0
    outer loop
      vertex 6.10222 6.22354 5.72205e-07
      vertex 6 7 0.00921631
      vertex 6 7 5.72205e-07
    endloop
  endfacet
  facet normal -0.991445 -0.130523 0
    outer loop
      vertex 6 7 0.00921631
      vertex 6.10222 6.22354 5.72205e-07
      vertex 6.10222 6.22354 0.00921631
    endloop
  endfacet
  facet normal 0.88707 0.461636 0
    outer loop
      vertex 29.6279 78.4392 1
      vertex 29.4532 78.7749 0.200001
      vertex 29.4532 78.7749 1
    endloop
  endfacet
  facet normal 0.88707 0.461636 0
    outer loop
      vertex 29.4532 78.7749 0.200001
      vertex 29.6279 78.4392 1
      vertex 29.6279 78.4392 0.200001
    endloop
  endfacet
  facet normal 0.88707 0.461636 0
    outer loop
      vertex 29.6279 78.4392 0.00921631
      vertex 29.4532 78.7749 0
      vertex 29.4532 78.7749 0.00921631
    endloop
  endfacet
  facet normal 0.88707 0.461636 0
    outer loop
      vertex 29.4532 78.7749 0
      vertex 29.6279 78.4392 0.00921631
      vertex 29.6279 78.4392 0
    endloop
  endfacet
  facet normal 0.422615 0.906309 -0
    outer loop
      vertex 28.8756 79.259 0.200001
      vertex 24.35 81.3693 1
      vertex 28.8756 79.259 1
    endloop
  endfacet
  facet normal 0.422615 0.906309 0
    outer loop
      vertex 24.35 81.3693 1
      vertex 28.8756 79.259 0.200001
      vertex 24.35 81.3693 0.200001
    endloop
  endfacet
  facet normal 0.422615 0.906309 -0
    outer loop
      vertex 28.8756 79.259 0
      vertex 24.35 81.3693 0.00921631
      vertex 28.8756 79.259 0.00921631
    endloop
  endfacet
  facet normal 0.422615 0.906309 0
    outer loop
      vertex 24.35 81.3693 0.00921631
      vertex 28.8756 79.259 0
      vertex 24.35 81.3693 0
    endloop
  endfacet
  facet normal 0.300705 0.953717 -0
    outer loop
      vertex 24.35 81.3693 0.200001
      vertex 23.9859 81.4841 1
      vertex 24.35 81.3693 1
    endloop
  endfacet
  facet normal 0.300705 0.953717 0
    outer loop
      vertex 23.9859 81.4841 1
      vertex 24.35 81.3693 0.200001
      vertex 23.9859 81.4841 0.200001
    endloop
  endfacet
  facet normal 0.300705 0.953717 -0
    outer loop
      vertex 24.35 81.3693 0
      vertex 23.9859 81.4841 0.00921631
      vertex 24.35 81.3693 0.00921631
    endloop
  endfacet
  facet normal 0.300705 0.953717 0
    outer loop
      vertex 23.9859 81.4841 0.00921631
      vertex 24.35 81.3693 0
      vertex 23.9859 81.4841 0
    endloop
  endfacet
  facet normal 0.73722 0.675653 0
    outer loop
      vertex 29.4532 78.7749 1
      vertex 29.1975 79.0539 0.200001
      vertex 29.1975 79.0539 1
    endloop
  endfacet
  facet normal 0.73722 0.675653 0
    outer loop
      vertex 29.1975 79.0539 0.200001
      vertex 29.4532 78.7749 1
      vertex 29.4532 78.7749 0.200001
    endloop
  endfacet
  facet normal 0.73722 0.675653 0
    outer loop
      vertex 29.4532 78.7749 0.00921631
      vertex 29.1975 79.0539 0
      vertex 29.1975 79.0539 0.00921631
    endloop
  endfacet
  facet normal 0.73722 0.675653 0
    outer loop
      vertex 29.1975 79.0539 0
      vertex 29.4532 78.7749 0.00921631
      vertex 29.4532 78.7749 0
    endloop
  endfacet
  facet normal -0.216455 0.976293 0
    outer loop
      vertex 23.6079 81.5006 0
      vertex 23.2385 81.4187 0.00921631
      vertex 23.6079 81.5006 0.00921631
    endloop
  endfacet
  facet normal -0.216455 0.976293 0
    outer loop
      vertex 23.2385 81.4187 0.00921631
      vertex 23.6079 81.5006 0
      vertex 23.2385 81.4187 0
    endloop
  endfacet
  facet normal -0.216455 0.976293 0
    outer loop
      vertex 23.6079 81.5006 0.200001
      vertex 23.2385 81.4187 1
      vertex 23.6079 81.5006 1
    endloop
  endfacet
  facet normal -0.216455 0.976293 0
    outer loop
      vertex 23.2385 81.4187 1
      vertex 23.6079 81.5006 0.200001
      vertex 23.2385 81.4187 0.200001
    endloop
  endfacet
  facet normal 0.675509 -0.737352 0
    outer loop
      vertex 29.0972 76.7561 0.200001
      vertex 29.3762 77.0117 1
      vertex 29.0972 76.7561 1
    endloop
  endfacet
  facet normal 0.675509 -0.737352 0
    outer loop
      vertex 29.3762 77.0117 1
      vertex 29.0972 76.7561 0.200001
      vertex 29.3762 77.0117 0.200001
    endloop
  endfacet
  facet normal 0.675509 -0.737352 0
    outer loop
      vertex 29.0972 76.7561 0
      vertex 29.3762 77.0117 0.00921631
      vertex 29.0972 76.7561 0.00921631
    endloop
  endfacet
  facet normal 0.675509 -0.737352 0
    outer loop
      vertex 29.3762 77.0117 0.00921631
      vertex 29.0972 76.7561 0
      vertex 29.3762 77.0117 0
    endloop
  endfacet
  facet normal -0.422615 -0.906309 0
    outer loop
      vertex 23.1244 78.741 0
      vertex 27.65 76.6307 0.00921631
      vertex 23.1244 78.741 0.00921631
    endloop
  endfacet
  facet normal -0.422615 -0.906309 -0
    outer loop
      vertex 27.65 76.6307 0.00921631
      vertex 23.1244 78.741 0
      vertex 27.65 76.6307 0
    endloop
  endfacet
  facet normal -0.422615 -0.906309 0
    outer loop
      vertex 23.1244 78.741 0.200001
      vertex 27.65 76.6307 1
      vertex 23.1244 78.741 1
    endloop
  endfacet
  facet normal -0.422615 -0.906309 -0
    outer loop
      vertex 27.65 76.6307 1
      vertex 23.1244 78.741 0.200001
      vertex 27.65 76.6307 0.200001
    endloop
  endfacet
  facet normal -0.999049 0.0436093 0
    outer loop
      vertex 22.2902 79.9302 0
      vertex 22.3067 80.3082 0.00921631
      vertex 22.3067 80.3082 0
    endloop
  endfacet
  facet normal -0.999049 0.0436093 0
    outer loop
      vertex 22.3067 80.3082 0.00921631
      vertex 22.2902 79.9302 0
      vertex 22.2902 79.9302 0.00921631
    endloop
  endfacet
  facet normal -0.999049 0.0436093 0
    outer loop
      vertex 22.2902 79.9302 0.200001
      vertex 22.3067 80.3082 1
      vertex 22.3067 80.3082 0.200001
    endloop
  endfacet
  facet normal -0.999049 0.0436093 0
    outer loop
      vertex 22.3067 80.3082 1
      vertex 22.2902 79.9302 0.200001
      vertex 22.2902 79.9302 1
    endloop
  endfacet
  facet normal -0.0436093 -0.999049 0
    outer loop
      vertex 28.0141 76.5159 0
      vertex 28.3921 76.4994 0.00921631
      vertex 28.0141 76.5159 0.00921631
    endloop
  endfacet
  facet normal -0.0436093 -0.999049 -0
    outer loop
      vertex 28.3921 76.4994 0.00921631
      vertex 28.0141 76.5159 0
      vertex 28.3921 76.4994 0
    endloop
  endfacet
  facet normal -0.0436093 -0.999049 0
    outer loop
      vertex 28.0141 76.5159 0.200001
      vertex 28.3921 76.4994 1
      vertex 28.0141 76.5159 1
    endloop
  endfacet
  facet normal -0.0436093 -0.999049 -0
    outer loop
      vertex 28.3921 76.4994 1
      vertex 28.0141 76.5159 0.200001
      vertex 28.3921 76.4994 0.200001
    endloop
  endfacet
  facet normal 0 0 -1
    outer loop
      vertex 29.6933 77.6918 0
      vertex 29.6279 78.4392 0
      vertex 29.7098 78.0698 0
    endloop
  endfacet
  facet normal 0 0 -1
    outer loop
      vertex 29.5795 77.3308 0
      vertex 29.6279 78.4392 0
      vertex 29.6933 77.6918 0
    endloop
  endfacet
  facet normal 0 0 -1
    outer loop
      vertex 29.5795 77.3308 0
      vertex 29.4532 78.7749 0
      vertex 29.6279 78.4392 0
    endloop
  endfacet
  facet normal 0 0 -1
    outer loop
      vertex 29.3762 77.0117 0
      vertex 29.4532 78.7749 0
      vertex 29.5795 77.3308 0
    endloop
  endfacet
  facet normal 0 0 -1
    outer loop
      vertex 29.3762 77.0117 0
      vertex 29.1975 79.0539 0
      vertex 29.4532 78.7749 0
    endloop
  endfacet
  facet normal 0 0 -1
    outer loop
      vertex 29.0972 76.7561 0
      vertex 29.1975 79.0539 0
      vertex 29.3762 77.0117 0
    endloop
  endfacet
  facet normal 0 0 -1
    outer loop
      vertex 29.0972 76.7561 0
      vertex 28.8756 79.259 0
      vertex 29.1975 79.0539 0
    endloop
  endfacet
  facet normal 0 0 -1
    outer loop
      vertex 28.7615 76.5813 0
      vertex 28.8756 79.259 0
      vertex 29.0972 76.7561 0
    endloop
  endfacet
  facet normal 0 0 -1
    outer loop
      vertex 28.3921 76.4994 0
      vertex 28.8756 79.259 0
      vertex 28.7615 76.5813 0
    endloop
  endfacet
  facet normal 0 0 -1
    outer loop
      vertex 28.0141 76.5159 0
      vertex 28.8756 79.259 0
      vertex 28.3921 76.4994 0
    endloop
  endfacet
  facet normal 0 0 -1
    outer loop
      vertex 27.65 76.6307 0
      vertex 28.8756 79.259 0
      vertex 28.0141 76.5159 0
    endloop
  endfacet
  facet normal 0 0 -1
    outer loop
      vertex 27.65 76.6307 0
      vertex 24.35 81.3693 0
      vertex 28.8756 79.259 0
    endloop
  endfacet
  facet normal 0 0 -1
    outer loop
      vertex 23.1244 78.741 0
      vertex 24.35 81.3693 0
      vertex 27.65 76.6307 0
    endloop
  endfacet
  facet normal -0 0 -1
    outer loop
      vertex 24.35 81.3693 0
      vertex 23.1244 78.741 0
      vertex 23.9859 81.4841 0
    endloop
  endfacet
  facet normal -0 0 -1
    outer loop
      vertex 23.9859 81.4841 0
      vertex 23.1244 78.741 0
      vertex 23.6079 81.5006 0
    endloop
  endfacet
  facet normal 0 0 -1
    outer loop
      vertex 23.6079 81.5006 0
      vertex 23.1244 78.741 0
      vertex 23.2385 81.4187 0
    endloop
  endfacet
  facet normal 0 0 -1
    outer loop
      vertex 23.1244 78.741 0
      vertex 22.9028 81.2439 0
      vertex 23.2385 81.4187 0
    endloop
  endfacet
  facet normal 0 0 -1
    outer loop
      vertex 22.8025 78.9461 0
      vertex 22.9028 81.2439 0
      vertex 23.1244 78.741 0
    endloop
  endfacet
  facet normal 0 0 -1
    outer loop
      vertex 22.8025 78.9461 0
      vertex 22.6238 80.9883 0
      vertex 22.9028 81.2439 0
    endloop
  endfacet
  facet normal 0 0 -1
    outer loop
      vertex 22.5468 79.2251 0
      vertex 22.6238 80.9883 0
      vertex 22.8025 78.9461 0
    endloop
  endfacet
  facet normal 0 0 -1
    outer loop
      vertex 22.5468 79.2251 0
      vertex 22.4205 80.6692 0
      vertex 22.6238 80.9883 0
    endloop
  endfacet
  facet normal 0 0 -1
    outer loop
      vertex 22.3721 79.5608 0
      vertex 22.4205 80.6692 0
      vertex 22.5468 79.2251 0
    endloop
  endfacet
  facet normal 0 0 -1
    outer loop
      vertex 22.3721 79.5608 0
      vertex 22.3067 80.3082 0
      vertex 22.4205 80.6692 0
    endloop
  endfacet
  facet normal 0 -0 -1
    outer loop
      vertex 22.3067 80.3082 0
      vertex 22.3721 79.5608 0
      vertex 22.2902 79.9302 0
    endloop
  endfacet
  facet normal 0.216455 -0.976293 0
    outer loop
      vertex 28.3921 76.4994 0
      vertex 28.7615 76.5813 0.00921631
      vertex 28.3921 76.4994 0.00921631
    endloop
  endfacet
  facet normal 0.216455 -0.976293 0
    outer loop
      vertex 28.7615 76.5813 0.00921631
      vertex 28.3921 76.4994 0
      vertex 28.7615 76.5813 0
    endloop
  endfacet
  facet normal 0.216455 -0.976293 0
    outer loop
      vertex 28.3921 76.4994 0.200001
      vertex 28.7615 76.5813 1
      vertex 28.3921 76.4994 1
    endloop
  endfacet
  facet normal 0.216455 -0.976293 0
    outer loop
      vertex 28.7615 76.5813 1
      vertex 28.3921 76.4994 0.200001
      vertex 28.7615 76.5813 0.200001
    endloop
  endfacet
  facet normal -0.88707 -0.461636 0
    outer loop
      vertex 22.5468 79.2251 0
      vertex 22.3721 79.5608 0.00921631
      vertex 22.3721 79.5608 0
    endloop
  endfacet
  facet normal -0.88707 -0.461636 0
    outer loop
      vertex 22.3721 79.5608 0.00921631
      vertex 22.5468 79.2251 0
      vertex 22.5468 79.2251 0.00921631
    endloop
  endfacet
  facet normal -0.88707 -0.461636 0
    outer loop
      vertex 22.5468 79.2251 0.200001
      vertex 22.3721 79.5608 1
      vertex 22.3721 79.5608 0.200001
    endloop
  endfacet
  facet normal -0.88707 -0.461636 0
    outer loop
      vertex 22.3721 79.5608 1
      vertex 22.5468 79.2251 0.200001
      vertex 22.5468 79.2251 1
    endloop
  endfacet
  facet normal 0.999049 -0.0436093 0
    outer loop
      vertex 29.6933 77.6918 1
      vertex 29.7098 78.0698 0.200001
      vertex 29.7098 78.0698 1
    endloop
  endfacet
  facet normal 0.999049 -0.0436093 0
    outer loop
      vertex 29.7098 78.0698 0.200001
      vertex 29.6933 77.6918 1
      vertex 29.6933 77.6918 0.200001
    endloop
  endfacet
  facet normal 0.999049 -0.0436093 0
    outer loop
      vertex 29.6933 77.6918 0.00921631
      vertex 29.7098 78.0698 0
      vertex 29.7098 78.0698 0.00921631
    endloop
  endfacet
  facet normal 0.999049 -0.0436093 0
    outer loop
      vertex 29.7098 78.0698 0
      vertex 29.6933 77.6918 0.00921631
      vertex 29.6933 77.6918 0
    endloop
  endfacet
  facet normal 0.53735 0.843359 -0
    outer loop
      vertex 29.1975 79.0539 0.200001
      vertex 28.8756 79.259 1
      vertex 29.1975 79.0539 1
    endloop
  endfacet
  facet normal 0.53735 0.843359 0
    outer loop
      vertex 28.8756 79.259 1
      vertex 29.1975 79.0539 0.200001
      vertex 28.8756 79.259 0.200001
    endloop
  endfacet
  facet normal 0.53735 0.843359 -0
    outer loop
      vertex 29.1975 79.0539 0
      vertex 28.8756 79.259 0.00921631
      vertex 29.1975 79.0539 0.00921631
    endloop
  endfacet
  facet normal 0.53735 0.843359 0
    outer loop
      vertex 28.8756 79.259 0.00921631
      vertex 29.1975 79.0539 0
      vertex 28.8756 79.259 0
    endloop
  endfacet
  facet normal 0.976293 0.216455 0
    outer loop
      vertex 29.7098 78.0698 1
      vertex 29.6279 78.4392 0.200001
      vertex 29.6279 78.4392 1
    endloop
  endfacet
  facet normal 0.976293 0.216455 0
    outer loop
      vertex 29.6279 78.4392 0.200001
      vertex 29.7098 78.0698 1
      vertex 29.7098 78.0698 0.200001
    endloop
  endfacet
  facet normal 0.976293 0.216455 0
    outer loop
      vertex 29.7098 78.0698 0.00921631
      vertex 29.6279 78.4392 0
      vertex 29.6279 78.4392 0.00921631
    endloop
  endfacet
  facet normal 0.976293 0.216455 0
    outer loop
      vertex 29.6279 78.4392 0
      vertex 29.7098 78.0698 0.00921631
      vertex 29.7098 78.0698 0
    endloop
  endfacet
  facet normal -0.53735 -0.843359 0
    outer loop
      vertex 22.8025 78.9461 0.200001
      vertex 23.1244 78.741 1
      vertex 22.8025 78.9461 1
    endloop
  endfacet
  facet normal -0.53735 -0.843359 -0
    outer loop
      vertex 23.1244 78.741 1
      vertex 22.8025 78.9461 0.200001
      vertex 23.1244 78.741 0.200001
    endloop
  endfacet
  facet normal -0.53735 -0.843359 0
    outer loop
      vertex 22.8025 78.9461 0
      vertex 23.1244 78.741 0.00921631
      vertex 22.8025 78.9461 0.00921631
    endloop
  endfacet
  facet normal -0.53735 -0.843359 -0
    outer loop
      vertex 23.1244 78.741 0.00921631
      vertex 22.8025 78.9461 0
      vertex 23.1244 78.741 0
    endloop
  endfacet
  facet normal -0.300705 -0.953717 0
    outer loop
      vertex 27.65 76.6307 0
      vertex 28.0141 76.5159 0.00921631
      vertex 27.65 76.6307 0.00921631
    endloop
  endfacet
  facet normal -0.300705 -0.953717 -0
    outer loop
      vertex 28.0141 76.5159 0.00921631
      vertex 27.65 76.6307 0
      vertex 28.0141 76.5159 0
    endloop
  endfacet
  facet normal -0.300705 -0.953717 0
    outer loop
      vertex 27.65 76.6307 0.200001
      vertex 28.0141 76.5159 1
      vertex 27.65 76.6307 1
    endloop
  endfacet
  facet normal -0.300705 -0.953717 -0
    outer loop
      vertex 28.0141 76.5159 1
      vertex 27.65 76.6307 0.200001
      vertex 28.0141 76.5159 0.200001
    endloop
  endfacet
  facet normal -0.675509 0.737352 0
    outer loop
      vertex 22.9028 81.2439 0
      vertex 22.6238 80.9883 0.00921631
      vertex 22.9028 81.2439 0.00921631
    endloop
  endfacet
  facet normal -0.675509 0.737352 0
    outer loop
      vertex 22.6238 80.9883 0.00921631
      vertex 22.9028 81.2439 0
      vertex 22.6238 80.9883 0
    endloop
  endfacet
  facet normal -0.675509 0.737352 0
    outer loop
      vertex 22.9028 81.2439 0.200001
      vertex 22.6238 80.9883 1
      vertex 22.9028 81.2439 1
    endloop
  endfacet
  facet normal -0.675509 0.737352 0
    outer loop
      vertex 22.6238 80.9883 1
      vertex 22.9028 81.2439 0.200001
      vertex 22.6238 80.9883 0.200001
    endloop
  endfacet
  facet normal -0.953734 0.300651 0
    outer loop
      vertex 22.3067 80.3082 0.200001
      vertex 22.4205 80.6692 1
      vertex 22.4205 80.6692 0.200001
    endloop
  endfacet
  facet normal -0.953734 0.300651 0
    outer loop
      vertex 22.4205 80.6692 1
      vertex 22.3067 80.3082 0.200001
      vertex 22.3067 80.3082 1
    endloop
  endfacet
  facet normal -0.953734 0.300651 0
    outer loop
      vertex 22.3067 80.3082 0
      vertex 22.4205 80.6692 0.00921631
      vertex 22.4205 80.6692 0
    endloop
  endfacet
  facet normal -0.953734 0.300651 0
    outer loop
      vertex 22.4205 80.6692 0.00921631
      vertex 22.3067 80.3082 0
      vertex 22.3067 80.3082 0.00921631
    endloop
  endfacet
  facet normal -0.461843 0.886961 0
    outer loop
      vertex 23.2385 81.4187 0
      vertex 22.9028 81.2439 0.00921631
      vertex 23.2385 81.4187 0.00921631
    endloop
  endfacet
  facet normal -0.461843 0.886961 0
    outer loop
      vertex 22.9028 81.2439 0.00921631
      vertex 23.2385 81.4187 0
      vertex 22.9028 81.2439 0
    endloop
  endfacet
  facet normal -0.461843 0.886961 0
    outer loop
      vertex 23.2385 81.4187 0.200001
      vertex 22.9028 81.2439 1
      vertex 23.2385 81.4187 1
    endloop
  endfacet
  facet normal -0.461843 0.886961 0
    outer loop
      vertex 22.9028 81.2439 1
      vertex 23.2385 81.4187 0.200001
      vertex 22.9028 81.2439 0.200001
    endloop
  endfacet
  facet normal -0.73722 -0.675653 0
    outer loop
      vertex 22.8025 78.9461 0.200001
      vertex 22.5468 79.2251 1
      vertex 22.5468 79.2251 0.200001
    endloop
  endfacet
  facet normal -0.73722 -0.675653 0
    outer loop
      vertex 22.5468 79.2251 1
      vertex 22.8025 78.9461 0.200001
      vertex 22.8025 78.9461 1
    endloop
  endfacet
  facet normal -0.73722 -0.675653 0
    outer loop
      vertex 22.8025 78.9461 0
      vertex 22.5468 79.2251 0.00921631
      vertex 22.5468 79.2251 0
    endloop
  endfacet
  facet normal -0.73722 -0.675653 0
    outer loop
      vertex 22.5468 79.2251 0.00921631
      vertex 22.8025 78.9461 0
      vertex 22.8025 78.9461 0.00921631
    endloop
  endfacet
  facet normal 0.953734 -0.300651 0
    outer loop
      vertex 29.5795 77.3308 1
      vertex 29.6933 77.6918 0.200001
      vertex 29.6933 77.6918 1
    endloop
  endfacet
  facet normal 0.953734 -0.300651 0
    outer loop
      vertex 29.6933 77.6918 0.200001
      vertex 29.5795 77.3308 1
      vertex 29.5795 77.3308 0.200001
    endloop
  endfacet
  facet normal 0.953734 -0.300651 0
    outer loop
      vertex 29.5795 77.3308 0.00921631
      vertex 29.6933 77.6918 0
      vertex 29.6933 77.6918 0.00921631
    endloop
  endfacet
  facet normal 0.953734 -0.300651 0
    outer loop
      vertex 29.6933 77.6918 0
      vertex 29.5795 77.3308 0.00921631
      vertex 29.5795 77.3308 0
    endloop
  endfacet
  facet normal 0.461843 -0.886961 0
    outer loop
      vertex 28.7615 76.5813 0
      vertex 29.0972 76.7561 0.00921631
      vertex 28.7615 76.5813 0.00921631
    endloop
  endfacet
  facet normal 0.461843 -0.886961 0
    outer loop
      vertex 29.0972 76.7561 0.00921631
      vertex 28.7615 76.5813 0
      vertex 29.0972 76.7561 0
    endloop
  endfacet
  facet normal 0.461843 -0.886961 0
    outer loop
      vertex 28.7615 76.5813 0.200001
      vertex 29.0972 76.7561 1
      vertex 28.7615 76.5813 1
    endloop
  endfacet
  facet normal 0.461843 -0.886961 0
    outer loop
      vertex 29.0972 76.7561 1
      vertex 28.7615 76.5813 0.200001
      vertex 29.0972 76.7561 0.200001
    endloop
  endfacet
  facet normal 0.0436093 0.999049 -0
    outer loop
      vertex 23.9859 81.4841 0
      vertex 23.6079 81.5006 0.00921631
      vertex 23.9859 81.4841 0.00921631
    endloop
  endfacet
  facet normal 0.0436093 0.999049 0
    outer loop
      vertex 23.6079 81.5006 0.00921631
      vertex 23.9859 81.4841 0
      vertex 23.6079 81.5006 0
    endloop
  endfacet
  facet normal 0.0436093 0.999049 -0
    outer loop
      vertex 23.9859 81.4841 0.200001
      vertex 23.6079 81.5006 1
      vertex 23.9859 81.4841 1
    endloop
  endfacet
  facet normal 0.0436093 0.999049 0
    outer loop
      vertex 23.6079 81.5006 1
      vertex 23.9859 81.4841 0.200001
      vertex 23.6079 81.5006 0.200001
    endloop
  endfacet
  facet normal -0.843378 0.53732 0
    outer loop
      vertex 22.4205 80.6692 0.200001
      vertex 22.6238 80.9883 1
      vertex 22.6238 80.9883 0.200001
    endloop
  endfacet
  facet normal -0.843378 0.53732 0
    outer loop
      vertex 22.6238 80.9883 1
      vertex 22.4205 80.6692 0.200001
      vertex 22.4205 80.6692 1
    endloop
  endfacet
  facet normal -0.843378 0.53732 0
    outer loop
      vertex 22.4205 80.6692 0
      vertex 22.6238 80.9883 0.00921631
      vertex 22.6238 80.9883 0
    endloop
  endfacet
  facet normal -0.843378 0.53732 0
    outer loop
      vertex 22.6238 80.9883 0.00921631
      vertex 22.4205 80.6692 0
      vertex 22.4205 80.6692 0.00921631
    endloop
  endfacet
  facet normal -0.976293 -0.216455 0
    outer loop
      vertex 22.3721 79.5608 0
      vertex 22.2902 79.9302 0.00921631
      vertex 22.2902 79.9302 0
    endloop
  endfacet
  facet normal -0.976293 -0.216455 0
    outer loop
      vertex 22.2902 79.9302 0.00921631
      vertex 22.3721 79.5608 0
      vertex 22.3721 79.5608 0.00921631
    endloop
  endfacet
  facet normal -0.976293 -0.216455 0
    outer loop
      vertex 22.3721 79.5608 0.200001
      vertex 22.2902 79.9302 1
      vertex 22.2902 79.9302 0.200001
    endloop
  endfacet
  facet normal -0.976293 -0.216455 0
    outer loop
      vertex 22.2902 79.9302 1
      vertex 22.3721 79.5608 0.200001
      vertex 22.3721 79.5608 1
    endloop
  endfacet
  facet normal 0.843378 -0.53732 0
    outer loop
      vertex 29.3762 77.0117 1
      vertex 29.5795 77.3308 0.200001
      vertex 29.5795 77.3308 1
    endloop
  endfacet
  facet normal 0.843378 -0.53732 0
    outer loop
      vertex 29.5795 77.3308 0.200001
      vertex 29.3762 77.0117 1
      vertex 29.3762 77.0117 0.200001
    endloop
  endfacet
  facet normal 0.843378 -0.53732 0
    outer loop
      vertex 29.3762 77.0117 0.00921631
      vertex 29.5795 77.3308 0
      vertex 29.5795 77.3308 0.00921631
    endloop
  endfacet
  facet normal 0.843378 -0.53732 0
    outer loop
      vertex 29.5795 77.3308 0
      vertex 29.3762 77.0117 0.00921631
      vertex 29.3762 77.0117 0
    endloop
  endfacet
  facet normal 0.88707 0.461636 0
    outer loop
      vertex 43.6279 78.4392 1
      vertex 43.4532 78.7749 0.200001
      vertex 43.4532 78.7749 1
    endloop
  endfacet
  facet normal 0.88707 0.461636 0
    outer loop
      vertex 43.4532 78.7749 0.200001
      vertex 43.6279 78.4392 1
      vertex 43.6279 78.4392 0.200001
    endloop
  endfacet
  facet normal 0.88707 0.461636 0
    outer loop
      vertex 43.6279 78.4392 0.00921631
      vertex 43.4532 78.7749 0
      vertex 43.4532 78.7749 0.00921631
    endloop
  endfacet
  facet normal 0.88707 0.461636 0
    outer loop
      vertex 43.4532 78.7749 0
      vertex 43.6279 78.4392 0.00921631
      vertex 43.6279 78.4392 0
    endloop
  endfacet
  facet normal 0.422615 0.906309 -0
    outer loop
      vertex 42.8756 79.259 0.200001
      vertex 38.35 81.3693 1
      vertex 42.8756 79.259 1
    endloop
  endfacet
  facet normal 0.422615 0.906309 0
    outer loop
      vertex 38.35 81.3693 1
      vertex 42.8756 79.259 0.200001
      vertex 38.35 81.3693 0.200001
    endloop
  endfacet
  facet normal 0.422615 0.906309 -0
    outer loop
      vertex 42.8756 79.259 0
      vertex 38.35 81.3693 0.00921631
      vertex 42.8756 79.259 0.00921631
    endloop
  endfacet
  facet normal 0.422615 0.906309 0
    outer loop
      vertex 38.35 81.3693 0.00921631
      vertex 42.8756 79.259 0
      vertex 38.35 81.3693 0
    endloop
  endfacet
  facet normal 0.300705 0.953717 -0
    outer loop
      vertex 38.35 81.3693 0.200001
      vertex 37.9859 81.4841 1
      vertex 38.35 81.3693 1
    endloop
  endfacet
  facet normal 0.300705 0.953717 0
    outer loop
      vertex 37.9859 81.4841 1
      vertex 38.35 81.3693 0.200001
      vertex 37.9859 81.4841 0.200001
    endloop
  endfacet
  facet normal 0.300705 0.953717 -0
    outer loop
      vertex 38.35 81.3693 0
      vertex 37.9859 81.4841 0.00921631
      vertex 38.35 81.3693 0.00921631
    endloop
  endfacet
  facet normal 0.300705 0.953717 0
    outer loop
      vertex 37.9859 81.4841 0.00921631
      vertex 38.35 81.3693 0
      vertex 37.9859 81.4841 0
    endloop
  endfacet
  facet normal 0.73722 0.675653 0
    outer loop
      vertex 43.4532 78.7749 1
      vertex 43.1975 79.0539 0.200001
      vertex 43.1975 79.0539 1
    endloop
  endfacet
  facet normal 0.73722 0.675653 0
    outer loop
      vertex 43.1975 79.0539 0.200001
      vertex 43.4532 78.7749 1
      vertex 43.4532 78.7749 0.200001
    endloop
  endfacet
  facet normal 0.73722 0.675653 0
    outer loop
      vertex 43.4532 78.7749 0.00921631
      vertex 43.1975 79.0539 0
      vertex 43.1975 79.0539 0.00921631
    endloop
  endfacet
  facet normal 0.73722 0.675653 0
    outer loop
      vertex 43.1975 79.0539 0
      vertex 43.4532 78.7749 0.00921631
      vertex 43.4532 78.7749 0
    endloop
  endfacet
  facet normal -0.216399 0.976305 0
    outer loop
      vertex 37.6079 81.5006 0
      vertex 37.2384 81.4187 0.00921631
      vertex 37.6079 81.5006 0.00921631
    endloop
  endfacet
  facet normal -0.216399 0.976305 0
    outer loop
      vertex 37.2384 81.4187 0.00921631
      vertex 37.6079 81.5006 0
      vertex 37.2384 81.4187 0
    endloop
  endfacet
  facet normal -0.216399 0.976305 0
    outer loop
      vertex 37.6079 81.5006 0.200001
      vertex 37.2384 81.4187 1
      vertex 37.6079 81.5006 1
    endloop
  endfacet
  facet normal -0.216399 0.976305 0
    outer loop
      vertex 37.2384 81.4187 1
      vertex 37.6079 81.5006 0.200001
      vertex 37.2384 81.4187 0.200001
    endloop
  endfacet
  facet normal 0.675509 -0.737352 0
    outer loop
      vertex 43.0972 76.7561 0
      vertex 43.3762 77.0117 0.00921631
      vertex 43.0972 76.7561 0.00921631
    endloop
  endfacet
  facet normal 0.675509 -0.737352 0
    outer loop
      vertex 43.3762 77.0117 0.00921631
      vertex 43.0972 76.7561 0
      vertex 43.3762 77.0117 0
    endloop
  endfacet
  facet normal 0.675509 -0.737352 0
    outer loop
      vertex 43.0972 76.7561 0.200001
      vertex 43.3762 77.0117 1
      vertex 43.0972 76.7561 1
    endloop
  endfacet
  facet normal 0.675509 -0.737352 0
    outer loop
      vertex 43.3762 77.0117 1
      vertex 43.0972 76.7561 0.200001
      vertex 43.3762 77.0117 0.200001
    endloop
  endfacet
  facet normal -0.422615 -0.906309 0
    outer loop
      vertex 37.1244 78.741 0.200001
      vertex 41.65 76.6307 1
      vertex 37.1244 78.741 1
    endloop
  endfacet
  facet normal -0.422615 -0.906309 -0
    outer loop
      vertex 41.65 76.6307 1
      vertex 37.1244 78.741 0.200001
      vertex 41.65 76.6307 0.200001
    endloop
  endfacet
  facet normal -0.422615 -0.906309 0
    outer loop
      vertex 37.1244 78.741 0
      vertex 41.65 76.6307 0.00921631
      vertex 37.1244 78.741 0.00921631
    endloop
  endfacet
  facet normal -0.422615 -0.906309 -0
    outer loop
      vertex 41.65 76.6307 0.00921631
      vertex 37.1244 78.741 0
      vertex 41.65 76.6307 0
    endloop
  endfacet
  facet normal -0.999049 0.0436093 0
    outer loop
      vertex 36.2902 79.9302 0
      vertex 36.3067 80.3082 0.00921631
      vertex 36.3067 80.3082 0
    endloop
  endfacet
  facet normal -0.999049 0.0436093 0
    outer loop
      vertex 36.3067 80.3082 0.00921631
      vertex 36.2902 79.9302 0
      vertex 36.2902 79.9302 0.00921631
    endloop
  endfacet
  facet normal -0.999049 0.0436093 0
    outer loop
      vertex 36.2902 79.9302 0.200001
      vertex 36.3067 80.3082 1
      vertex 36.3067 80.3082 0.200001
    endloop
  endfacet
  facet normal -0.999049 0.0436093 0
    outer loop
      vertex 36.3067 80.3082 1
      vertex 36.2902 79.9302 0.200001
      vertex 36.2902 79.9302 1
    endloop
  endfacet
  facet normal -0.0436093 -0.999049 0
    outer loop
      vertex 42.0141 76.5159 0.200001
      vertex 42.3921 76.4994 1
      vertex 42.0141 76.5159 1
    endloop
  endfacet
  facet normal -0.0436093 -0.999049 -0
    outer loop
      vertex 42.3921 76.4994 1
      vertex 42.0141 76.5159 0.200001
      vertex 42.3921 76.4994 0.200001
    endloop
  endfacet
  facet normal -0.0436093 -0.999049 0
    outer loop
      vertex 42.0141 76.5159 0
      vertex 42.3921 76.4994 0.00921631
      vertex 42.0141 76.5159 0.00921631
    endloop
  endfacet
  facet normal -0.0436093 -0.999049 -0
    outer loop
      vertex 42.3921 76.4994 0.00921631
      vertex 42.0141 76.5159 0
      vertex 42.3921 76.4994 0
    endloop
  endfacet
  facet normal 0 0 -1
    outer loop
      vertex 43.6933 77.6918 0
      vertex 43.6279 78.4392 0
      vertex 43.7098 78.0698 0
    endloop
  endfacet
  facet normal 0 0 -1
    outer loop
      vertex 43.5795 77.3308 0
      vertex 43.6279 78.4392 0
      vertex 43.6933 77.6918 0
    endloop
  endfacet
  facet normal 0 0 -1
    outer loop
      vertex 43.5795 77.3308 0
      vertex 43.4532 78.7749 0
      vertex 43.6279 78.4392 0
    endloop
  endfacet
  facet normal 0 0 -1
    outer loop
      vertex 43.3762 77.0117 0
      vertex 43.4532 78.7749 0
      vertex 43.5795 77.3308 0
    endloop
  endfacet
  facet normal 0 0 -1
    outer loop
      vertex 43.3762 77.0117 0
      vertex 43.1975 79.0539 0
      vertex 43.4532 78.7749 0
    endloop
  endfacet
  facet normal 0 0 -1
    outer loop
      vertex 43.0972 76.7561 0
      vertex 43.1975 79.0539 0
      vertex 43.3762 77.0117 0
    endloop
  endfacet
  facet normal 0 0 -1
    outer loop
      vertex 43.0972 76.7561 0
      vertex 42.8756 79.259 0
      vertex 43.1975 79.0539 0
    endloop
  endfacet
  facet normal 0 0 -1
    outer loop
      vertex 42.7615 76.5813 0
      vertex 42.8756 79.259 0
      vertex 43.0972 76.7561 0
    endloop
  endfacet
  facet normal 0 0 -1
    outer loop
      vertex 42.3921 76.4994 0
      vertex 42.8756 79.259 0
      vertex 42.7615 76.5813 0
    endloop
  endfacet
  facet normal 0 0 -1
    outer loop
      vertex 42.0141 76.5159 0
      vertex 42.8756 79.259 0
      vertex 42.3921 76.4994 0
    endloop
  endfacet
  facet normal 0 0 -1
    outer loop
      vertex 41.65 76.6307 0
      vertex 42.8756 79.259 0
      vertex 42.0141 76.5159 0
    endloop
  endfacet
  facet normal 0 0 -1
    outer loop
      vertex 41.65 76.6307 0
      vertex 38.35 81.3693 0
      vertex 42.8756 79.259 0
    endloop
  endfacet
  facet normal 0 0 -1
    outer loop
      vertex 37.1244 78.741 0
      vertex 38.35 81.3693 0
      vertex 41.65 76.6307 0
    endloop
  endfacet
  facet normal -0 0 -1
    outer loop
      vertex 38.35 81.3693 0
      vertex 37.1244 78.741 0
      vertex 37.9859 81.4841 0
    endloop
  endfacet
  facet normal -0 0 -1
    outer loop
      vertex 37.9859 81.4841 0
      vertex 37.1244 78.741 0
      vertex 37.6079 81.5006 0
    endloop
  endfacet
  facet normal 0 0 -1
    outer loop
      vertex 37.6079 81.5006 0
      vertex 37.1244 78.741 0
      vertex 37.2384 81.4187 0
    endloop
  endfacet
  facet normal 0 0 -1
    outer loop
      vertex 37.1244 78.741 0
      vertex 36.9028 81.2439 0
      vertex 37.2384 81.4187 0
    endloop
  endfacet
  facet normal 0 0 -1
    outer loop
      vertex 36.8025 78.9461 0
      vertex 36.9028 81.2439 0
      vertex 37.1244 78.741 0
    endloop
  endfacet
  facet normal 0 0 -1
    outer loop
      vertex 36.8025 78.9461 0
      vertex 36.6238 80.9883 0
      vertex 36.9028 81.2439 0
    endloop
  endfacet
  facet normal 0 0 -1
    outer loop
      vertex 36.5468 79.2251 0
      vertex 36.6238 80.9883 0
      vertex 36.8025 78.9461 0
    endloop
  endfacet
  facet normal 0 0 -1
    outer loop
      vertex 36.5468 79.2251 0
      vertex 36.4205 80.6692 0
      vertex 36.6238 80.9883 0
    endloop
  endfacet
  facet normal 0 0 -1
    outer loop
      vertex 36.3721 79.5608 0
      vertex 36.4205 80.6692 0
      vertex 36.5468 79.2251 0
    endloop
  endfacet
  facet normal 0 0 -1
    outer loop
      vertex 36.3721 79.5608 0
      vertex 36.3067 80.3082 0
      vertex 36.4205 80.6692 0
    endloop
  endfacet
  facet normal 0 -0 -1
    outer loop
      vertex 36.3067 80.3082 0
      vertex 36.3721 79.5608 0
      vertex 36.2902 79.9302 0
    endloop
  endfacet
  facet normal 0.216455 -0.976293 0
    outer loop
      vertex 42.3921 76.4994 0.200001
      vertex 42.7615 76.5813 1
      vertex 42.3921 76.4994 1
    endloop
  endfacet
  facet normal 0.216455 -0.976293 0
    outer loop
      vertex 42.7615 76.5813 1
      vertex 42.3921 76.4994 0.200001
      vertex 42.7615 76.5813 0.200001
    endloop
  endfacet
  facet normal 0.216455 -0.976293 0
    outer loop
      vertex 42.3921 76.4994 0
      vertex 42.7615 76.5813 0.00921631
      vertex 42.3921 76.4994 0.00921631
    endloop
  endfacet
  facet normal 0.216455 -0.976293 0
    outer loop
      vertex 42.7615 76.5813 0.00921631
      vertex 42.3921 76.4994 0
      vertex 42.7615 76.5813 0
    endloop
  endfacet
  facet normal -0.88707 -0.461636 0
    outer loop
      vertex 36.5468 79.2251 0.200001
      vertex 36.3721 79.5608 1
      vertex 36.3721 79.5608 0.200001
    endloop
  endfacet
  facet normal -0.88707 -0.461636 0
    outer loop
      vertex 36.3721 79.5608 1
      vertex 36.5468 79.2251 0.200001
      vertex 36.5468 79.2251 1
    endloop
  endfacet
  facet normal -0.88707 -0.461636 0
    outer loop
      vertex 36.5468 79.2251 0
      vertex 36.3721 79.5608 0.00921631
      vertex 36.3721 79.5608 0
    endloop
  endfacet
  facet normal -0.88707 -0.461636 0
    outer loop
      vertex 36.3721 79.5608 0.00921631
      vertex 36.5468 79.2251 0
      vertex 36.5468 79.2251 0.00921631
    endloop
  endfacet
  facet normal 0.999049 -0.0436093 0
    outer loop
      vertex 43.6933 77.6918 1
      vertex 43.7098 78.0698 0.200001
      vertex 43.7098 78.0698 1
    endloop
  endfacet
  facet normal 0.999049 -0.0436093 0
    outer loop
      vertex 43.7098 78.0698 0.200001
      vertex 43.6933 77.6918 1
      vertex 43.6933 77.6918 0.200001
    endloop
  endfacet
  facet normal 0.999049 -0.0436093 0
    outer loop
      vertex 43.6933 77.6918 0.00921631
      vertex 43.7098 78.0698 0
      vertex 43.7098 78.0698 0.00921631
    endloop
  endfacet
  facet normal 0.999049 -0.0436093 0
    outer loop
      vertex 43.7098 78.0698 0
      vertex 43.6933 77.6918 0.00921631
      vertex 43.6933 77.6918 0
    endloop
  endfacet
  facet normal 0.53735 0.843359 -0
    outer loop
      vertex 43.1975 79.0539 0.200001
      vertex 42.8756 79.259 1
      vertex 43.1975 79.0539 1
    endloop
  endfacet
  facet normal 0.53735 0.843359 0
    outer loop
      vertex 42.8756 79.259 1
      vertex 43.1975 79.0539 0.200001
      vertex 42.8756 79.259 0.200001
    endloop
  endfacet
  facet normal 0.53735 0.843359 -0
    outer loop
      vertex 43.1975 79.0539 0
      vertex 42.8756 79.259 0.00921631
      vertex 43.1975 79.0539 0.00921631
    endloop
  endfacet
  facet normal 0.53735 0.843359 0
    outer loop
      vertex 42.8756 79.259 0.00921631
      vertex 43.1975 79.0539 0
      vertex 42.8756 79.259 0
    endloop
  endfacet
  facet normal 0.976293 0.216455 0
    outer loop
      vertex 43.7098 78.0698 1
      vertex 43.6279 78.4392 0.200001
      vertex 43.6279 78.4392 1
    endloop
  endfacet
  facet normal 0.976293 0.216455 0
    outer loop
      vertex 43.6279 78.4392 0.200001
      vertex 43.7098 78.0698 1
      vertex 43.7098 78.0698 0.200001
    endloop
  endfacet
  facet normal 0.976293 0.216455 0
    outer loop
      vertex 43.7098 78.0698 0.00921631
      vertex 43.6279 78.4392 0
      vertex 43.6279 78.4392 0.00921631
    endloop
  endfacet
  facet normal 0.976293 0.216455 0
    outer loop
      vertex 43.6279 78.4392 0
      vertex 43.7098 78.0698 0.00921631
      vertex 43.7098 78.0698 0
    endloop
  endfacet
  facet normal -0.53735 -0.843359 0
    outer loop
      vertex 36.8025 78.9461 0
      vertex 37.1244 78.741 0.00921631
      vertex 36.8025 78.9461 0.00921631
    endloop
  endfacet
  facet normal -0.53735 -0.843359 -0
    outer loop
      vertex 37.1244 78.741 0.00921631
      vertex 36.8025 78.9461 0
      vertex 37.1244 78.741 0
    endloop
  endfacet
  facet normal -0.53735 -0.843359 0
    outer loop
      vertex 36.8025 78.9461 0.200001
      vertex 37.1244 78.741 1
      vertex 36.8025 78.9461 1
    endloop
  endfacet
  facet normal -0.53735 -0.843359 -0
    outer loop
      vertex 37.1244 78.741 1
      vertex 36.8025 78.9461 0.200001
      vertex 37.1244 78.741 0.200001
    endloop
  endfacet
  facet normal -0.300705 -0.953717 0
    outer loop
      vertex 41.65 76.6307 0.200001
      vertex 42.0141 76.5159 1
      vertex 41.65 76.6307 1
    endloop
  endfacet
  facet normal -0.300705 -0.953717 -0
    outer loop
      vertex 42.0141 76.5159 1
      vertex 41.65 76.6307 0.200001
      vertex 42.0141 76.5159 0.200001
    endloop
  endfacet
  facet normal -0.300705 -0.953717 0
    outer loop
      vertex 41.65 76.6307 0
      vertex 42.0141 76.5159 0.00921631
      vertex 41.65 76.6307 0.00921631
    endloop
  endfacet
  facet normal -0.300705 -0.953717 -0
    outer loop
      vertex 42.0141 76.5159 0.00921631
      vertex 41.65 76.6307 0
      vertex 42.0141 76.5159 0
    endloop
  endfacet
  facet normal -0.675509 0.737352 0
    outer loop
      vertex 36.9028 81.2439 0
      vertex 36.6238 80.9883 0.00921631
      vertex 36.9028 81.2439 0.00921631
    endloop
  endfacet
  facet normal -0.675509 0.737352 0
    outer loop
      vertex 36.6238 80.9883 0.00921631
      vertex 36.9028 81.2439 0
      vertex 36.6238 80.9883 0
    endloop
  endfacet
  facet normal -0.675509 0.737352 0
    outer loop
      vertex 36.9028 81.2439 0.200001
      vertex 36.6238 80.9883 1
      vertex 36.9028 81.2439 1
    endloop
  endfacet
  facet normal -0.675509 0.737352 0
    outer loop
      vertex 36.6238 80.9883 1
      vertex 36.9028 81.2439 0.200001
      vertex 36.6238 80.9883 0.200001
    endloop
  endfacet
  facet normal -0.953734 0.300651 0
    outer loop
      vertex 36.3067 80.3082 0.200001
      vertex 36.4205 80.6692 1
      vertex 36.4205 80.6692 0.200001
    endloop
  endfacet
  facet normal -0.953734 0.300651 0
    outer loop
      vertex 36.4205 80.6692 1
      vertex 36.3067 80.3082 0.200001
      vertex 36.3067 80.3082 1
    endloop
  endfacet
  facet normal -0.953734 0.300651 0
    outer loop
      vertex 36.3067 80.3082 0
      vertex 36.4205 80.6692 0.00921631
      vertex 36.4205 80.6692 0
    endloop
  endfacet
  facet normal -0.953734 0.300651 0
    outer loop
      vertex 36.4205 80.6692 0.00921631
      vertex 36.3067 80.3082 0
      vertex 36.3067 80.3082 0.00921631
    endloop
  endfacet
  facet normal -0.461952 0.886905 0
    outer loop
      vertex 37.2384 81.4187 0.200001
      vertex 36.9028 81.2439 1
      vertex 37.2384 81.4187 1
    endloop
  endfacet
  facet normal -0.461952 0.886905 0
    outer loop
      vertex 36.9028 81.2439 1
      vertex 37.2384 81.4187 0.200001
      vertex 36.9028 81.2439 0.200001
    endloop
  endfacet
  facet normal -0.461952 0.886905 0
    outer loop
      vertex 37.2384 81.4187 0
      vertex 36.9028 81.2439 0.00921631
      vertex 37.2384 81.4187 0.00921631
    endloop
  endfacet
  facet normal -0.461952 0.886905 0
    outer loop
      vertex 36.9028 81.2439 0.00921631
      vertex 37.2384 81.4187 0
      vertex 36.9028 81.2439 0
    endloop
  endfacet
  facet normal -0.73722 -0.675653 0
    outer loop
      vertex 36.8025 78.9461 0
      vertex 36.5468 79.2251 0.00921631
      vertex 36.5468 79.2251 0
    endloop
  endfacet
  facet normal -0.73722 -0.675653 0
    outer loop
      vertex 36.5468 79.2251 0.00921631
      vertex 36.8025 78.9461 0
      vertex 36.8025 78.9461 0.00921631
    endloop
  endfacet
  facet normal -0.73722 -0.675653 0
    outer loop
      vertex 36.8025 78.9461 0.200001
      vertex 36.5468 79.2251 1
      vertex 36.5468 79.2251 0.200001
    endloop
  endfacet
  facet normal -0.73722 -0.675653 0
    outer loop
      vertex 36.5468 79.2251 1
      vertex 36.8025 78.9461 0.200001
      vertex 36.8025 78.9461 1
    endloop
  endfacet
  facet normal 0.953734 -0.300651 0
    outer loop
      vertex 43.5795 77.3308 1
      vertex 43.6933 77.6918 0.200001
      vertex 43.6933 77.6918 1
    endloop
  endfacet
  facet normal 0.953734 -0.300651 0
    outer loop
      vertex 43.6933 77.6918 0.200001
      vertex 43.5795 77.3308 1
      vertex 43.5795 77.3308 0.200001
    endloop
  endfacet
  facet normal 0.953734 -0.300651 0
    outer loop
      vertex 43.5795 77.3308 0.00921631
      vertex 43.6933 77.6918 0
      vertex 43.6933 77.6918 0.00921631
    endloop
  endfacet
  facet normal 0.953734 -0.300651 0
    outer loop
      vertex 43.6933 77.6918 0
      vertex 43.5795 77.3308 0.00921631
      vertex 43.5795 77.3308 0
    endloop
  endfacet
  facet normal 0.461843 -0.886961 0
    outer loop
      vertex 42.7615 76.5813 0
      vertex 43.0972 76.7561 0.00921631
      vertex 42.7615 76.5813 0.00921631
    endloop
  endfacet
  facet normal 0.461843 -0.886961 0
    outer loop
      vertex 43.0972 76.7561 0.00921631
      vertex 42.7615 76.5813 0
      vertex 43.0972 76.7561 0
    endloop
  endfacet
  facet normal 0.461843 -0.886961 0
    outer loop
      vertex 42.7615 76.5813 0.200001
      vertex 43.0972 76.7561 1
      vertex 42.7615 76.5813 1
    endloop
  endfacet
  facet normal 0.461843 -0.886961 0
    outer loop
      vertex 43.0972 76.7561 1
      vertex 42.7615 76.5813 0.200001
      vertex 43.0972 76.7561 0.200001
    endloop
  endfacet
  facet normal 0.0436093 0.999049 -0
    outer loop
      vertex 37.9859 81.4841 0
      vertex 37.6079 81.5006 0.00921631
      vertex 37.9859 81.4841 0.00921631
    endloop
  endfacet
  facet normal 0.0436093 0.999049 0
    outer loop
      vertex 37.6079 81.5006 0.00921631
      vertex 37.9859 81.4841 0
      vertex 37.6079 81.5006 0
    endloop
  endfacet
  facet normal 0.0436093 0.999049 -0
    outer loop
      vertex 37.9859 81.4841 0.200001
      vertex 37.6079 81.5006 1
      vertex 37.9859 81.4841 1
    endloop
  endfacet
  facet normal 0.0436093 0.999049 0
    outer loop
      vertex 37.6079 81.5006 1
      vertex 37.9859 81.4841 0.200001
      vertex 37.6079 81.5006 0.200001
    endloop
  endfacet
  facet normal -0.843378 0.53732 0
    outer loop
      vertex 36.4205 80.6692 0.200001
      vertex 36.6238 80.9883 1
      vertex 36.6238 80.9883 0.200001
    endloop
  endfacet
  facet normal -0.843378 0.53732 0
    outer loop
      vertex 36.6238 80.9883 1
      vertex 36.4205 80.6692 0.200001
      vertex 36.4205 80.6692 1
    endloop
  endfacet
  facet normal -0.843378 0.53732 0
    outer loop
      vertex 36.4205 80.6692 0
      vertex 36.6238 80.9883 0.00921631
      vertex 36.6238 80.9883 0
    endloop
  endfacet
  facet normal -0.843378 0.53732 0
    outer loop
      vertex 36.6238 80.9883 0.00921631
      vertex 36.4205 80.6692 0
      vertex 36.4205 80.6692 0.00921631
    endloop
  endfacet
  facet normal -0.976293 -0.216455 0
    outer loop
      vertex 36.3721 79.5608 0.200001
      vertex 36.2902 79.9302 1
      vertex 36.2902 79.9302 0.200001
    endloop
  endfacet
  facet normal -0.976293 -0.216455 0
    outer loop
      vertex 36.2902 79.9302 1
      vertex 36.3721 79.5608 0.200001
      vertex 36.3721 79.5608 1
    endloop
  endfacet
  facet normal -0.976293 -0.216455 0
    outer loop
      vertex 36.3721 79.5608 0
      vertex 36.2902 79.9302 0.00921631
      vertex 36.2902 79.9302 0
    endloop
  endfacet
  facet normal -0.976293 -0.216455 0
    outer loop
      vertex 36.2902 79.9302 0.00921631
      vertex 36.3721 79.5608 0
      vertex 36.3721 79.5608 0.00921631
    endloop
  endfacet
  facet normal 0.843378 -0.53732 0
    outer loop
      vertex 43.3762 77.0117 0.00921631
      vertex 43.5795 77.3308 0
      vertex 43.5795 77.3308 0.00921631
    endloop
  endfacet
  facet normal 0.843378 -0.53732 0
    outer loop
      vertex 43.5795 77.3308 0
      vertex 43.3762 77.0117 0.00921631
      vertex 43.3762 77.0117 0
    endloop
  endfacet
  facet normal 0.843378 -0.53732 0
    outer loop
      vertex 43.3762 77.0117 1
      vertex 43.5795 77.3308 0.200001
      vertex 43.5795 77.3308 1
    endloop
  endfacet
  facet normal 0.843378 -0.53732 0
    outer loop
      vertex 43.5795 77.3308 0.200001
      vertex 43.3762 77.0117 1
      vertex 43.3762 77.0117 0.200001
    endloop
  endfacet
endsolid OpenSCAD_Model
